airfoil,reynolds,mach,alpha,CL,CD,CDp,CM
goe590,50000,0.0,-5.0,-0.3106,0.07246,0.04677,-0.0164
goe590,50000,0.0,-4.5,-0.2776,0.0779,0.03994,-0.0153
goe590,50000,0.0,-4.0,-0.2996,0.06597,0.03834,-0.0136
goe590,50000,0.0,-3.5,-0.3067,0.05724,0.03433,-0.0075
goe590,50000,0.0,-3.0,-0.2455,0.04915,0.02677,-0.0143
goe590,50000,0.0,-2.5,-0.2011,0.03858,0.01893,-0.0124
goe590,50000,0.0,-1.5,0.0843,0.02705,0.00699,-0.0449
goe590,50000,0.0,-1.0,0.1535,0.02586,0.00568,-0.0482
goe590,50000,0.0,-0.5,0.2307,0.02428,0.00544,-0.0544
goe590,50000,0.0,0.0,0.2904,0.0243,0.00609,-0.058
goe590,50000,0.0,0.5,0.3362,0.02539,0.00728,-0.0596
goe590,50000,0.0,1.0,0.363,0.02743,0.0088,-0.058
goe590,50000,0.0,1.5,0.4635,0.02709,0.01077,-0.0722
goe590,50000,0.0,2.0,0.4805,0.02911,0.01278,-0.0686
goe590,50000,0.0,2.5,0.5062,0.03134,0.01495,-0.0667
goe590,50000,0.0,3.0,0.5256,0.03413,0.01732,-0.0645
goe590,50000,0.0,3.5,0.5712,0.03613,0.01905,-0.0653
goe590,50000,0.0,4.0,0.6167,0.03901,0.02076,-0.0663
goe590,50000,0.0,4.5,0.6215,0.04333,0.0235,-0.0629
goe590,50000,0.0,5.0,0.6204,0.04728,0.02621,-0.0589
goe590,50000,0.0,5.5,0.6227,0.05089,0.02889,-0.0556
goe590,50000,0.0,6.0,0.636,0.05489,0.03154,-0.0538
goe590,50000,0.0,6.5,0.7032,0.05022,0.0288,-0.0482
goe590,50000,0.0,7.5,0.5758,0.08602,0.04497,-0.0485
goe590,50000,0.0,8.5,0.9769,0.05787,0.02086,-0.0083
goe590,50000,0.0,9.0,0.9411,0.06423,0.02739,-0.0019
goe590,50000,0.0,9.5,0.8975,0.07071,0.03365,0.0025
goe590,50000,0.0,10.0,0.8567,0.07946,0.04245,0.0014
goe590,50000,0.0,10.5,0.8203,0.09071,0.05413,-0.0035
goe590,50000,0.0,11.0,0.7918,0.1041,0.06822,-0.0103
goe590,50000,0.0,11.5,0.7844,0.11874,0.0831,-0.0164
goe590,50000,0.0,12.0,0.753,0.13283,0.09779,-0.0244
goe590,50000,0.0,12.5,0.7201,0.14361,0.1141,-0.0346
goe590,50000,0.0,13.0,0.6745,0.16393,0.12,-0.0532
goe590,50000,0.0,13.5,0.6783,0.17014,0.12894,-0.0576
goe590,50000,0.0,14.0,0.6891,0.17721,0.13795,-0.061
goe590,50000,0.0,14.5,0.7133,0.18678,0.14725,-0.0627
goe590,50000,0.0,15.0,0.757,0.23073,0.16048,-0.0641
goe590,100000,0.0,-5.0,-0.1999,0.06724,0.03647,-0.0439
goe590,100000,0.0,-4.5,-0.1691,0.05336,0.03118,-0.0449
goe590,100000,0.0,-4.0,-0.0969,0.05439,0.02319,-0.0473
goe590,100000,0.0,-3.5,-0.0777,0.03989,0.0196,-0.0475
goe590,100000,0.0,-3.0,-0.0319,0.03397,0.01448,-0.0462
goe590,100000,0.0,-2.5,0.02,0.02824,0.00935,-0.0447
goe590,100000,0.0,-2.0,0.0779,0.02467,0.00528,-0.0436
goe590,100000,0.0,-1.5,0.1306,0.00982,0.00123,-0.041
goe590,100000,0.0,-1.0,0.1827,0.00804,5e-05,-0.0413
goe590,100000,0.0,-0.5,0.2353,0.00676,-0.00082,-0.0414
goe590,100000,0.0,0.0,0.2859,0.00609,-0.00107,-0.0416
goe590,100000,0.0,0.5,0.3355,0.00568,-0.00081,-0.042
goe590,100000,0.0,1.0,0.3854,0.00533,-0.00046,-0.0427
goe590,100000,0.0,1.5,0.4363,0.00527,0.00018,-0.044
goe590,100000,0.0,2.0,0.4873,0.0055,0.00103,-0.0457
goe590,100000,0.0,2.5,0.5366,0.00598,0.00204,-0.0474
goe590,100000,0.0,3.0,0.5836,0.00684,0.00343,-0.0491
goe590,100000,0.0,3.5,0.6519,0.0066,0.00445,-0.055
goe590,100000,0.0,4.0,0.696,0.00681,0.00423,-0.0537
goe590,100000,0.0,4.5,0.7407,0.00715,0.00399,-0.0526
goe590,100000,0.0,5.0,0.7881,0.00657,0.00146,-0.0492
goe590,100000,0.0,5.5,0.7991,0.00872,-0.00048,-0.0411
goe590,100000,0.0,6.0,0.8169,0.01206,0.00014,-0.0349
goe590,100000,0.0,6.5,0.849,0.01723,0.00058,-0.029
goe590,100000,0.0,7.0,0.9337,0.03306,0.00462,-0.0271
goe590,100000,0.0,7.5,0.9746,0.04077,0.01149,-0.0186
goe590,100000,0.0,8.0,0.9528,0.04961,0.02086,-0.0119
goe590,100000,0.0,8.5,0.906,0.05651,0.0271,-0.0049
goe590,100000,0.0,9.0,0.8619,0.06462,0.0345,-0.0029
goe590,100000,0.0,9.5,0.8232,0.07622,0.04573,-0.0073
goe590,100000,0.0,10.0,0.7878,0.09018,0.05928,-0.0139
goe590,100000,0.0,10.5,0.7525,0.10649,0.07174,-0.0193
goe590,100000,0.0,12.0,0.7461,0.13159,0.09933,-0.0256
goe590,100000,0.0,13.5,0.7522,0.15337,0.12393,-0.0292
goe590,100000,0.0,14.0,0.7642,0.16019,0.13124,-0.0291
goe590,100000,0.0,14.5,0.7768,0.17885,0.13878,-0.0288
goe590,100000,0.0,15.0,0.775,0.17841,0.15015,-0.0329
goe590,200000,0.0,-5.0,-0.1914,0.05601,0.03304,-0.0439
goe590,200000,0.0,-4.5,-0.1584,0.05016,0.02789,-0.0449
goe590,200000,0.0,-4.0,-0.098,0.04779,0.02008,-0.0461
goe590,200000,0.0,-3.5,-0.0665,0.03679,0.01483,-0.0458
goe590,200000,0.0,-3.0,-0.0251,0.03084,0.01114,-0.0445
goe590,200000,0.0,-2.5,0.0315,0.02236,0.0021,-0.0411
goe590,200000,0.0,-2.0,0.0857,0.01808,-0.00202,-0.0389
goe590,200000,0.0,-1.5,0.1328,0.01873,-0.00014,-0.0398
goe590,200000,0.0,-1.0,0.1778,0.01719,-0.00109,-0.0391
goe590,200000,0.0,-0.5,0.2269,0.01614,-0.00166,-0.0388
goe590,200000,0.0,0.0,0.2761,0.01548,-0.00161,-0.0389
goe590,200000,0.0,0.5,0.3248,0.01523,-0.00114,-0.0392
goe590,200000,0.0,1.0,0.373,0.01503,-0.00066,-0.0395
goe590,200000,0.0,1.5,0.4338,0.0128,-0.00068,-0.0412
goe590,200000,0.0,2.0,0.4864,0.01228,-0.00029,-0.0423
goe590,200000,0.0,2.5,0.5401,0.01204,0.00027,-0.0437
goe590,200000,0.0,3.0,0.5911,0.0123,0.00072,-0.0445
goe590,200000,0.0,3.5,0.6415,0.01258,0.00103,-0.0452
goe590,200000,0.0,4.0,0.6914,0.01278,0.00109,-0.0455
goe590,200000,0.0,4.5,0.7407,0.01279,0.00074,-0.0454
goe590,200000,0.0,5.0,0.7697,0.01423,-0.0003,-0.0416
goe590,200000,0.0,5.5,0.7991,0.01682,0.00051,-0.0385
goe617,50000,0.0,-5.0,-0.6536,0.04762,0.01111,0.0151
goe617,50000,0.0,-4.5,-0.6489,0.04348,0.00679,0.0215
goe617,50000,0.0,-4.0,-0.6366,0.04051,0.00325,0.0273
goe617,50000,0.0,-3.5,-0.6224,0.03542,-0.00039,0.0324
goe617,50000,0.0,-3.0,-0.6014,0.03387,-0.00175,0.0368
goe617,50000,0.0,-2.5,-0.572,0.03149,-0.00351,0.0395
goe617,50000,0.0,-2.0,-0.4517,0.02966,-0.00373,0.0268
goe617,50000,0.0,-1.5,0.0211,0.04015,0.00644,-0.0432
goe617,50000,0.0,-1.0,0.0414,0.03892,0.00708,-0.0418
goe617,50000,0.0,-0.5,0.1165,0.0398,0.0082,-0.0489
goe617,50000,0.0,0.0,0.0984,0.03983,0.00917,-0.0398
goe617,50000,0.0,0.5,0.1327,0.04037,0.01033,-0.0388
goe617,50000,0.0,1.0,0.2325,0.04075,0.01129,-0.0471
goe617,50000,0.0,1.5,0.2822,0.04267,0.01243,-0.0479
goe617,50000,0.0,2.0,0.2617,0.04361,0.01409,-0.0384
goe617,50000,0.0,2.5,0.2864,0.04495,0.01565,-0.0356
goe617,50000,0.0,3.0,0.3416,0.04621,0.01694,-0.0367
goe617,50000,0.0,3.5,0.4194,0.04843,0.01782,-0.0405
goe617,50000,0.0,4.0,0.3946,0.05151,0.0202,-0.0317
goe617,50000,0.0,4.5,0.3789,0.05291,0.02219,-0.0239
goe617,50000,0.0,5.0,0.4719,0.05123,0.02107,-0.0254
goe617,50000,0.0,5.5,0.5407,0.05318,0.02091,-0.0255
goe617,50000,0.0,6.0,0.4875,0.05761,0.02565,-0.0167
goe617,50000,0.0,6.5,0.4945,0.06062,0.02837,-0.0131
goe617,50000,0.0,7.0,0.5906,0.05853,0.02609,-0.0127
goe617,50000,0.0,7.5,0.5962,0.06284,0.02858,-0.0084
goe617,50000,0.0,8.0,0.614,0.06291,0.02927,-0.0031
goe617,50000,0.0,9.0,0.657,0.0673,0.0317,0.0049
goe617,50000,0.0,9.5,0.6637,0.07138,0.03524,0.0077
goe617,50000,0.0,10.0,0.719,0.07184,0.03223,0.0136
goe617,50000,0.0,10.5,0.6568,0.08708,0.04624,0.0111
goe617,50000,0.0,11.0,0.6219,0.09815,0.05784,0.0087
goe617,50000,0.0,11.5,0.5972,0.10728,0.06785,0.0067
goe617,50000,0.0,12.0,0.5839,0.11549,0.07661,0.005
goe617,50000,0.0,12.5,0.5738,0.12446,0.08603,0.0029
goe617,50000,0.0,13.0,0.565,0.13332,0.0957,0.0007
goe617,50000,0.0,13.5,0.5587,0.14336,0.1065,-0.002
goe617,50000,0.0,14.0,0.5936,0.17935,0.12054,-0.0071
goe617,50000,0.0,14.5,0.6001,0.18921,0.12963,-0.009
goe617,50000,0.0,15.0,0.6073,0.19827,0.13865,-0.0109
goe617,100000,0.0,-5.0,-0.5396,0.03356,-0.00035,-0.0054
goe617,100000,0.0,-4.5,-0.5094,0.03059,-0.00244,-0.001
goe617,100000,0.0,-4.0,-0.4397,0.02664,-0.005,-0.0036
goe617,100000,0.0,-3.5,-0.354,0.02515,-0.00514,-0.0097
goe617,100000,0.0,-3.0,-0.3476,0.02473,-0.0049,-0.0014
goe617,100000,0.0,-2.5,-0.3094,0.02273,-0.00536,0.0017
goe617,100000,0.0,-2.0,-0.083,0.02321,-0.00179,-0.0271
goe617,100000,0.0,-1.5,0.0168,0.02441,-0.00035,-0.0332
goe617,100000,0.0,-1.0,0.1656,0.02427,0.00017,-0.0495
goe617,100000,0.0,-0.5,0.3529,0.02318,-0.00051,-0.073
goe617,100000,0.0,0.0,0.4564,0.02225,-0.00102,-0.0834
goe617,100000,0.0,0.5,0.538,0.02118,-0.00151,-0.0893
goe617,100000,0.0,1.0,0.605,0.01976,-0.00237,-0.0915
goe617,100000,0.0,1.5,0.667,0.0195,-0.00266,-0.0934
goe617,100000,0.0,2.0,0.6864,0.01968,-0.0021,-0.0874
goe617,100000,0.0,2.5,0.7187,0.01967,-0.00192,-0.0835
goe617,100000,0.0,3.0,0.7675,0.01941,-0.00224,-0.0822
goe617,100000,0.0,3.5,0.806,0.02043,-0.00167,-0.0799
goe617,100000,0.0,4.0,0.8291,0.02078,-0.0013,-0.0742
goe617,100000,0.0,4.5,0.8615,0.02078,-0.00149,-0.0697
goe617,100000,0.0,5.0,0.9096,0.02039,-0.00252,-0.0674
goe617,100000,0.0,5.5,0.9407,0.02109,-0.00246,-0.0631
goe617,100000,0.0,6.0,0.9614,0.02118,-0.00272,-0.0565
goe617,100000,0.0,6.5,0.9915,0.02106,-0.00362,-0.0511
goe617,100000,0.0,7.0,1.0133,0.02164,-0.00399,-0.0448
goe617,100000,0.0,7.5,1.0182,0.02207,-0.0047,-0.0351
goe617,100000,0.0,8.0,1.0247,0.02336,-0.00464,-0.0265
goe617,100000,0.0,8.5,1.019,0.02442,-0.00472,-0.0158
goe617,100000,0.0,9.0,1.0345,0.02806,-0.00276,-0.0098
goe617,100000,0.0,9.5,1.0356,0.02955,-0.00226,-0.0015
goe617,100000,0.0,10.0,0.985,0.03006,-0.00529,0.0122
goe617,100000,0.0,10.5,0.9958,0.0317,-0.00571,0.0169
goe617,100000,0.0,11.0,1.0021,0.03386,-0.00553,0.0212
goe617,100000,0.0,11.5,0.9886,0.0377,-0.00393,0.0259
goe617,100000,0.0,12.0,0.9839,0.04163,-0.00215,0.0289
goe617,100000,0.0,12.5,0.9755,0.04643,0.0005,0.0312
goe617,100000,0.0,13.0,0.9613,0.05236,0.00443,0.0325
goe617,100000,0.0,13.5,0.9548,0.05796,0.00824,0.0333
goe617,100000,0.0,14.0,0.9464,0.06412,0.01276,0.0335
goe617,100000,0.0,14.5,0.9339,0.07129,0.01853,0.0326
goe617,100000,0.0,15.0,0.9263,0.07806,0.02396,0.032
goe617,200000,0.0,-5.0,-0.3658,0.01966,-0.00857,-0.031
goe617,200000,0.0,-4.5,-0.2905,0.01778,-0.00876,-0.0355
goe617,200000,0.0,-4.0,-0.2844,0.01719,-0.00875,-0.0254
goe617,200000,0.0,-3.5,-0.2494,0.01648,-0.00849,-0.0214
goe617,200000,0.0,-3.0,-0.1875,0.01522,-0.00817,-0.0226
goe617,200000,0.0,-2.5,-0.1071,0.01386,-0.00783,-0.0275
goe617,200000,0.0,-2.0,-0.0419,0.01225,-0.00729,-0.0297
goe617,200000,0.0,-1.5,0.0954,0.01164,-0.00625,-0.0453
goe617,200000,0.0,-1.0,0.1873,0.01221,-0.00561,-0.0513
goe617,200000,0.0,-0.5,0.2168,0.01222,-0.0052,-0.0451
goe617,200000,0.0,0.0,0.3095,0.01231,-0.00508,-0.0519
goe617,200000,0.0,0.5,0.3977,0.01275,-0.005,-0.0583
goe617,200000,0.0,1.0,0.4781,0.01325,-0.00501,-0.0629
goe617,200000,0.0,1.5,0.5422,0.01387,-0.00501,-0.0642
goe617,200000,0.0,2.0,0.6542,0.0139,-0.00547,-0.0763
goe617,200000,0.0,2.5,0.7484,0.01362,-0.00622,-0.0846
goe617,200000,0.0,3.0,0.8274,0.01344,-0.00702,-0.0897
goe617,200000,0.0,3.5,0.8648,0.01383,-0.00689,-0.0871
goe617,200000,0.0,4.0,0.8948,0.01383,-0.00687,-0.0828
goe617,200000,0.0,4.5,0.9262,0.01395,-0.00694,-0.0786
goe617,200000,0.0,5.0,0.9575,0.01425,-0.00714,-0.0742
goe617,200000,0.0,5.5,0.9859,0.01479,-0.00724,-0.0693
goe617,200000,0.0,6.0,1.0138,0.01508,-0.00747,-0.0642
goe617,200000,0.0,6.5,1.0244,0.01586,-0.00762,-0.056
goe617,200000,0.0,7.0,1.0387,0.0165,-0.00766,-0.0486
goe617,200000,0.0,7.5,1.0202,0.01743,-0.00769,-0.0352
goe617,200000,0.0,8.0,1.018,0.01835,-0.00766,-0.0249
goe617,200000,0.0,8.5,1.0164,0.01962,-0.0077,-0.0155
goe617,200000,0.0,9.0,1.0096,0.02179,-0.00715,-0.0058
goe617,200000,0.0,9.5,1.0168,0.0224,-0.00826,0.0006
goe617,200000,0.0,10.0,1.0171,0.02444,-0.00863,0.0073
goe617,200000,0.0,10.5,1.0213,0.0267,-0.00855,0.0127
goe617,200000,0.0,11.0,1.0174,0.02972,-0.00777,0.0182
goe617,200000,0.0,11.5,1.0256,0.03237,-0.00715,0.0221
goe617,200000,0.0,12.0,1.0363,0.03505,-0.00644,0.0253
goe617,200000,0.0,12.5,1.0377,0.03869,-0.00483,0.0281
goe617,200000,0.0,13.0,1.0415,0.04243,-0.00307,0.0303
goe617,200000,0.0,13.5,1.0423,0.04675,-0.00069,0.0319
goe617,200000,0.0,14.0,1.0356,0.05225,0.00294,0.0326
goe617,200000,0.0,15.0,1.0307,0.0633,0.01103,0.0322
goe617,500000,0.0,-5.0,-0.2636,0.0113,-0.01227,-0.047
goe617,500000,0.0,-4.5,-0.2163,0.0108,-0.01155,-0.0455
goe617,500000,0.0,-4.0,-0.1624,0.01054,-0.01087,-0.0454
goe617,500000,0.0,-3.5,-0.1092,0.01029,-0.01028,-0.0453
goe617,500000,0.0,-3.0,-0.0636,0.00999,-0.00978,-0.0434
goe617,500000,0.0,-2.5,-0.0182,0.00969,-0.00933,-0.0414
goe617,500000,0.0,-2.0,0.0305,0.00928,-0.00901,-0.0401
goe617,500000,0.0,-1.5,0.0768,0.0089,-0.00864,-0.0386
goe617,500000,0.0,-1.0,0.1272,0.00886,-0.00826,-0.0377
goe617,500000,0.0,-0.5,0.1746,0.00887,-0.00797,-0.0362
goe617,500000,0.0,0.0,0.2214,0.00884,-0.00765,-0.0347
goe617,500000,0.0,0.5,0.2653,0.00845,-0.00741,-0.0327
goe617,500000,0.0,1.5,0.3616,0.00754,-0.00686,-0.0296
goe617,500000,0.0,2.0,0.4354,0.00811,-0.00664,-0.0337
goe617,500000,0.0,2.5,0.5072,0.00841,-0.00658,-0.0373
goe617,500000,0.0,3.0,0.5669,0.00872,-0.00659,-0.0382
goe617,500000,0.0,3.5,0.606,0.0091,-0.00668,-0.0348
goe617,500000,0.0,4.0,0.6463,0.0097,-0.00683,-0.0317
goe617,500000,0.0,4.5,0.7729,0.01055,-0.00708,-0.0469
goe617,500000,0.0,5.0,0.837,0.01126,-0.00747,-0.0495
goe617,500000,0.0,5.5,0.8965,0.01169,-0.00779,-0.051
goe617,500000,0.0,6.0,0.9458,0.01286,-0.00794,-0.051
goe617,500000,0.0,6.5,0.9834,0.01376,-0.00802,-0.0485
goe617,500000,0.0,7.0,1.0038,0.01441,-0.00813,-0.0423
goe617,500000,0.0,7.5,1.0454,0.01468,-0.00858,-0.0404
goe617,500000,0.0,8.0,1.0651,0.0154,-0.00876,-0.0347
goe617,500000,0.0,8.5,1.0616,0.01599,-0.00896,-0.0246
goe617,500000,0.0,9.5,1.0355,0.01949,-0.00911,-0.0035
goe617,500000,0.0,10.0,1.0334,0.02161,-0.00888,0.0041
goe617,500000,0.0,10.5,1.0552,0.02289,-0.00938,0.0082
goe617,1000000,0.0,-5.0,-0.2614,0.00953,-0.01263,-0.047
goe617,1000000,0.0,-4.5,-0.2147,0.00913,-0.01207,-0.0453
goe617,1000000,0.0,-4.0,-0.1712,0.00848,-0.01163,-0.0427
goe617,1000000,0.0,-3.5,-0.1224,0.00837,-0.01102,-0.0415
goe617,1000000,0.0,-3.0,-0.0728,0.00834,-0.01041,-0.0405
goe617,1000000,0.0,-2.5,-0.0219,0.00828,-0.00985,-0.0398
goe617,1000000,0.0,-2.0,0.0256,0.00836,-0.00937,-0.0383
goe617,1000000,0.0,-1.5,0.0754,0.00836,-0.00891,-0.0374
goe617,1000000,0.0,-1.0,0.127,0.0083,-0.00851,-0.0369
goe617,1000000,0.0,-0.5,0.1749,0.00836,-0.00819,-0.0356
goe617,1000000,0.0,0.0,0.2212,0.00844,-0.0079,-0.034
goe617,1000000,0.0,0.5,0.2711,0.00837,-0.00765,-0.0331
goe617,1000000,0.0,1.0,0.318,0.00794,-0.0075,-0.0318
goe617,1000000,0.0,1.5,0.3686,0.00786,-0.00738,-0.0311
goe617,1000000,0.0,2.0,0.4104,0.00753,-0.00735,-0.0287
goe617,1000000,0.0,2.5,0.4499,0.00765,-0.00736,-0.0258
goe617,1000000,0.0,3.0,0.4763,0.0068,-0.00742,-0.02
goe617,1000000,0.0,3.5,0.522,0.00666,-0.00739,-0.0178
goe617,1000000,0.0,4.0,0.6094,0.00738,-0.00739,-0.0254
goe617,1000000,0.0,4.5,0.6538,0.00786,-0.00754,-0.0234
goe617,1000000,0.0,5.0,0.6991,0.00823,-0.00777,-0.0214
goe617,1000000,0.0,5.5,0.7497,0.0095,-0.00786,-0.0216
goe617,1000000,0.0,6.0,0.7971,0.01033,-0.00802,-0.021
goe617,1000000,0.0,6.5,0.8524,0.01082,-0.0083,-0.0218
goe617,1000000,0.0,7.0,0.9156,0.01123,-0.00867,-0.0241
goe617,1000000,0.0,7.5,0.9713,0.01228,-0.00883,-0.0255
goe617,1000000,0.0,8.0,1.0217,0.0132,-0.00907,-0.0257
goe617,1000000,0.0,8.5,1.071,0.01384,-0.00943,-0.0256
goe617,1000000,0.0,9.0,1.083,0.0162,-0.0091,-0.0199
m4,50000,0.0,-5.0,-0.2014,0.0502,0.03316,0.0285
m4,50000,0.0,-4.5,-0.2969,0.05092,0.03482,0.0488
m4,50000,0.0,-4.0,-0.3563,0.04805,0.0317,0.0533
m4,50000,0.0,-3.0,-0.239,0.03521,0.01327,-0.0075
m4,50000,0.0,-2.5,-0.1775,0.03207,0.00909,-0.009
m4,50000,0.0,-2.0,-0.131,0.02654,0.00652,-0.0093
m4,50000,0.0,-1.5,-0.0871,0.02405,0.00483,-0.0084
m4,50000,0.0,-1.0,-0.0422,0.02256,0.00378,-0.0079
m4,50000,0.0,-0.5,0.0021,0.02179,0.00332,-0.0076
m4,50000,0.0,0.0,0.0419,0.02155,0.00334,-0.0073
m4,50000,0.0,0.5,0.0809,0.02176,0.00374,-0.0076
m4,50000,0.0,1.0,0.1655,0.02198,0.00418,-0.0167
m4,100000,0.0,-5.0,-0.4008,0.05986,0.03028,-0.0039
m4,100000,0.0,-4.5,-0.3637,0.05349,0.02472,-0.0033
m4,100000,0.0,-4.0,-0.3454,0.04129,0.02192,-0.0033
m4,100000,0.0,-3.5,-0.3079,0.03569,0.01856,-0.0023
m4,100000,0.0,-3.0,-0.2586,0.03335,0.01524,-0.0027
m4,100000,0.0,-2.5,-0.23,0.02758,0.01257,-0.001
m4,100000,0.0,-2.0,-0.1364,0.02893,0.00918,-0.0089
m4,100000,0.0,-1.5,-0.0355,0.01966,0.00273,-0.0136
m4,100000,0.0,-1.0,0.0176,0.01793,0.00105,-0.012
m4,100000,0.0,-0.5,0.0692,0.01721,0.00045,-0.0114
m4,100000,0.0,0.0,0.1204,0.01587,-0.0001,-0.0111
m4,100000,0.0,0.5,0.1704,0.01516,-0.00046,-0.0104
m4,100000,0.0,1.0,0.224,0.01491,-0.00062,-0.0109
m4,100000,0.0,1.5,0.2787,0.01499,-0.00063,-0.0119
m4,100000,0.0,2.0,0.331,0.01546,-0.00059,-0.0123
m4,100000,0.0,2.5,0.4052,0.01339,-0.00048,-0.0174
m4,100000,0.0,3.0,0.4594,0.01366,-0.00071,-0.0179
m4,100000,0.0,3.5,0.5066,0.01404,-0.00105,-0.0164
m4,100000,0.0,4.0,0.5545,0.01461,-0.00142,-0.0154
m4,100000,0.0,4.5,0.6002,0.01425,-0.00271,-0.0127
m4,100000,0.0,5.0,0.6411,0.01482,-0.00441,-0.009
m4,100000,0.0,5.5,0.681,0.01878,-0.00322,-0.0078
m4,100000,0.0,6.0,0.7245,0.02096,-0.00298,-0.0072
m4,100000,0.0,6.5,0.7662,0.02567,-0.00192,-0.0043
m4,100000,0.0,7.0,0.8136,0.03323,0.00215,-0.0008
m4,100000,0.0,7.5,0.8533,0.04372,0.01143,0.003
m4,100000,0.0,8.0,0.8421,0.06337,0.03379,-0.0007
m4,100000,0.0,9.5,0.6856,0.09188,0.05712,-0.0102
m4,100000,0.0,10.0,0.6591,0.10576,0.06803,-0.0157
m4,100000,0.0,10.5,0.6455,0.11686,0.07654,-0.0186
m4,100000,0.0,11.0,0.6343,0.12594,0.08413,-0.021
m4,100000,0.0,11.5,0.6274,0.13393,0.09093,-0.0226
m4,100000,0.0,12.0,0.6261,0.14129,0.09725,-0.0233
m4,100000,0.0,12.5,0.6389,0.14896,0.10298,-0.0223
m4,100000,0.0,13.0,0.7849,0.16945,0.1423,-0.0457
m4,100000,0.0,13.5,0.7946,0.17653,0.15275,-0.0488
m4,100000,0.0,14.0,0.8256,0.19408,0.15821,-0.0441
m4,100000,0.0,14.5,0.8285,0.20013,0.172,-0.0504
m4,100000,0.0,15.0,0.825,0.20246,0.1872,-0.0588
m4,200000,0.0,-5.0,-0.3998,0.05048,0.02524,-0.0047
m4,200000,0.0,-3.0,-0.235,0.02751,0.01114,-0.003
m4,200000,0.0,-2.5,-0.1851,0.02545,0.00918,-0.0031
m4,200000,0.0,-2.0,-0.1368,0.02266,0.00746,-0.0035
m4,200000,0.0,-1.5,-0.0878,0.022,0.00595,-0.0031
m4,200000,0.0,-1.0,-0.0443,0.01818,0.00431,-0.003
m4,200000,0.0,-0.5,0.0382,0.01494,-0.00062,-0.0013
m4,200000,0.0,0.0,0.0909,0.01379,-0.00159,-0.0009
m4,200000,0.0,0.5,0.1435,0.01312,-0.00211,-0.001
m4,200000,0.0,1.0,0.1966,0.01257,-0.0024,-0.0014
m4,200000,0.0,1.5,0.2515,0.012,-0.00257,-0.0023
m4,200000,0.0,2.0,0.3057,0.0117,-0.00277,-0.0031
m4,200000,0.0,2.5,0.3593,0.01158,-0.00304,-0.0037
m4,200000,0.0,4.0,0.5147,0.01223,-0.00457,-0.0039
m4,200000,0.0,4.5,0.5788,0.01324,-0.00424,-0.0088
m4,200000,0.0,5.0,0.629,0.01424,-0.00427,-0.0086
m4,200000,0.0,5.5,0.6764,0.01568,-0.00418,-0.0084
m4,200000,0.0,6.0,0.725,0.01663,-0.00462,-0.0081
m4,200000,0.0,6.5,0.7634,0.02372,-0.00238,-0.0046
m4,200000,0.0,7.0,0.817,0.02966,0.00145,-0.0006
m4,200000,0.0,8.5,0.8723,0.06298,0.03051,0.0048
m4,200000,0.0,9.0,0.8551,0.07247,0.04044,0.0023
m4,200000,0.0,9.5,0.8212,0.08494,0.05393,-0.007
m4,200000,0.0,10.0,0.8033,0.0996,0.0695,-0.0176
m4,200000,0.0,10.5,0.7968,0.11026,0.07991,-0.0222
m4,200000,0.0,11.0,0.7993,0.11844,0.08615,-0.0228
m4,200000,0.0,12.5,0.7802,0.15397,0.12318,-0.0385
m4,200000,0.0,13.0,0.7842,0.16276,0.13757,-0.0453
m4,200000,0.0,13.5,0.7905,0.1713,0.14886,-0.0494
m4,200000,0.0,14.0,0.8013,0.1786,0.15791,-0.0517
m4,1000000,0.0,-5.0,-0.439,0.02114,-0.00526,0.0056
m4,1000000,0.0,-4.5,-0.3894,0.01553,-0.00783,0.0075
m4,1000000,0.0,-4.0,-0.3266,0.02881,0.00606,0.0033
m4,1000000,0.0,-2.5,-0.184,0.01819,0.00141,0.0025
m4,1000000,0.0,-2.0,-0.1314,0.01636,0.00015,0.0023
m4,1000000,0.0,-1.5,-0.0784,0.01487,-0.00079,0.0021
m4,1000000,0.0,-1.0,-0.0251,0.01371,-0.00145,0.0018
m4,1000000,0.0,-0.5,0.0281,0.01279,-0.00192,0.0014
m4,1000000,0.0,0.0,0.0812,0.01207,-0.00225,0.001
m4,1000000,0.0,0.5,0.1342,0.01152,-0.00249,0.0006
m4,1000000,0.0,1.0,0.1869,0.01115,-0.00265,0.0001
m4,1000000,0.0,1.5,0.2397,0.01088,-0.00283,-0.0005
m4,1000000,0.0,2.0,0.2926,0.0107,-0.00305,-0.0011
m4,1000000,0.0,2.5,0.3456,0.01048,-0.00332,-0.0016
m4,1000000,0.0,3.0,0.3991,0.01048,-0.00361,-0.0021
m4,1000000,0.0,3.5,0.4527,0.01061,-0.00393,-0.0027
m4,1000000,0.0,4.0,0.5063,0.01083,-0.00427,-0.0033
m4,1000000,0.0,4.5,0.5596,0.01121,-0.00459,-0.0039
m4,1000000,0.0,5.5,0.6653,0.0118,-0.00575,-0.0054
m4,1000000,0.0,6.0,0.718,0.01177,-0.00715,-0.0064
m4,1000000,0.0,6.5,0.766,0.01549,-0.00707,-0.0048
m4,1000000,0.0,7.0,0.7975,0.03294,0.00355,0.0009
eh2010,50000,0.0,-5.0,-0.4498,0.03907,0.022,-0.0135
eh2010,50000,0.0,-4.5,-0.4128,0.03355,0.01695,-0.0109
eh2010,50000,0.0,-4.0,-0.3701,0.02899,0.01229,-0.0081
eh2010,50000,0.0,-3.5,-0.3313,0.02569,0.00944,-0.0053
eh2010,50000,0.0,-3.0,-0.2889,0.02272,0.0074,-0.0032
eh2010,50000,0.0,-2.5,-0.2564,0.01959,0.00573,-0.0002
eh2010,50000,0.0,-2.0,-0.0468,0.01844,0.00599,-0.0207
eh2010,50000,0.0,-1.5,-0.0682,0.01953,0.00695,-0.0136
eh2010,50000,0.0,-1.0,0.0905,0.02013,0.00738,-0.0356
eh2010,50000,0.0,-0.5,0.2179,0.02027,0.00755,-0.0498
eh2010,50000,0.0,0.0,0.2787,0.0209,0.00818,-0.051
eh2010,50000,0.0,0.5,0.326,0.02169,0.00887,-0.0491
eh2010,50000,0.0,1.0,0.3641,0.02279,0.00991,-0.0464
eh2010,50000,0.0,1.5,0.4035,0.02391,0.0109,-0.0435
eh2010,50000,0.0,2.0,0.4418,0.02511,0.01194,-0.0403
eh2010,50000,0.0,2.5,0.4796,0.02655,0.01321,-0.0376
eh2010,50000,0.0,3.0,0.5166,0.02818,0.01468,-0.0349
eh2010,50000,0.0,3.5,0.5518,0.03011,0.01642,-0.0325
eh2010,50000,0.0,4.0,0.5867,0.03225,0.01831,-0.0301
eh2010,50000,0.0,4.5,0.6248,0.03421,0.01991,-0.0274
eh2010,50000,0.0,5.0,0.6679,0.03571,0.02101,-0.0244
eh2010,50000,0.0,5.5,0.6948,0.0392,0.0244,-0.0233
eh2010,50000,0.0,6.0,0.7176,0.04339,0.02823,-0.0222
eh2010,50000,0.0,6.5,0.744,0.04742,0.03175,-0.0209
eh2010,50000,0.0,7.0,0.7905,0.04887,0.03256,-0.0174
eh2010,50000,0.0,7.5,0.8295,0.05112,0.03436,-0.0147
eh2010,50000,0.0,8.0,0.7919,0.06295,0.04568,-0.0187
eh2010,50000,0.0,8.5,0.7696,0.07237,0.05425,-0.0205
eh2010,50000,0.0,9.0,0.7904,0.0771,0.05816,-0.0188
eh2010,50000,0.0,9.5,0.9056,0.0652,0.04567,-0.0038
eh2010,50000,0.0,10.0,0.8514,0.08049,0.06022,-0.0105
eh2010,50000,0.0,10.5,0.8049,0.09499,0.07425,-0.0166
eh2010,50000,0.0,11.0,1.0394,0.05576,0.02481,0.0231
eh2010,50000,0.0,11.5,1.0237,0.06392,0.03221,0.0237
eh2010,50000,0.0,12.0,0.9913,0.07419,0.04223,0.0204
eh2010,50000,0.0,12.5,0.9489,0.08735,0.0557,0.0132
eh2010,50000,0.0,13.0,0.9072,0.10286,0.07175,0.0046
eh2010,50000,0.0,13.5,0.7989,0.14264,0.11928,-0.0214
eh2010,50000,0.0,14.0,0.7876,0.15602,0.13478,-0.0275
eh2010,50000,0.0,14.5,0.7829,0.16798,0.1492,-0.0328
eh2010,50000,0.0,15.0,0.7548,0.18872,0.17787,-0.0469
eh2010,100000,0.0,-5.0,-0.4464,0.0306,0.01573,-0.0112
eh2010,100000,0.0,-4.5,-0.4076,0.02544,0.01053,-0.0074
eh2010,100000,0.0,-4.0,-0.375,0.02246,0.00822,-0.004
eh2010,100000,0.0,-3.5,-0.3231,0.0198,0.00616,-0.0044
eh2010,100000,0.0,-3.0,-0.2196,0.01677,0.0043,-0.014
eh2010,100000,0.0,-2.5,-0.1533,0.0132,0.00434,-0.0122
eh2010,100000,0.0,-2.0,0.0584,0.01368,0.0044,-0.0364
eh2010,100000,0.0,-1.5,0.0972,0.01371,0.00422,-0.033
eh2010,100000,0.0,-1.0,0.1366,0.01379,0.00411,-0.03
eh2010,100000,0.0,-0.5,0.1808,0.01392,0.00411,-0.0282
eh2010,100000,0.0,0.0,0.2257,0.0141,0.00412,-0.0263
eh2010,100000,0.0,0.5,0.2717,0.01434,0.00418,-0.0247
eh2010,100000,0.0,1.0,0.3183,0.01465,0.00433,-0.0232
eh2010,100000,0.0,1.5,0.3648,0.01501,0.00453,-0.0218
eh2010,100000,0.0,2.0,0.4115,0.01548,0.00484,-0.0204
eh2010,100000,0.0,2.5,0.4577,0.01598,0.00511,-0.0187
eh2010,100000,0.0,3.0,0.5039,0.01657,0.0053,-0.0169
eh2010,100000,0.0,3.5,0.5501,0.01706,0.00579,-0.0154
eh2010,100000,0.0,4.0,0.5961,0.01782,0.00634,-0.0139
eh2010,100000,0.0,4.5,0.6424,0.01853,0.00662,-0.0121
eh2010,100000,0.0,5.0,0.6887,0.01917,0.00711,-0.0105
eh2010,100000,0.0,5.5,0.734,0.02008,0.0078,-0.0088
eh2010,100000,0.0,6.0,0.7805,0.02098,0.00821,-0.0071
eh2010,100000,0.0,6.5,0.8281,0.02163,0.0084,-0.0054
eh2010,100000,0.0,7.0,0.8734,0.02248,0.00904,-0.0038
eh2010,100000,0.0,7.5,0.9192,0.02324,0.00931,-0.002
eh2010,100000,0.0,8.0,0.9659,0.0227,0.0078,0.0003
eh2010,100000,0.0,8.5,1.0063,0.02215,0.00634,0.0029
eh2010,100000,0.0,9.0,1.0146,0.02528,0.00636,0.0071
eh2010,100000,0.0,9.5,1.0102,0.03115,0.0095,0.0122
eh2010,100000,0.0,10.0,1.0159,0.03542,0.01177,0.0163
eh2010,100000,0.0,10.5,1.0197,0.03998,0.01465,0.0185
eh2010,100000,0.0,11.0,1.0321,0.04474,0.01747,0.0204
eh2010,100000,0.0,11.5,1.0527,0.0523,0.02152,0.0231
eh2010,100000,0.0,12.0,1.0475,0.05928,0.02717,0.0233
eh2010,100000,0.0,12.5,1.0303,0.06784,0.03468,0.0213
eh2010,100000,0.0,13.0,1.0048,0.07808,0.04422,0.0172
eh2010,100000,0.0,13.5,0.9767,0.08932,0.05545,0.0113
eh2010,100000,0.0,14.0,0.9481,0.10118,0.06874,0.0034
eh2010,100000,0.0,14.5,0.9031,0.11896,0.09043,-0.0096
eh2010,100000,0.0,15.0,0.8237,0.15357,0.13423,-0.0294
eh2010,200000,0.0,-5.0,-0.4489,0.02108,0.00733,-0.0065
eh2010,200000,0.0,-4.0,-0.3153,0.0154,0.00364,-0.0118
eh2010,200000,0.0,-3.5,-0.2463,0.01355,0.0025,-0.014
eh2010,200000,0.0,-3.0,-0.1998,0.01248,0.00187,-0.0114
eh2010,200000,0.0,-2.5,-0.1572,0.01132,0.00139,-0.0086
eh2010,200000,0.0,-2.0,-0.1327,0.0092,0.00167,-0.0007
eh2010,200000,0.0,-1.5,-0.0797,0.0097,0.00214,0.0025
eh2010,200000,0.0,-1.0,0.0082,0.01038,0.00257,-0.0017
eh2010,200000,0.0,-0.5,0.1243,0.01066,0.00254,-0.0132
eh2010,200000,0.0,0.0,0.2037,0.01055,0.00227,-0.0186
eh2010,200000,0.0,0.5,0.2526,0.01054,0.00214,-0.0179
eh2010,200000,0.0,1.0,0.302,0.0106,0.00207,-0.0172
eh2010,200000,0.0,1.5,0.3515,0.01073,0.00202,-0.0165
eh2010,200000,0.0,2.0,0.4009,0.01093,0.00196,-0.0156
eh2010,200000,0.0,2.5,0.4499,0.01104,0.00203,-0.0147
eh2010,200000,0.0,3.0,0.4985,0.01131,0.00209,-0.0136
eh2010,200000,0.0,3.5,0.5465,0.01164,0.00213,-0.0124
eh2010,200000,0.0,4.0,0.5945,0.01189,0.00228,-0.0112
eh2010,200000,0.0,4.5,0.6421,0.01234,0.0024,-0.0098
eh2010,200000,0.0,5.0,0.6896,0.01267,0.0025,-0.0084
eh2010,200000,0.0,5.5,0.7372,0.01313,0.00272,-0.007
eh2010,200000,0.0,6.0,0.7845,0.0137,0.00284,-0.0056
eh2010,200000,0.0,6.5,0.8318,0.01408,0.00296,-0.0042
eh2010,200000,0.0,7.0,0.8788,0.01448,0.00296,-0.0027
eh2010,200000,0.0,7.5,0.9248,0.01484,0.0027,-0.0012
eh2010,200000,0.0,8.0,0.9703,0.01531,0.00249,0.0001
eh2010,200000,0.0,8.5,1.0022,0.01748,0.00279,0.0022
eh2010,200000,0.0,9.0,1.013,0.02263,0.00535,0.0064
eh2010,200000,0.0,9.5,1.0266,0.02654,0.00746,0.01
eh2010,200000,0.0,10.0,1.0394,0.02995,0.00931,0.0136
eh2010,200000,0.0,10.5,1.0465,0.03405,0.01175,0.0165
eh2010,200000,0.0,11.0,1.0568,0.03871,0.01462,0.0184
eh2010,200000,0.0,11.5,1.0668,0.04404,0.01811,0.0199
eh2010,200000,0.0,12.0,1.068,0.05065,0.02303,0.0204
eh2010,200000,0.0,12.5,1.0557,0.05902,0.03004,0.0188
eh2010,200000,0.0,13.0,1.0327,0.06914,0.0393,0.0148
eh2010,200000,0.0,13.5,1.0025,0.08091,0.05081,0.0087
eh2010,200000,0.0,14.0,0.9683,0.09453,0.06496,0.0007
eh2010,200000,0.0,14.5,0.932,0.11038,0.08243,-0.0091
eh2010,200000,0.0,15.0,0.8929,0.12938,0.10479,-0.0207
eh2010,500000,0.0,-5.0,-0.4237,0.01272,0.00239,-0.0099
eh2010,500000,0.0,-4.5,-0.3762,0.01161,0.00156,-0.0076
eh2010,500000,0.0,-4.0,-0.327,0.01117,0.00126,-0.0059
eh2010,500000,0.0,-3.5,-0.2773,0.01037,0.00071,-0.0044
eh2010,500000,0.0,-3.0,-0.2259,0.00983,0.00043,-0.0034
eh2010,500000,0.0,-2.5,-0.1735,0.00942,0.00024,-0.0026
eh2010,500000,0.0,-2.0,-0.1219,0.00883,0.00011,-0.002
eh2010,500000,0.0,-1.5,-0.086,0.00672,-6e-05,0.0013
eh2010,500000,0.0,-1.0,-0.0379,0.00651,0.00015,0.0037
eh2010,500000,0.0,-0.5,0.0134,0.00659,0.00031,0.0055
eh2010,500000,0.0,0.0,0.064,0.00679,0.00049,0.0075
eh2010,500000,0.0,0.5,0.1205,0.00707,0.00065,0.0081
eh2010,500000,0.0,1.0,0.1993,0.00739,0.00082,0.0038
eh2010,500000,0.0,1.5,0.2753,0.00752,0.00084,-0.0006
eh2010,500000,0.0,2.0,0.3443,0.00766,0.0008,-0.0036
eh2010,500000,0.0,2.5,0.4144,0.00778,0.00075,-0.007
eh2010,500000,0.0,3.0,0.4855,0.00787,0.0007,-0.0106
eh2010,500000,0.0,3.5,0.5518,0.00804,0.00065,-0.0133
eh2010,500000,0.0,4.0,0.6013,0.00816,0.00062,-0.0124
eh2010,500000,0.0,4.5,0.6501,0.00838,0.00064,-0.0114
eh2010,500000,0.0,5.0,0.6981,0.00865,0.00065,-0.0101
eh2010,500000,0.0,5.5,0.7463,0.0089,0.0007,-0.0089
eh2010,500000,0.0,6.0,0.7936,0.00925,0.00072,-0.0075
eh2010,500000,0.0,6.5,0.8408,0.00965,0.00074,-0.0062
eh2010,500000,0.0,7.0,0.8854,0.01038,0.00074,-0.0047
eh2010,500000,0.0,7.5,0.9273,0.01155,0.00108,-0.003
eh2010,500000,0.0,8.0,0.9636,0.01357,0.002,-0.0009
eh2010,500000,0.0,8.5,0.9979,0.01604,0.0031,0.0016
eh2010,500000,0.0,9.0,1.0377,0.01778,0.00376,0.0034
eh2010,500000,0.0,9.5,1.0666,0.02058,0.00508,0.0061
eh2010,500000,0.0,10.0,1.0856,0.02394,0.00688,0.0094
eh2010,500000,0.0,10.5,1.0947,0.02743,0.00891,0.0133
eh2010,500000,0.0,11.0,1.1006,0.03153,0.01158,0.0155
eh2010,500000,0.0,11.5,1.1076,0.03626,0.0149,0.0162
eh2010,500000,0.0,12.0,1.112,0.04173,0.01893,0.0163
eh2010,500000,0.0,12.5,1.1045,0.04932,0.02463,0.0165
eh2010,500000,0.0,13.0,1.0748,0.06063,0.03394,0.0145
eh2010,500000,0.0,13.5,1.0421,0.07265,0.04504,0.009
eh2010,500000,0.0,14.0,1.0081,0.08584,0.05805,0.0018
eh2010,500000,0.0,14.5,0.9741,0.10063,0.07353,-0.0069
eh2010,500000,0.0,15.0,0.9404,0.11716,0.09187,-0.0169
eh2010,1000000,0.0,-5.0,-0.4455,0.01039,0.00102,-0.0041
eh2010,1000000,0.0,-4.5,-0.3944,0.00961,0.0005,-0.003
eh2010,1000000,0.0,-4.0,-0.3406,0.00933,0.00034,-0.0026
eh2010,1000000,0.0,-3.5,-0.2873,0.00885,5e-05,-0.002
eh2010,1000000,0.0,-3.0,-0.2335,0.00844,-0.00011,-0.0015
eh2010,1000000,0.0,-2.5,-0.1791,0.00817,-0.00018,-0.0012
eh2010,1000000,0.0,-2.0,-0.1249,0.00786,-0.00024,-0.0009
eh2010,1000000,0.0,-1.5,-0.0716,0.00744,-0.0003,-0.0006
eh2010,1000000,0.0,-1.0,-0.0283,0.00577,-0.00047,0.0011
eh2010,1000000,0.0,-0.5,0.0212,0.00533,-0.00037,0.0027
eh2010,1000000,0.0,0.0,0.0744,0.00534,-0.00026,0.0036
eh2010,1000000,0.0,0.5,0.1273,0.00537,-0.00015,0.0046
eh2010,1000000,0.0,1.0,0.1804,0.00547,-6e-05,0.0055
eh2010,1000000,0.0,1.5,0.2308,0.00565,4e-05,0.0072
eh2010,1000000,0.0,2.0,0.2857,0.00578,0.00012,0.0077
eh2010,1000000,0.0,2.5,0.3446,0.00598,0.00015,0.0071
eh2010,1000000,0.0,3.0,0.4111,0.00612,0.00016,0.0047
eh2010,1000000,0.0,3.5,0.4773,0.00632,0.00019,0.0022
eh2010,1000000,0.0,4.0,0.5462,0.00653,0.00019,-0.0008
eh2010,1000000,0.0,4.5,0.6135,0.00671,0.0002,-0.0036
eh2010,1000000,0.0,5.0,0.6803,0.00698,0.00021,-0.0063
eh2010,1000000,0.0,5.5,0.748,0.00729,0.00021,-0.0093
eh2010,1000000,0.0,6.0,0.8037,0.00777,0.00022,-0.01
eh2010,1000000,0.0,6.5,0.8473,0.00853,0.00041,-0.0082
eh2010,1000000,0.0,7.0,0.8869,0.00974,0.00087,-0.006
eh2010,1000000,0.0,7.5,0.9242,0.01128,0.00163,-0.0035
eh2010,1000000,0.0,8.0,0.9654,0.01253,0.00222,-0.0015
eh2010,1000000,0.0,8.5,1.0102,0.01361,0.00247,0.0
eh2010,1000000,0.0,9.0,1.0542,0.01489,0.00292,0.0015
eh2010,1000000,0.0,9.5,1.0933,0.01674,0.00372,0.0033
eh2010,1000000,0.0,10.0,1.1241,0.01932,0.005,0.0059
eh2010,1000000,0.0,10.5,1.143,0.0227,0.00684,0.0094
eh2010,1000000,0.0,11.0,1.1454,0.02671,0.00918,0.0141
eh2010,1000000,0.0,11.5,1.141,0.03202,0.01264,0.0168
eh2010,1000000,0.0,12.0,1.1308,0.03902,0.01755,0.0178
ag45c03,50000,0.0,-5.0,-0.505,0.07874,0.06737,0.0156
ag45c03,50000,0.0,-4.5,-0.4807,0.07148,0.06094,0.0185
ag45c03,50000,0.0,-4.0,-0.4605,0.06506,0.05504,0.0222
ag45c03,50000,0.0,-3.5,-0.3879,0.05131,0.04012,-0.0124
ag45c03,50000,0.0,-3.0,-0.2788,0.03343,0.0191,-0.0332
ag45c03,50000,0.0,-2.5,-0.2185,0.0273,0.01251,-0.0334
ag45c03,50000,0.0,-2.0,-0.1611,0.02304,0.00847,-0.0325
ag45c03,50000,0.0,-1.5,-0.1058,0.01905,0.00548,-0.0309
ag45c03,50000,0.0,-1.0,-0.0492,0.01405,0.00321,-0.027
ag45c03,50000,0.0,-0.5,0.0015,0.01403,0.00274,-0.0267
ag45c03,50000,0.0,0.0,0.0478,0.0142,0.00271,-0.0264
ag45c03,50000,0.0,0.5,0.0864,0.01478,0.00313,-0.026
ag45c03,50000,0.0,1.0,0.1249,0.01579,0.00395,-0.0268
ag45c03,50000,0.0,1.5,0.2085,0.01708,0.00515,-0.0362
ag45c03,50000,0.0,2.0,0.3404,0.01787,0.006,-0.0516
ag45c03,50000,0.0,2.5,0.4248,0.01851,0.00659,-0.0557
ag45c03,50000,0.0,3.0,0.4792,0.01944,0.00736,-0.0534
ag45c03,50000,0.0,3.5,0.526,0.02064,0.00835,-0.0498
ag45c03,50000,0.0,4.0,0.5706,0.02202,0.00944,-0.0456
ag45c03,50000,0.0,4.5,0.6152,0.02345,0.01068,-0.0423
ag45c03,50000,0.0,5.0,0.6606,0.02442,0.01137,-0.0385
ag45c03,50000,0.0,5.5,0.7069,0.02519,0.0118,-0.0347
ag45c03,50000,0.0,6.0,0.7537,0.02599,0.0121,-0.0309
ag45c03,50000,0.0,6.5,0.8007,0.02716,0.01271,-0.0277
ag45c03,50000,0.0,7.0,0.8477,0.02861,0.01346,-0.0248
ag45c03,50000,0.0,7.5,0.8944,0.03047,0.01436,-0.0221
ag45c03,50000,0.0,8.0,0.9395,0.03325,0.01617,-0.0199
ag45c03,50000,0.0,8.5,0.9811,0.03723,0.01921,-0.018
ag45c03,50000,0.0,9.0,1.0192,0.0422,0.02296,-0.0162
ag45c03,50000,0.0,9.5,1.0502,0.04925,0.02879,-0.0149
ag45c03,50000,0.0,10.0,1.0636,0.05886,0.03771,-0.0147
ag45c03,50000,0.0,10.5,1.0408,0.07263,0.05155,-0.0182
ag45c03,50000,0.0,11.0,1.0128,0.08624,0.06444,-0.0232
ag45c03,50000,0.0,12.0,0.8403,0.14463,0.13038,-0.0776
ag45c03,50000,0.0,12.5,0.8648,0.15499,0.13967,-0.0773
ag45c03,50000,0.0,13.0,0.8543,0.16096,0.14859,-0.0803
ag45c03,50000,0.0,13.5,0.8617,0.16909,0.15856,-0.0825
ag45c03,50000,0.0,14.0,0.8719,0.17739,0.16897,-0.0847
ag45c03,50000,0.0,14.5,0.8798,0.18451,0.17937,-0.0873
ag45c03,50000,0.0,15.0,0.8911,0.19206,0.19035,-0.09
ag45c03,100000,0.0,-5.0,-0.4727,0.06514,0.05354,-0.0164
ag45c03,100000,0.0,-4.5,-0.4372,0.05722,0.04653,-0.0199
ag45c03,100000,0.0,-4.0,-0.394,0.04977,0.03892,-0.0253
ag45c03,100000,0.0,-3.5,-0.3528,0.04347,0.03379,-0.0257
ag45c03,100000,0.0,-3.0,-0.2914,0.03488,0.0247,-0.031
ag45c03,100000,0.0,-2.5,-0.2075,0.02092,0.00812,-0.032
ag45c03,100000,0.0,-2.0,-0.1519,0.01761,0.00523,-0.031
ag45c03,100000,0.0,-1.5,-0.0984,0.01476,0.00336,-0.03
ag45c03,100000,0.0,-1.0,-0.062,0.01031,0.00245,-0.0253
ag45c03,100000,0.0,-0.5,0.0047,0.00997,0.00204,-0.0272
ag45c03,100000,0.0,0.0,0.0664,0.01033,0.00223,-0.0306
ag45c03,100000,0.0,0.5,0.1698,0.01051,0.00222,-0.0403
ag45c03,100000,0.0,1.0,0.2338,0.01081,0.00224,-0.0407
ag45c03,100000,0.0,1.5,0.2836,0.0113,0.00242,-0.0383
ag45c03,100000,0.0,2.0,0.3332,0.01195,0.00273,-0.0361
ag45c03,100000,0.0,2.5,0.3834,0.01271,0.00317,-0.0342
ag45c03,100000,0.0,3.0,0.4346,0.01343,0.00367,-0.0328
ag45c03,100000,0.0,3.5,0.4862,0.01386,0.00388,-0.0313
ag45c03,100000,0.0,4.0,0.538,0.01419,0.00394,-0.0298
ag45c03,100000,0.0,4.5,0.5899,0.01455,0.00399,-0.0284
ag45c03,100000,0.0,5.0,0.6417,0.01503,0.00409,-0.027
ag45c03,100000,0.0,5.5,0.6933,0.01562,0.00423,-0.0258
ag45c03,100000,0.0,6.0,0.7445,0.01634,0.00444,-0.0246
ag45c03,100000,0.0,6.5,0.7949,0.01726,0.00474,-0.0235
ag45c03,100000,0.0,7.0,0.8444,0.01852,0.00523,-0.0224
ag45c03,100000,0.0,7.5,0.8929,0.02014,0.00603,-0.0215
ag45c03,100000,0.0,8.0,0.9401,0.02214,0.00723,-0.0205
ag45c03,100000,0.0,8.5,0.9853,0.02465,0.00862,-0.0195
ag45c03,100000,0.0,9.0,1.0286,0.02799,0.01075,-0.0182
ag45c03,100000,0.0,9.5,1.0695,0.0322,0.01334,-0.0168
ag45c03,100000,0.0,10.0,1.1062,0.03807,0.01768,-0.0152
ag45c03,100000,0.0,10.5,1.1356,0.0438,0.0223,-0.0136
ag45c03,100000,0.0,11.0,1.141,0.05449,0.03109,-0.0124
ag45c03,100000,0.0,11.5,1.1235,0.06454,0.04073,-0.0122
ag45c03,100000,0.0,12.0,1.0883,0.07503,0.05052,-0.0145
ag45c03,200000,0.0,-5.0,-0.4641,0.0571,0.04735,-0.0194
ag45c03,200000,0.0,-4.5,-0.4129,0.04667,0.03364,-0.0293
ag45c03,200000,0.0,-4.0,-0.3744,0.03996,0.0303,-0.0299
ag45c03,200000,0.0,-3.5,-0.3241,0.03313,0.02347,-0.0322
ag45c03,200000,0.0,-3.0,-0.2717,0.02773,0.01817,-0.0332
ag45c03,200000,0.0,-2.5,-0.2023,0.01637,0.00536,-0.0306
ag45c03,200000,0.0,-2.0,-0.1481,0.0136,0.00335,-0.0298
ag45c03,200000,0.0,-1.5,-0.0937,0.01158,0.00198,-0.0292
ag45c03,200000,0.0,-1.0,-0.0362,0.00919,0.00133,-0.0307
ag45c03,200000,0.0,-0.5,0.0462,0.00712,0.00128,-0.0344
ag45c03,200000,0.0,0.0,0.0994,0.00744,0.0011,-0.0328
ag45c03,200000,0.0,0.5,0.1511,0.00786,0.00109,-0.0313
ag45c03,200000,0.0,1.0,0.2042,0.00829,0.00119,-0.0304
ag45c03,200000,0.0,1.5,0.2579,0.00873,0.00137,-0.0296
ag45c03,200000,0.0,2.0,0.3125,0.00896,0.00145,-0.029
ag45c03,200000,0.0,2.5,0.3671,0.00911,0.00143,-0.0284
ag45c03,200000,0.0,3.0,0.4216,0.00932,0.00142,-0.0278
ag45c03,200000,0.0,3.5,0.4759,0.00959,0.00143,-0.0272
ag45c03,200000,0.0,4.5,0.5841,0.01034,0.00156,-0.0262
ag45c03,200000,0.0,5.0,0.6381,0.01078,0.00169,-0.0257
ag45c03,200000,0.0,5.5,0.6917,0.01132,0.00182,-0.0253
ag45c03,200000,0.0,6.0,0.7448,0.01196,0.00204,-0.0249
ag45c03,200000,0.0,6.5,0.7973,0.01279,0.00235,-0.0245
ag45c03,200000,0.0,7.0,0.8489,0.0138,0.00281,-0.0242
ag45c03,200000,0.0,7.5,0.8995,0.01506,0.00342,-0.0238
ag45c03,200000,0.0,8.0,0.9492,0.01649,0.0042,-0.0234
ag45c03,200000,0.0,8.5,0.9967,0.01834,0.00521,-0.0228
ag45c03,200000,0.0,9.0,1.0422,0.02061,0.00655,-0.0219
ag45c03,200000,0.0,9.5,1.0852,0.02323,0.00809,-0.0208
ag45c03,200000,0.0,10.0,1.1232,0.02735,0.01075,-0.0189
ag45c03,200000,0.0,10.5,1.1544,0.0327,0.01422,-0.0172
ag45c03,200000,0.0,11.0,1.1831,0.03797,0.01858,-0.0153
ag45c03,200000,0.0,11.5,1.1925,0.04545,0.02501,-0.0133
ag45c03,200000,0.0,12.0,1.177,0.0535,0.03235,-0.012
ag45c03,200000,0.0,12.5,1.1414,0.0642,0.04271,-0.0173
ag45c03,200000,0.0,13.0,1.0957,0.08008,0.05875,-0.0293
ag45c03,200000,0.0,13.5,1.0436,0.1005,0.0803,-0.0442
ag45c03,200000,0.0,14.0,0.9826,0.12576,0.10797,-0.0589
ag45c03,200000,0.0,14.5,0.7762,0.14605,0.11399,-0.0503
ag45c03,200000,0.0,15.0,0.7561,0.15504,0.124,-0.0528
cootie,50000,0.0,-5.0,-0.3015,0.08241,0.05642,-0.0272
cootie,50000,0.0,-4.0,-0.2892,0.07062,0.0491,-0.0171
cootie,50000,0.0,-3.5,-0.2603,0.06712,0.04508,-0.0191
cootie,50000,0.0,-2.5,-0.1843,0.05839,0.03777,-0.0246
cootie,50000,0.0,-2.0,-0.132,0.05546,0.0336,-0.0248
cootie,50000,0.0,-1.5,-0.0628,0.04782,0.02964,-0.0287
cootie,50000,0.0,-1.0,0.0817,0.04478,0.02753,-0.0597
cootie,50000,0.0,0.0,0.3627,0.04397,0.0238,-0.1019
cootie,50000,0.0,0.5,0.4308,0.04283,0.02293,-0.1048
cootie,50000,0.0,1.0,0.5322,0.04174,0.02148,-0.1115
cootie,50000,0.0,1.5,0.6224,0.04374,0.02075,-0.1177
cootie,50000,0.0,2.0,0.64,0.04362,0.02246,-0.1135
cootie,50000,0.0,2.5,0.6846,0.04245,0.02294,-0.1123
cootie,50000,0.0,3.0,0.7619,0.04282,0.02275,-0.1151
cootie,50000,0.0,3.5,0.8314,0.04562,0.02281,-0.1169
cootie,50000,0.0,4.0,0.8216,0.04953,0.02788,-0.1124
cootie,50000,0.0,4.5,0.8573,0.05182,0.03003,-0.1112
cootie,50000,0.0,5.0,0.9305,0.05189,0.02917,-0.1118
cootie,50000,0.0,5.5,0.9534,0.05828,0.03246,-0.11
cootie,50000,0.0,6.0,0.9228,0.06631,0.04108,-0.1074
cootie,50000,0.0,6.5,0.9101,0.07464,0.04873,-0.1067
cootie,50000,0.0,7.0,0.909,0.08159,0.05502,-0.1061
cootie,50000,0.0,7.5,0.9392,0.08468,0.05743,-0.1049
cootie,50000,0.0,8.0,1.0657,0.0816,0.04724,-0.1012
cootie,50000,0.0,8.5,1.0314,0.08851,0.05672,-0.1001
cootie,50000,0.0,9.0,1.0133,0.09539,0.06419,-0.0988
cootie,50000,0.0,10.0,1.2231,0.05688,0.01259,-0.0662
cootie,50000,0.0,10.5,1.2063,0.06518,0.01871,-0.064
cootie,50000,0.0,11.0,1.1966,0.07264,0.02378,-0.0615
cootie,50000,0.0,11.5,1.2083,0.07755,0.02518,-0.0564
cootie,50000,0.0,12.0,1.2657,0.08166,0.02422,-0.0487
cootie,50000,0.0,12.5,1.2494,0.09283,0.03494,-0.0485
cootie,50000,0.0,13.0,1.2127,0.10618,0.04983,-0.0521
cootie,50000,0.0,13.5,1.1682,0.12213,0.06971,-0.0597
cootie,50000,0.0,14.0,1.1228,0.14157,0.09615,-0.0713
cootie,50000,0.0,14.5,1.0881,0.16296,0.12718,-0.0839
cootie,50000,0.0,15.0,1.0771,0.1802,0.15248,-0.0925
cootie,200000,0.0,-4.5,0.1248,0.04224,0.0242,-0.1083
cootie,200000,0.0,-4.0,0.1662,0.03891,0.02162,-0.1081
cootie,200000,0.0,-3.5,0.2203,0.03706,0.01826,-0.109
cootie,200000,0.0,-3.0,0.2809,0.03812,0.01487,-0.1091
cootie,200000,0.0,-2.5,0.3315,0.0283,0.01231,-0.1136
cootie,200000,0.0,-2.0,0.3803,0.02572,0.01072,-0.1142
cootie,200000,0.0,-1.5,0.4328,0.0235,0.00879,-0.1145
cootie,200000,0.0,-1.0,0.4892,0.02331,0.00668,-0.1143
cootie,200000,0.0,-0.5,0.544,0.01894,0.00526,-0.1159
cootie,200000,0.0,0.0,0.6005,0.01746,0.00369,-0.1164
cootie,200000,0.0,0.5,0.6725,0.01425,-0.00049,-0.1155
cootie,200000,0.0,1.0,0.7257,0.01341,-0.00132,-0.1152
cootie,200000,0.0,1.5,0.779,0.01311,-0.00162,-0.115
cootie,200000,0.0,2.0,0.8323,0.013,-0.00198,-0.1146
cootie,200000,0.0,2.5,0.8862,0.01349,-0.00189,-0.115
cootie,200000,0.0,3.0,0.9379,0.01337,-0.00205,-0.1147
cootie,200000,0.0,3.5,0.9892,0.01352,-0.00222,-0.1144
cootie,200000,0.0,4.0,1.0347,0.01256,-0.00237,-0.113
cootie,500000,0.0,-3.5,0.2312,0.01472,0.00792,-0.1027
cootie,500000,0.0,-3.0,0.2835,0.01172,0.0051,-0.1044
cootie,500000,0.0,-2.5,0.3353,0.0098,0.00275,-0.105
cootie,500000,0.0,-2.0,0.3893,0.00855,0.00094,-0.1059
cootie,500000,0.0,-1.0,0.4947,0.00541,-0.00115,-0.1084
cootie,500000,0.0,-0.5,0.5498,0.0049,-0.00199,-0.1092
cootie,500000,0.0,0.0,0.6052,0.00451,-0.00283,-0.1098
fx61168,50000,0.0,-5.0,-0.451,0.04137,0.01824,-0.0554
fx61168,50000,0.0,-4.5,-0.393,0.03982,0.01741,-0.0533
fx61168,50000,0.0,-4.0,-0.3493,0.03765,0.01689,-0.0518
fx61168,50000,0.0,-3.5,-0.351,0.04078,0.0236,-0.0331
fx61168,50000,0.0,-3.0,-0.3636,0.0463,0.02834,-0.0092
fx61168,50000,0.0,-2.5,-0.1548,0.05029,0.03172,-0.0187
fx61168,50000,0.0,-2.0,-0.0993,0.04957,0.03089,-0.0234
fx61168,50000,0.0,-1.5,-0.0744,0.04928,0.0305,-0.0231
fx61168,50000,0.0,-1.0,-0.0109,0.04921,0.03041,-0.0294
fx61168,50000,0.0,-0.5,0.0511,0.04942,0.03084,-0.0357
fx61168,50000,0.0,0.0,0.1088,0.05017,0.03164,-0.0415
fx61168,50000,0.0,0.5,0.1882,0.05099,0.03257,-0.0504
fx61168,50000,0.0,1.0,0.2124,0.05271,0.03433,-0.0515
fx61168,50000,0.0,1.5,0.1963,0.05427,0.03557,-0.0452
fx61168,50000,0.0,2.0,0.2297,0.05588,0.03662,-0.0453
fx61168,50000,0.0,2.5,0.2072,0.05782,0.03807,-0.0387
fx61168,50000,0.0,4.0,0.0849,0.06195,0.041,-0.0155
fx61168,50000,0.0,4.5,0.1205,0.0639,0.04339,-0.0179
fx61168,50000,0.0,5.0,0.1717,0.06749,0.04702,-0.0231
fx61168,50000,0.0,5.5,0.2234,0.07149,0.05096,-0.0285
fx61168,50000,0.0,6.0,0.2756,0.07576,0.05508,-0.0338
fx61168,50000,0.0,6.5,0.3189,0.08017,0.05929,-0.0382
fx61168,50000,0.0,7.0,0.3656,0.08485,0.06373,-0.0428
fx61168,50000,0.0,7.5,0.4192,0.09088,0.06892,-0.0485
fx61168,50000,0.0,8.0,0.4816,0.09778,0.07439,-0.0548
fx61168,50000,0.0,9.5,0.567,0.11111,0.08894,-0.0622
fx61168,50000,0.0,10.0,0.5921,0.11663,0.09454,-0.0648
fx61168,50000,0.0,11.0,0.7423,0.12282,0.09688,-0.068
fx61168,50000,0.0,11.5,0.7894,0.1267,0.09976,-0.0694
fx61168,50000,0.0,12.0,0.7632,0.13762,0.11313,-0.0743
fx61168,50000,0.0,12.5,0.7988,0.14178,0.11651,-0.075
fx61168,50000,0.0,13.0,0.8166,0.15398,0.128,-0.0802
fx61168,50000,0.0,13.5,0.8813,0.15004,0.12286,-0.0761
fx61168,50000,0.0,14.0,0.8468,0.16283,0.14096,-0.0831
fx61168,50000,0.0,14.5,0.8864,0.16782,0.1444,-0.0831
fx61168,50000,0.0,15.0,0.8846,0.18071,0.16031,-0.089
fx61168,100000,0.0,-5.0,-0.1141,0.01925,0.00556,-0.1007
fx61168,100000,0.0,-4.5,-0.0669,0.02519,0.01236,-0.0887
fx61168,100000,0.0,-4.0,0.0071,0.03202,0.01877,-0.0753
fx61168,100000,0.0,-3.5,0.0582,0.03189,0.0188,-0.0739
fx61168,100000,0.0,-3.0,0.0814,0.03158,0.01854,-0.0709
fx61168,100000,0.0,-2.5,0.1302,0.03134,0.01839,-0.0693
fx61168,100000,0.0,-2.0,0.1669,0.03099,0.01814,-0.0674
fx61168,100000,0.0,-1.5,0.18,0.03128,0.01836,-0.0623
fx61168,100000,0.0,-1.0,0.2375,0.03063,0.01782,-0.0629
fx61168,100000,0.0,-0.5,0.234,0.03149,0.01845,-0.0557
fx61168,100000,0.0,0.0,0.2829,0.031,0.01819,-0.0543
fx61168,100000,0.0,0.5,0.3049,0.0316,0.0185,-0.0513
fx61168,100000,0.0,1.0,0.324,0.03207,0.01902,-0.0471
fx61168,100000,0.0,1.5,0.3942,0.03165,0.01853,-0.0502
fx61168,100000,0.0,2.0,0.3766,0.03401,0.0205,-0.043
fx61168,100000,0.0,2.5,0.4517,0.0331,0.01969,-0.0456
fx61168,100000,0.0,3.0,0.4453,0.03597,0.02191,-0.041
fx61168,100000,0.0,3.5,0.522,0.03515,0.02121,-0.044
fx61168,100000,0.0,4.0,0.6037,0.03424,0.02007,-0.047
fx61168,100000,0.0,4.5,0.5801,0.03882,0.02396,-0.0422
fx61168,100000,0.0,5.0,0.6757,0.03657,0.02182,-0.0456
fx61168,100000,0.0,6.0,0.7434,0.03897,0.02333,-0.043
fx61168,100000,0.0,7.0,0.8141,0.04213,0.02541,-0.0422
fx61168,100000,0.0,7.5,0.9383,0.03724,0.02072,-0.0468
fx61168,100000,0.0,8.0,0.8895,0.04427,0.02639,-0.0412
fx61168,100000,0.0,8.5,1.0485,0.03603,0.01887,-0.0473
fx61168,100000,0.0,9.0,1.0225,0.04222,0.02375,-0.0447
fx61168,100000,0.0,9.5,1.0692,0.04352,0.02427,-0.0463
fx61168,100000,0.0,10.0,1.262,0.0283,0.00935,-0.052
fx61168,100000,0.0,10.5,1.3009,0.02885,0.00845,-0.0515
fx61168,100000,0.0,11.0,1.325,0.03102,0.00895,-0.0507
fx61168,100000,0.0,11.5,1.3309,0.03513,0.01127,-0.05
fx61168,100000,0.0,12.0,1.3323,0.04023,0.01432,-0.05
fx61168,100000,0.0,12.5,1.3275,0.04625,0.01814,-0.0502
fx61168,100000,0.0,13.0,1.3152,0.05351,0.02327,-0.051
fx61168,100000,0.0,13.5,1.2929,0.06221,0.0299,-0.0522
fx61168,100000,0.0,14.0,1.2729,0.07139,0.03725,-0.0541
fx61168,100000,0.0,14.5,1.2503,0.08143,0.04578,-0.0566
fx61168,100000,0.0,15.0,1.2218,0.09278,0.05607,-0.0598
fx61168,200000,0.0,-5.0,-0.0501,0.0131,0.00103,-0.1096
fx61168,200000,0.0,-4.5,0.0004,0.01372,0.00305,-0.1077
fx61168,200000,0.0,-4.0,0.0512,0.01563,0.00503,-0.1044
fx61168,200000,0.0,-3.5,0.0951,0.01855,0.00781,-0.0972
fx61168,200000,0.0,-3.0,0.1449,0.01861,0.00815,-0.0962
fx61168,200000,0.0,-2.5,0.1945,0.01897,0.00859,-0.0942
fx61168,200000,0.0,-2.0,0.2555,0.01905,0.00837,-0.0967
fx61168,200000,0.0,-1.5,0.3035,0.01893,0.00863,-0.0955
fx61168,200000,0.0,-1.0,0.3517,0.01901,0.00887,-0.0939
fx61168,200000,0.0,-0.5,0.4087,0.01909,0.00881,-0.0947
fx61168,200000,0.0,0.0,0.4636,0.01915,0.00889,-0.0957
fx61168,200000,0.0,0.5,0.5082,0.01924,0.00924,-0.0935
fx61168,200000,0.0,1.0,0.5626,0.01925,0.00926,-0.094
fx61168,200000,0.0,1.5,0.6287,0.01942,0.00898,-0.0974
fx61168,200000,0.0,2.0,0.6752,0.01938,0.0092,-0.0962
fx61168,200000,0.0,2.5,0.7245,0.01935,0.00924,-0.0953
fx61168,200000,0.0,3.0,0.7827,0.01939,0.00909,-0.0964
fx61168,200000,0.0,3.5,0.8412,0.01983,0.00913,-0.0982
fx61168,200000,0.0,4.0,0.8925,0.01975,0.00918,-0.0981
fx61168,200000,0.0,4.5,0.9478,0.01953,0.00878,-0.0981
fx61168,200000,0.0,5.0,0.9994,0.01982,0.00877,-0.0981
fx61168,200000,0.0,5.5,1.054,0.01967,0.00846,-0.0986
fx61168,200000,0.0,6.0,1.1192,0.01973,0.00778,-0.101
fx61168,200000,0.0,6.5,1.1617,0.01938,0.00753,-0.0989
fx61168,200000,0.0,7.0,1.2054,0.01806,0.00552,-0.0961
fx61168,200000,0.0,7.5,1.2455,0.01786,0.00444,-0.0935
fx61168,200000,0.0,8.0,1.2862,0.01835,0.00405,-0.0917
fx61168,200000,0.0,8.5,1.319,0.01904,0.00392,-0.0886
fx61168,200000,0.0,9.0,1.3407,0.02006,0.00394,-0.0838
fx61168,200000,0.0,9.5,1.3527,0.02195,0.00442,-0.0784
fx61168,200000,0.0,10.0,1.3573,0.02473,0.00555,-0.0734
fx61168,200000,0.0,10.5,1.3555,0.02825,0.00739,-0.0688
fx61168,200000,0.0,11.0,1.3367,0.03387,0.01089,-0.0649
fx61168,200000,0.0,11.5,1.3261,0.03993,0.01484,-0.0632
fx61168,200000,0.0,12.0,1.3129,0.04637,0.01928,-0.0618
fx61168,200000,0.0,12.5,1.294,0.05372,0.02467,-0.0607
fx61168,200000,0.0,13.0,1.2871,0.06041,0.02959,-0.0606
fx61168,200000,0.0,13.5,1.2858,0.06618,0.03376,-0.06
fx61168,200000,0.0,14.0,1.2821,0.07235,0.03845,-0.0597
fx61168,200000,0.0,14.5,1.2742,0.07887,0.04371,-0.0597
fx61168,200000,0.0,15.0,1.2718,0.08718,0.05076,-0.0627
fx61168,500000,0.0,-5.0,-0.0461,0.01233,0.00011,-0.1058
fx61168,500000,0.0,-4.5,0.0144,0.00929,-0.0007,-0.1113
fx61168,500000,0.0,-4.0,0.0766,0.00867,-0.00032,-0.1136
fx61168,500000,0.0,-3.5,0.1354,0.00893,0.00018,-0.1142
fx61168,500000,0.0,-3.0,0.1918,0.00974,0.00109,-0.1137
fx61168,500000,0.0,-2.5,0.2487,0.00997,0.00154,-0.1139
fx61168,500000,0.0,-2.0,0.3052,0.01012,0.00181,-0.114
fx61168,500000,0.0,-1.5,0.3627,0.01025,0.00193,-0.1145
fx61168,500000,0.0,-1.0,0.4213,0.01048,0.00207,-0.1153
fx61168,500000,0.0,-0.5,0.4809,0.01065,0.00228,-0.1165
fx61168,500000,0.0,0.0,0.5362,0.01074,0.00253,-0.1165
fx61168,500000,0.0,0.5,0.5921,0.01085,0.00269,-0.1166
fx61168,500000,0.0,1.0,0.6491,0.0109,0.00269,-0.1171
fx61168,500000,0.0,1.5,0.7068,0.01109,0.0027,-0.1178
fx61168,500000,0.0,2.0,0.7657,0.01136,0.00276,-0.1189
fx61168,500000,0.0,2.5,0.8223,0.01119,0.00279,-0.1195
fx61168,500000,0.0,3.0,0.8774,0.01117,0.00274,-0.1196
fx61168,500000,0.0,3.5,0.9322,0.01128,0.00266,-0.1196
fx61168,500000,0.0,4.0,0.9878,0.01146,0.00262,-0.1199
fx61168,500000,0.0,4.5,1.0432,0.01145,0.00247,-0.1202
fx61168,500000,0.0,5.0,1.0965,0.01159,0.00222,-0.1201
fx61168,500000,0.0,5.5,1.1439,0.01165,0.00172,-0.1187
fx61168,500000,0.0,6.0,1.1864,0.01216,0.00162,-0.1169
fx61168,500000,0.0,6.5,1.2256,0.01306,0.00178,-0.1144
fx61168,500000,0.0,7.0,1.2566,0.01446,0.00219,-0.1108
fx61168,500000,0.0,7.5,1.2696,0.01657,0.00301,-0.1044
fx61168,500000,0.0,8.0,1.2785,0.0188,0.00398,-0.0976
fx61168,500000,0.0,8.5,1.2864,0.0212,0.00514,-0.0914
fx61168,500000,0.0,9.0,1.2802,0.02478,0.00715,-0.0846
fx61168,500000,0.0,9.5,1.3043,0.02685,0.00823,-0.0824
fx61168,500000,0.0,10.0,1.326,0.02935,0.00959,-0.0805
fx61168,500000,0.0,10.5,1.3456,0.03224,0.01122,-0.0788
fx61168,500000,0.0,11.0,1.3625,0.03563,0.01321,-0.0774
fx61168,500000,0.0,11.5,1.3758,0.03956,0.01558,-0.0762
fx61168,500000,0.0,12.0,1.3852,0.044,0.01838,-0.0752
fx61168,500000,0.0,12.5,1.3908,0.04902,0.02168,-0.0744
fx61168,500000,0.0,13.0,1.3922,0.05469,0.02564,-0.0739
fx61168,500000,0.0,13.5,1.3888,0.06113,0.03034,-0.0736
fx61168,500000,0.0,14.0,1.3821,0.06838,0.03585,-0.0739
fx61168,500000,0.0,14.5,1.3734,0.07627,0.04209,-0.0747
fx61168,500000,0.0,15.0,1.363,0.08467,0.04901,-0.0759
fx61168,1000000,0.0,-5.0,-0.0407,0.01031,-0.00059,-0.1077
fx61168,1000000,0.0,-4.5,0.0172,0.00945,-0.00076,-0.1093
fx61168,1000000,0.0,-4.0,0.0829,0.00749,-0.00117,-0.1143
fx61168,1000000,0.0,-3.5,0.1471,0.00696,-0.001,-0.1171
fx61168,1000000,0.0,-3.0,0.2079,0.00686,-0.00072,-0.1184
fx61168,1000000,0.0,-2.5,0.267,0.00697,-0.00036,-0.1191
fx61168,1000000,0.0,-2.0,0.3257,0.00711,-0.00011,-0.1198
fx61168,1000000,0.0,-1.5,0.3845,0.00723,2e-05,-0.1205
fx61168,1000000,0.0,-1.0,0.4428,0.00733,0.00016,-0.1213
fx61168,1000000,0.0,-0.5,0.5011,0.00748,0.00036,-0.122
fx61168,1000000,0.0,0.0,0.5594,0.00752,0.00048,-0.1227
fx61168,1000000,0.0,0.5,0.6178,0.0076,0.00058,-0.1234
fx61168,1000000,0.0,1.0,0.6758,0.00772,0.00066,-0.124
fx61168,1000000,0.0,1.5,0.7328,0.00791,0.00073,-0.1244
fx61168,1000000,0.0,2.0,0.7905,0.00802,0.00077,-0.1252
fx61168,1000000,0.0,2.5,0.8487,0.00799,0.00076,-0.126
fx61168,1000000,0.0,3.0,0.906,0.00805,0.00075,-0.1266
fx61168,1000000,0.0,3.5,0.9613,0.00822,0.00073,-0.1267
fx61168,1000000,0.0,4.0,1.018,0.00835,0.00072,-0.1272
fx61168,1000000,0.0,4.5,1.0683,0.00873,0.00059,-0.1265
fx61168,1000000,0.0,5.0,1.1152,0.00947,0.00069,-0.1253
fx61168,1000000,0.0,5.5,1.1611,0.01031,0.0009,-0.124
fx61168,1000000,0.0,6.0,1.1847,0.01255,0.0018,-0.1191
fx61168,1000000,0.0,6.5,1.2084,0.01452,0.00273,-0.1143
fx61168,1000000,0.0,7.0,1.2189,0.0167,0.00378,-0.1071
fx61168,1000000,0.0,7.5,1.2573,0.01745,0.00392,-0.1046
fx61168,1000000,0.0,8.0,1.2923,0.01834,0.00412,-0.1017
fx61168,1000000,0.0,8.5,1.3247,0.01938,0.00442,-0.0986
fx61168,1000000,0.0,9.0,1.3542,0.02062,0.00481,-0.0954
fx61168,1000000,0.0,9.5,1.3807,0.02214,0.00536,-0.0922
fx61168,1000000,0.0,10.0,1.4038,0.02404,0.00618,-0.0891
fx61168,1000000,0.0,10.5,1.4231,0.02648,0.00737,-0.0863
fx61168,1000000,0.0,11.0,1.439,0.02952,0.00903,-0.0839
fx61168,1000000,0.0,11.5,1.4513,0.03318,0.01117,-0.082
fx61168,1000000,0.0,12.0,1.4596,0.03751,0.0138,-0.0804
fx61168,1000000,0.0,12.5,1.4618,0.04262,0.01699,-0.0789
fx61168,1000000,0.0,13.0,1.4577,0.04865,0.02088,-0.0776
fx61168,1000000,0.0,13.5,1.4462,0.05585,0.02587,-0.0767
fx61168,1000000,0.0,14.0,1.4272,0.06428,0.03208,-0.0763
fx61168,1000000,0.0,14.5,1.4009,0.07418,0.03974,-0.0766
ah80136,50000,0.0,-5.0,-0.328,0.05367,0.03624,-0.0628
ah80136,50000,0.0,-4.5,-0.3197,0.05081,0.03123,-0.0566
ah80136,50000,0.0,-4.0,-0.2911,0.04607,0.02778,-0.054
ah80136,50000,0.0,-3.5,-0.2545,0.04315,0.0249,-0.0517
ah80136,50000,0.0,-3.0,-0.2171,0.04132,0.02356,-0.0504
ah80136,50000,0.0,-2.5,-0.1646,0.0398,0.02247,-0.0503
ah80136,50000,0.0,-1.5,-0.0241,0.03675,0.02324,-0.0545
ah80136,50000,0.0,0.0,-0.1312,0.03509,0.02128,-0.017
ah80136,50000,0.0,0.5,-0.0961,0.03673,0.02259,-0.0169
ah80136,50000,0.0,1.0,-0.0609,0.03857,0.02416,-0.0169
ah80136,50000,0.0,1.5,-0.0261,0.04059,0.02594,-0.0171
ah80136,50000,0.0,2.0,0.0084,0.04281,0.02793,-0.0175
ah80136,50000,0.0,3.5,0.2273,0.05729,0.04159,-0.0403
ah80136,50000,0.0,4.5,0.3206,0.06517,0.04887,-0.0438
ah80136,50000,0.0,5.0,0.3592,0.06903,0.05241,-0.0445
ah80136,50000,0.0,5.5,0.3962,0.07297,0.05597,-0.045
ah80136,50000,0.0,6.0,0.4297,0.07721,0.05965,-0.0454
ah80136,50000,0.0,6.5,0.5067,0.08629,0.06558,-0.0515
ah80136,50000,0.0,7.0,0.5146,0.08729,0.06813,-0.0483
ah80136,50000,0.0,7.5,0.5181,0.08973,0.07108,-0.0458
ah80136,50000,0.0,8.0,0.5606,0.09668,0.0761,-0.0479
ah80136,50000,0.0,8.5,0.593,0.1009,0.08027,-0.0482
ah80136,50000,0.0,9.0,0.589,0.10377,0.08386,-0.0462
ah80136,50000,0.0,9.5,0.6756,0.1169,0.09105,-0.0522
ah80136,50000,0.0,10.0,0.6364,0.11428,0.09362,-0.0472
ah80136,50000,0.0,10.5,0.6768,0.12366,0.10008,-0.0498
ah80136,50000,0.0,11.0,0.6905,0.12675,0.1046,-0.0492
ah80136,50000,0.0,11.5,0.6845,0.13149,0.11042,-0.0491
ah80136,50000,0.0,12.0,0.7367,0.14204,0.11715,-0.0514
ah80136,50000,0.0,12.5,0.7525,0.14684,0.12242,-0.051
ah80136,50000,0.0,13.0,0.8294,0.13251,0.10765,-0.0391
ah80136,50000,0.0,13.5,0.9287,0.11705,0.08894,-0.0263
ah80136,50000,0.0,14.0,1.1015,0.08315,0.0453,-0.001
ah80136,50000,0.0,14.5,1.1249,0.08933,0.04859,0.0017
ah80136,50000,0.0,15.0,1.0995,0.10057,0.06033,-0.0008
ah80136,100000,0.0,-4.5,-0.2584,0.0398,0.02415,-0.044
ah80136,100000,0.0,-4.0,-0.2095,0.03551,0.01984,-0.0415
ah80136,100000,0.0,-3.5,-0.1627,0.03341,0.01745,-0.0383
ah80136,100000,0.0,-3.0,-0.101,0.03172,0.01681,-0.0423
ah80136,100000,0.0,-2.5,-0.0503,0.03099,0.01684,-0.0441
ah80136,100000,0.0,-2.0,-0.0177,0.02862,0.01707,-0.0427
ah80136,100000,0.0,-1.5,0.2046,0.02889,0.01832,-0.0637
ah80136,100000,0.0,-1.0,0.2339,0.02992,0.01864,-0.0608
ah80136,100000,0.0,-0.5,0.273,0.03191,0.02058,-0.064
ah80136,100000,0.0,0.0,0.2997,0.03373,0.02257,-0.0646
ah80136,100000,0.0,0.5,0.3248,0.03544,0.02411,-0.0622
ah80136,100000,0.0,1.0,0.3658,0.03633,0.02423,-0.0577
ah80136,100000,0.0,1.5,0.3643,0.03935,0.02731,-0.0558
ah80136,100000,0.0,2.0,0.3884,0.04111,0.02891,-0.0529
ah80136,100000,0.0,2.5,0.4581,0.04132,0.02806,-0.0504
ah80136,100000,0.0,3.0,0.4378,0.04503,0.0321,-0.0477
ah80136,100000,0.0,3.5,0.4981,0.04583,0.03245,-0.0469
ah80136,100000,0.0,4.5,0.5556,0.04966,0.03554,-0.0431
ah80136,100000,0.0,5.0,0.633,0.04983,0.0345,-0.0422
ah80136,100000,0.0,5.5,0.6169,0.0536,0.0386,-0.0399
ah80136,100000,0.0,6.0,0.6942,0.05346,0.03748,-0.0397
ah80136,100000,0.0,8.0,0.8082,0.06172,0.04375,-0.0343
ah80136,100000,0.0,9.0,0.8672,0.06596,0.04673,-0.032
ah80136,100000,0.0,10.0,0.9365,0.06853,0.04788,-0.0292
ah80136,100000,0.0,10.5,0.9955,0.06386,0.04261,-0.0255
ah80136,100000,0.0,11.0,1.1792,0.04162,0.02036,-0.0183
ah80136,100000,0.0,11.5,1.1871,0.04323,0.01962,-0.0152
ah80136,100000,0.0,12.0,1.1423,0.05195,0.02576,-0.0137
ah80136,100000,0.0,12.5,1.1044,0.06133,0.03303,-0.0131
ah80136,100000,0.0,13.0,1.0876,0.06862,0.03842,-0.012
ah80136,100000,0.0,13.5,1.1104,0.07021,0.03675,-0.006
ah80136,100000,0.0,14.0,1.1408,0.07286,0.03694,-0.0024
ah80136,100000,0.0,14.5,1.1495,0.07841,0.04066,-0.0014
ah80136,100000,0.0,15.0,1.1505,0.08479,0.04606,-0.0018
ah80136,200000,0.0,-5.0,-0.3896,0.04155,0.02689,-0.0145
ah80136,200000,0.0,-4.5,-0.343,0.03675,0.02229,-0.0147
ah80136,200000,0.0,-4.0,-0.2817,0.0271,0.01283,-0.0111
ah80136,200000,0.0,-3.5,-0.2266,0.02496,0.0114,-0.0116
ah80136,200000,0.0,-3.0,-0.1715,0.0227,0.00957,-0.0108
ah80136,200000,0.0,-2.5,-0.1199,0.02082,0.00836,-0.0098
ah80136,200000,0.0,-2.0,-0.0685,0.02001,0.00774,-0.0091
ah80136,200000,0.0,-1.5,-0.028,0.0178,0.00752,-0.008
ah80136,200000,0.0,-1.0,0.04,0.01766,0.00911,-0.0084
ah80136,200000,0.0,-0.5,0.2097,0.01832,0.00988,-0.0299
ah80136,200000,0.0,0.0,0.2584,0.01864,0.01016,-0.0303
ah80136,200000,0.0,0.5,0.305,0.01888,0.01031,-0.0295
ah80136,200000,0.0,1.0,0.3495,0.019,0.01015,-0.0277
ah80136,200000,0.0,1.5,0.3969,0.01998,0.01053,-0.0275
ah80136,200000,0.0,2.0,0.4511,0.02109,0.01205,-0.0301
ah80136,200000,0.0,2.5,0.4984,0.0215,0.0124,-0.0294
ah80136,200000,0.0,3.0,0.5445,0.02129,0.01205,-0.0271
ah80136,200000,0.0,3.5,0.591,0.02124,0.01167,-0.0249
ah80136,200000,0.0,4.0,0.6387,0.02248,0.01248,-0.0252
ah80136,200000,0.0,4.5,0.6873,0.02364,0.01371,-0.0264
ah80136,200000,0.0,5.0,0.7366,0.0235,0.01342,-0.0249
ah80136,200000,0.0,5.5,0.7878,0.02278,0.01249,-0.0227
ah80136,200000,0.0,6.0,0.8392,0.02223,0.01137,-0.0205
ah80136,200000,0.0,6.5,0.8853,0.02414,0.01325,-0.0229
ah80136,200000,0.0,7.0,0.9412,0.02281,0.01183,-0.0211
ah80136,200000,0.0,7.5,0.9985,0.02131,0.01016,-0.0192
ah80136,200000,0.0,8.0,1.0512,0.02092,0.00942,-0.0191
ah80136,200000,0.0,9.0,1.1671,0.01754,0.00529,-0.0169
ah80136,200000,0.0,9.5,1.2186,0.0173,0.00404,-0.0166
ah80136,200000,0.0,10.0,1.2491,0.01997,0.00451,-0.0178
ah80136,200000,0.0,10.5,1.2372,0.02654,0.00839,-0.0195
ah80136,200000,0.0,11.0,1.2017,0.03435,0.01369,-0.0183
ah80136,200000,0.0,11.5,1.1696,0.04205,0.01928,-0.0168
ah80136,200000,0.0,12.0,1.1465,0.0495,0.0249,-0.0158
ah80136,200000,0.0,12.5,1.132,0.05658,0.03021,-0.0151
ah80136,200000,0.0,13.0,1.1247,0.06312,0.03518,-0.0149
ah80136,200000,0.0,13.5,1.133,0.06804,0.03883,-0.0148
ah80136,200000,0.0,14.0,1.1346,0.07352,0.04273,-0.0143
ah80136,200000,0.0,14.5,1.1441,0.07772,0.04495,-0.0122
ah80136,200000,0.0,15.0,1.1544,0.08246,0.04808,-0.0111
ah80136,500000,0.0,-5.0,-0.4297,0.02437,0.01141,0.0025
ah80136,500000,0.0,-4.5,-0.3792,0.01855,0.00606,0.0043
ah80136,500000,0.0,-4.0,-0.323,0.01734,0.00502,0.0045
ah80136,500000,0.0,-3.5,-0.2698,0.01519,0.00383,0.0049
ah80136,500000,0.0,-3.0,-0.2138,0.01437,0.0033,0.0048
ah80136,500000,0.0,-2.5,-0.1587,0.01335,0.00279,0.0049
ah80136,500000,0.0,-2.0,-0.1019,0.01283,0.00244,0.0047
ah80136,500000,0.0,-1.5,-0.0457,0.01209,0.00206,0.0046
ah80136,500000,0.0,-1.0,0.0029,0.00991,0.00168,0.0048
ah80136,500000,0.0,-0.5,0.0476,0.00864,0.0018,0.0073
ah80136,500000,0.0,0.0,0.1024,0.00888,0.00219,0.0084
ah80136,500000,0.0,0.5,0.2056,0.00933,0.00265,-0.0008
ah80136,500000,0.0,1.0,0.2919,0.00942,0.00281,-0.0075
ah80136,500000,0.0,1.5,0.361,0.00938,0.00282,-0.0108
ah80136,500000,0.0,2.0,0.4137,0.00929,0.00273,-0.0106
ah80136,500000,0.0,2.5,0.4662,0.00921,0.00261,-0.0103
ah80136,500000,0.0,3.0,0.5191,0.00921,0.00253,-0.01
ah80136,500000,0.0,3.5,0.5721,0.00937,0.00248,-0.0098
ah80136,500000,0.0,4.0,0.6258,0.00965,0.00259,-0.01
ah80136,500000,0.0,4.5,0.6798,0.00969,0.00264,-0.0101
ah80136,500000,0.0,5.0,0.734,0.00969,0.00258,-0.0101
ah80136,500000,0.0,5.5,0.7882,0.00967,0.00245,-0.01
ah80136,500000,0.0,6.0,0.8426,0.00961,0.0022,-0.01
ah80136,500000,0.0,6.5,0.8973,0.00979,0.00209,-0.0102
ah80136,500000,0.0,7.0,0.9533,0.00965,0.00184,-0.0106
ah80136,500000,0.0,7.5,1.0088,0.0096,0.00134,-0.0108
ah80136,500000,0.0,8.0,1.0653,0.0097,0.00114,-0.0116
ah80136,500000,0.0,8.5,1.1205,0.01025,0.00099,-0.0127
ah80136,500000,0.0,9.0,1.1703,0.01233,0.00161,-0.015
ah80136,500000,0.0,9.5,1.2053,0.01666,0.00381,-0.0191
ah80136,500000,0.0,10.0,1.2028,0.02397,0.00854,-0.0233
ah80136,500000,0.0,10.5,1.2033,0.0287,0.0117,-0.0225
ah80136,500000,0.0,11.0,1.209,0.03297,0.01456,-0.0217
ah80136,500000,0.0,11.5,1.206,0.03804,0.018,-0.0205
ah80136,500000,0.0,12.0,1.208,0.04281,0.02126,-0.0196
ah80136,500000,0.0,12.5,1.204,0.04867,0.02556,-0.0191
ah80136,500000,0.0,13.0,1.2168,0.05283,0.02852,-0.0189
ah80136,500000,0.0,13.5,1.2193,0.05834,0.03262,-0.0189
ah80136,500000,0.0,14.0,1.2159,0.06462,0.03735,-0.0189
ah80136,500000,0.0,14.5,1.205,0.07196,0.04315,-0.0191
ah80136,500000,0.0,15.0,1.1992,0.07857,0.04817,-0.0189
ah80136,1000000,0.0,-5.0,-0.4515,0.01422,0.0031,0.0091
ah80136,1000000,0.0,-4.5,-0.3979,0.01264,0.00193,0.0097
ah80136,1000000,0.0,-4.0,-0.343,0.01165,0.00144,0.0097
ah80136,1000000,0.0,-3.5,-0.2861,0.0112,0.00125,0.0095
ah80136,1000000,0.0,-3.0,-0.2287,0.01079,0.00104,0.0092
ah80136,1000000,0.0,-2.5,-0.1721,0.01008,0.00074,0.0091
ah80136,1000000,0.0,-2.0,-0.1144,0.00975,0.00062,0.0087
ah80136,1000000,0.0,-1.5,-0.0564,0.0094,0.00049,0.0082
ah80136,1000000,0.0,-1.0,0.0013,0.009,0.00035,0.0078
ah80136,1000000,0.0,-0.5,0.0525,0.00719,0.00016,0.0076
ah80136,1000000,0.0,0.0,0.1062,0.00638,0.00015,0.0078
ah80136,1000000,0.0,0.5,0.155,0.00584,0.00032,0.0097
ah80136,1000000,0.0,1.0,0.2124,0.00604,0.00056,0.0099
ah80136,1000000,0.0,1.5,0.2938,0.00617,0.00069,0.0046
ah80136,1000000,0.0,2.0,0.3659,0.00617,0.0007,0.0009
ah80136,1000000,0.0,2.5,0.4376,0.0062,0.00072,-0.0028
ah80136,1000000,0.0,3.0,0.5089,0.0062,0.00069,-0.0064
ah80136,1000000,0.0,3.5,0.5641,0.00621,0.00064,-0.0066
ah80136,1000000,0.0,4.0,0.6186,0.00625,0.00059,-0.0067
ah80136,1000000,0.0,4.5,0.6733,0.00645,0.0006,-0.0069
ah80136,1000000,0.0,5.0,0.7278,0.00648,0.00058,-0.007
ah80136,1000000,0.0,5.5,0.7826,0.00649,0.00051,-0.0072
ah80136,1000000,0.0,6.0,0.8379,0.00654,0.00042,-0.0074
ah80136,1000000,0.0,6.5,0.8935,0.00672,0.00032,-0.0079
ah80136,1000000,0.0,7.0,0.9494,0.00683,0.00022,-0.0084
ah80136,1000000,0.0,7.5,1.0057,0.00716,0.00018,-0.0093
ah80136,1000000,0.0,8.0,1.0614,0.00852,0.00053,-0.0113
ah80136,1000000,0.0,8.5,1.113,0.01079,0.0015,-0.0139
ah80136,1000000,0.0,9.0,1.1555,0.01414,0.00319,-0.017
ah80136,1000000,0.0,9.5,1.1954,0.018,0.00549,-0.0221
ah80136,1000000,0.0,10.0,1.2267,0.02117,0.00746,-0.0244
ah80136,1000000,0.0,10.5,1.2407,0.02479,0.00975,-0.0241
ah80136,1000000,0.0,11.0,1.2524,0.02861,0.01219,-0.0235
ah80136,1000000,0.0,11.5,1.2651,0.0323,0.0146,-0.0229
ah80136,1000000,0.0,12.0,1.2599,0.0376,0.01809,-0.0216
ah80136,1000000,0.0,12.5,1.2832,0.04036,0.01993,-0.0214
ah80136,1000000,0.0,13.0,1.2918,0.04469,0.02284,-0.0208
ah80136,1000000,0.0,13.5,1.2935,0.05002,0.02661,-0.0205
ah80136,1000000,0.0,14.0,1.2907,0.05598,0.03102,-0.0203
ah80136,1000000,0.0,14.5,1.2873,0.06217,0.03567,-0.0203
ah80136,1000000,0.0,15.0,1.2792,0.06921,0.04124,-0.0206
goe363,50000,0.0,-5.0,-0.3403,0.09751,0.0652,-0.0032
goe363,50000,0.0,-4.5,-0.3216,0.09591,0.05847,-0.0086
goe363,50000,0.0,-4.0,-0.2818,0.09898,0.05067,-0.0141
goe363,50000,0.0,-3.5,-0.2873,0.07712,0.04631,-0.0186
goe363,50000,0.0,-3.0,-0.2743,0.07049,0.04174,-0.0133
goe363,50000,0.0,-2.5,-0.2254,0.06644,0.03811,-0.0134
goe363,50000,0.0,-2.0,-0.1331,0.06044,0.03384,-0.0235
goe363,50000,0.0,-1.5,0.1187,0.04768,0.01829,-0.0826
goe363,50000,0.0,-1.0,0.2684,0.04288,0.01477,-0.1004
goe363,50000,0.0,-0.5,0.302,0.04103,0.01407,-0.0974
goe363,50000,0.0,0.0,0.3895,0.03873,0.0134,-0.1024
goe363,50000,0.0,0.5,0.5035,0.03641,0.01308,-0.1093
goe363,50000,0.0,1.0,0.5333,0.03673,0.01444,-0.1054
goe363,50000,0.0,1.5,0.6119,0.03537,0.01424,-0.1064
goe363,50000,0.0,2.0,0.7087,0.03389,0.01286,-0.1088
goe363,50000,0.0,2.5,0.7464,0.03346,0.01365,-0.1048
goe363,50000,0.0,3.0,0.8406,0.03116,0.01116,-0.1057
goe363,50000,0.0,3.5,0.8734,0.03282,0.01312,-0.1026
goe363,50000,0.0,4.0,0.9436,0.03241,0.01226,-0.1024
goe363,50000,0.0,4.5,0.9677,0.03662,0.01561,-0.1
goe363,50000,0.0,5.0,0.9902,0.03951,0.01839,-0.0969
goe363,50000,0.0,5.5,1.0392,0.04012,0.01867,-0.0952
goe363,50000,0.0,6.0,1.093,0.04149,0.01881,-0.0942
goe363,50000,0.0,6.5,1.0745,0.05203,0.02645,-0.0905
goe363,50000,0.0,7.0,1.0473,0.06039,0.03407,-0.0865
goe363,50000,0.0,7.5,0.9883,0.07478,0.0475,-0.0863
goe363,50000,0.0,8.0,0.9374,0.0898,0.06255,-0.0894
goe363,50000,0.0,8.5,0.9058,0.10128,0.0745,-0.0911
goe363,50000,0.0,9.0,0.9034,0.10952,0.08271,-0.0914
goe363,50000,0.0,9.5,0.9191,0.1162,0.08879,-0.0912
goe363,50000,0.0,10.0,0.9253,0.12517,0.09723,-0.0923
goe363,50000,0.0,10.5,0.8415,0.14801,0.12366,-0.1035
goe363,50000,0.0,11.0,0.894,0.18391,0.1359,-0.1101
goe363,50000,0.0,11.5,0.9044,0.1924,0.14445,-0.1122
goe363,50000,0.0,12.0,0.9156,0.19988,0.15284,-0.1142
goe363,50000,0.0,12.5,0.9273,0.20626,0.16112,-0.1161
goe363,50000,0.0,13.0,0.9389,0.21101,0.16931,-0.1179
goe363,50000,0.0,13.5,0.9459,0.21147,0.17725,-0.1194
goe363,50000,0.0,14.0,0.922,0.19552,0.18421,-0.1194
goe363,50000,0.0,14.5,0.9343,0.19779,0.19186,-0.1211
goe363,50000,0.0,15.0,0.9528,0.20192,0.19927,-0.1227
goe363,100000,0.0,-5.0,-0.1505,0.07458,0.04238,-0.063
goe363,100000,0.0,-4.5,-0.1264,0.06658,0.03852,-0.0609
goe363,100000,0.0,-3.5,0.0651,0.05258,0.02494,-0.0855
goe363,100000,0.0,-3.0,0.0999,0.04424,0.01761,-0.0884
goe363,100000,0.0,-2.5,0.1975,0.03319,0.00623,-0.0987
goe363,100000,0.0,-2.0,0.295,0.02681,0.00111,-0.1058
goe363,100000,0.0,-1.5,0.3925,0.02308,-0.00133,-0.1112
goe363,100000,0.0,-1.0,0.4576,0.0223,-0.00141,-0.1123
goe363,100000,0.0,-0.5,0.5059,0.02107,-0.001,-0.1102
goe363,100000,0.0,0.0,0.5636,0.02014,-0.0004,-0.1099
goe363,100000,0.0,0.5,0.6325,0.01838,-0.00061,-0.1106
goe363,100000,0.0,1.0,0.6955,0.01617,-0.0007,-0.11
goe363,100000,0.0,1.5,0.7462,0.01573,-0.00066,-0.1082
goe363,100000,0.0,2.0,0.8033,0.01553,-0.0008,-0.1075
goe363,100000,0.0,2.5,0.8503,0.01594,-0.00055,-0.1058
goe363,100000,0.0,3.0,0.8981,0.01662,-0.00015,-0.1044
goe363,100000,0.0,3.5,0.9408,0.01748,0.00029,-0.1023
goe363,100000,0.0,4.0,0.9865,0.01867,0.00103,-0.1011
goe363,100000,0.0,4.5,1.0337,0.01964,0.00166,-0.1002
goe363,100000,0.0,5.0,1.079,0.02086,0.00228,-0.099
goe363,100000,0.0,5.5,1.1265,0.02266,0.00337,-0.0984
goe363,100000,0.0,6.0,1.1706,0.02597,0.00571,-0.0979
goe363,100000,0.0,6.5,1.2136,0.02751,0.00668,-0.0968
goe363,100000,0.0,7.0,1.2558,0.02886,0.00744,-0.0955
goe363,100000,0.0,7.5,1.295,0.03033,0.00821,-0.0939
goe363,100000,0.0,8.0,1.3345,0.0308,0.00789,-0.0919
goe363,100000,0.0,8.5,1.3699,0.02822,0.00346,-0.0882
goe363,100000,0.0,9.0,1.3942,0.02997,0.00353,-0.0843
goe363,100000,0.0,9.5,1.422,0.03117,0.00299,-0.0811
goe363,100000,0.0,10.0,1.4369,0.03216,0.00167,-0.0767
goe363,100000,0.0,10.5,1.4336,0.03568,0.00194,-0.0714
goe363,100000,0.0,11.0,1.4433,0.03914,0.00237,-0.0678
goe363,100000,0.0,11.5,1.4351,0.04468,0.0049,-0.0643
goe363,200000,0.0,-5.0,0.0739,0.03024,-0.00046,-0.1125
goe363,200000,0.0,-4.5,0.1202,0.032,0.00434,-0.1114
goe363,200000,0.0,-4.0,0.159,0.03773,0.01414,-0.1067
goe363,200000,0.0,-3.5,0.2149,0.03388,0.01084,-0.1094
goe363,200000,0.0,-2.5,0.3443,0.01683,-0.00776,-0.115
goe363,200000,0.0,-2.0,0.3958,0.01522,-0.00804,-0.1134
goe363,200000,0.0,-1.5,0.4479,0.01405,-0.00789,-0.1119
goe363,200000,0.0,-1.0,0.5071,0.01305,-0.00775,-0.1117
goe363,200000,0.0,-0.5,0.5608,0.0127,-0.00712,-0.1113
goe363,200000,0.0,0.0,0.6142,0.01253,-0.00661,-0.1106
goe363,200000,0.0,0.5,0.6652,0.01263,-0.00591,-0.1098
goe363,200000,0.0,1.0,0.7141,0.01294,-0.00517,-0.1087
goe363,200000,0.0,1.5,0.7648,0.01298,-0.0043,-0.1084
goe363,200000,0.0,2.0,0.8154,0.01323,-0.00358,-0.1079
goe363,200000,0.0,2.5,0.8575,0.01236,-0.00286,-0.106
goe363,200000,0.0,3.0,0.9017,0.01321,-0.00225,-0.1045
goe363,200000,0.0,3.5,0.9477,0.01406,-0.00157,-0.1034
goe363,200000,0.0,4.0,0.9987,0.01447,-0.00119,-0.1031
goe363,200000,0.0,4.5,1.0488,0.01496,-0.00086,-0.1027
goe363,200000,0.0,5.0,1.0973,0.01558,-0.00058,-0.1021
goe363,200000,0.0,5.5,1.1442,0.01632,-0.00033,-0.1012
goe363,200000,0.0,6.0,1.1896,0.01715,-0.00012,-0.1001
goe363,200000,0.0,6.5,1.2338,0.01806,0.00012,-0.0987
goe363,200000,0.0,7.0,1.2769,0.01916,0.00042,-0.0973
goe363,200000,0.0,7.5,1.32,0.01941,-0.00054,-0.0961
goe363,200000,0.0,8.0,1.3529,0.02057,-0.00084,-0.0933
goe363,200000,0.0,8.5,1.3735,0.02251,-0.00062,-0.0889
goe363,200000,0.0,9.0,1.3988,0.0243,-0.00037,-0.0855
goe363,200000,0.0,9.5,1.429,0.02578,-0.00073,-0.0828
goe363,200000,0.0,10.0,1.4154,0.0309,0.00141,-0.0759
goe363,200000,0.0,10.5,1.4336,0.03364,0.00139,-0.0724
goe363,200000,0.0,11.0,1.4506,0.0366,0.0017,-0.0693
goe363,500000,0.0,-5.0,0.1037,0.02018,-0.00904,-0.1148
goe363,500000,0.0,-4.5,0.1556,0.01965,-0.0081,-0.1148
goe363,500000,0.0,-3.5,0.2524,0.02094,-0.0017,-0.1146
goe363,500000,0.0,-3.0,0.303,0.02079,-0.00138,-0.1139
goe363,500000,0.0,-2.5,0.3507,0.02022,-0.00234,-0.1127
goe363,500000,0.0,-2.0,0.3958,0.01705,-0.00276,-0.1125
goe363,500000,0.0,-1.5,0.4548,0.01097,-0.0101,-0.1103
goe363,500000,0.0,-1.0,0.5085,0.0105,-0.00939,-0.1102
goe363,500000,0.0,-0.5,0.5622,0.01026,-0.00856,-0.1102
goe363,500000,0.0,0.0,0.6084,0.01072,-0.00764,-0.1089
goe363,500000,0.0,0.5,0.6551,0.01129,-0.00667,-0.1078
goe363,500000,0.0,1.0,0.7065,0.01153,-0.00579,-0.1076
goe363,500000,0.0,1.5,0.7579,0.01179,-0.00499,-0.1074
goe363,500000,0.0,2.0,0.8089,0.01212,-0.00425,-0.1071
goe363,500000,0.0,2.5,0.8602,0.01242,-0.00366,-0.1068
goe363,500000,0.0,3.0,0.912,0.0127,-0.00312,-0.1067
goe363,500000,0.0,3.5,0.9642,0.01274,-0.0026,-0.1067
goe363,500000,0.0,4.0,1.0165,0.01287,-0.00227,-0.1067
goe363,500000,0.0,4.5,1.0659,0.01217,-0.00187,-0.1067
goe363,500000,0.0,5.0,1.1152,0.01234,-0.00172,-0.106
goe363,500000,0.0,5.5,1.1515,0.014,-0.00115,-0.1036
goe363,500000,0.0,6.0,1.1986,0.01469,-0.001,-0.1027
goe363,500000,0.0,6.5,1.2448,0.01541,-0.00091,-0.1016
goe363,500000,0.0,7.0,1.2901,0.0161,-0.00092,-0.1004
goe363,500000,0.0,7.5,1.3342,0.0168,-0.00103,-0.0991
goe363,500000,0.0,8.0,1.3824,0.01703,-0.00169,-0.0986
goe363,500000,0.0,8.5,1.422,0.01788,-0.00204,-0.0968
goe363,500000,0.0,9.0,1.4266,0.02133,-0.00078,-0.0901
goe363,500000,0.0,10.0,1.4836,0.02452,-0.00289,-0.0832
goe363,500000,0.0,10.5,1.5079,0.02656,-0.00342,-0.0797
goe363,1000000,0.0,-5.0,0.1028,0.01647,-0.01217,-0.1138
goe363,1000000,0.0,-4.5,0.16,0.02483,-0.00303,-0.112
rg12,50000,0.0,-5.0,-0.4632,0.03567,0.01587,-0.0291
rg12,50000,0.0,-4.5,-0.4225,0.03003,0.01163,-0.0268
rg12,50000,0.0,-4.0,-0.375,0.02518,0.00757,-0.0239
rg12,50000,0.0,-3.5,-0.3317,0.02061,0.00485,-0.0206
rg12,50000,0.0,-3.0,-0.3305,0.01849,0.00538,-0.0018
rg12,50000,0.0,-2.5,-0.087,0.01882,0.00461,-0.0317
rg12,50000,0.0,-2.0,-0.0791,0.0183,0.0041,-0.0259
rg12,50000,0.0,-1.5,-0.076,0.01798,0.00368,-0.0189
rg12,50000,0.0,-1.0,-0.0736,0.01781,0.00348,-0.0119
rg12,50000,0.0,-0.5,-0.058,0.01789,0.00347,-0.0072
rg12,50000,0.0,0.0,-0.0289,0.01828,0.00373,-0.0051
rg12,50000,0.0,0.5,0.0048,0.01893,0.00425,-0.004
rg12,50000,0.0,1.0,0.0396,0.01985,0.00503,-0.0034
rg12,50000,0.0,1.5,0.0738,0.02104,0.0061,-0.0034
rg12,50000,0.0,2.0,0.1488,0.02308,0.00806,-0.0113
rg12,50000,0.0,2.5,0.2622,0.02512,0.01011,-0.0248
rg12,50000,0.0,3.0,0.3625,0.02636,0.01142,-0.0342
rg12,50000,0.0,3.5,0.4747,0.02659,0.01186,-0.0433
rg12,50000,0.0,4.0,0.5781,0.02586,0.01125,-0.048
rg12,50000,0.0,4.5,0.6462,0.0253,0.01072,-0.0463
rg12,50000,0.0,5.0,0.7188,0.02426,0.00925,-0.0433
rg12,50000,0.0,5.5,0.7675,0.02422,0.00882,-0.0379
rg12,50000,0.0,6.0,0.8091,0.02496,0.00843,-0.0322
rg12,50000,0.0,6.5,0.8436,0.0271,0.00917,-0.0268
rg12,50000,0.0,7.0,0.877,0.03034,0.01091,-0.0221
rg12,50000,0.0,7.5,0.912,0.03456,0.01288,-0.0187
rg12,50000,0.0,8.0,0.9482,0.04047,0.01754,-0.0154
rg12,50000,0.0,8.5,0.9708,0.04641,0.02107,-0.0121
rg12,50000,0.0,9.0,0.9764,0.0543,0.029,-0.0074
rg12,50000,0.0,9.5,0.9628,0.0634,0.0379,-0.0037
rg12,50000,0.0,10.0,0.9269,0.07281,0.04717,-0.0014
rg12,50000,0.0,10.5,0.8806,0.08401,0.05821,-0.004
rg12,50000,0.0,11.0,0.8426,0.09869,0.07219,-0.0117
rg12,50000,0.0,11.5,0.7272,0.13916,0.11995,-0.0508
rg12,50000,0.0,12.0,0.7397,0.14688,0.1274,-0.0502
rg12,50000,0.0,12.5,0.772,0.15725,0.13609,-0.0489
rg12,50000,0.0,13.0,0.8065,0.17859,0.1468,-0.0493
rg12,50000,0.0,13.5,0.766,0.17509,0.1569,-0.0569
rg12,50000,0.0,14.0,0.7645,0.18006,0.16691,-0.0607
rg12,50000,0.0,14.5,0.7913,0.1905,0.1767,-0.0611
rg12,50000,0.0,15.0,0.8311,0.21427,0.18799,-0.0609
rg12,100000,0.0,-5.0,-0.462,0.02632,0.0091,-0.0261
rg12,100000,0.0,-4.5,-0.4176,0.02236,0.00577,-0.0233
rg12,100000,0.0,-4.0,-0.3744,0.01972,0.00424,-0.0212
rg12,100000,0.0,-3.5,-0.3315,0.01659,0.00277,-0.0192
rg12,100000,0.0,-3.0,-0.2979,0.01309,0.00207,-0.0151
rg12,100000,0.0,-2.5,-0.2818,0.01334,0.00286,-0.0039
rg12,100000,0.0,-2.0,-0.2448,0.01368,0.00307,0.0028
rg12,100000,0.0,-1.5,-0.0714,0.01414,0.0033,-0.0191
rg12,100000,0.0,-1.0,-0.0863,0.01394,0.00315,-0.0099
rg12,100000,0.0,-0.5,-0.0736,0.01406,0.00322,-0.0055
rg12,100000,0.0,0.0,0.029,0.01488,0.004,-0.0166
rg12,100000,0.0,0.5,0.1318,0.01537,0.00452,-0.027
rg12,100000,0.0,1.0,0.2326,0.01544,0.00472,-0.0362
rg12,100000,0.0,1.5,0.3318,0.01514,0.0046,-0.0444
rg12,100000,0.0,2.5,0.4959,0.01403,0.00362,-0.052
rg12,100000,0.0,3.0,0.5537,0.01377,0.00315,-0.0508
rg12,100000,0.0,3.5,0.5974,0.01385,0.00296,-0.0473
rg12,100000,0.0,4.0,0.6434,0.01404,0.00271,-0.0442
rg12,100000,0.0,4.5,0.6897,0.01452,0.00247,-0.0412
rg12,100000,0.0,5.0,0.7314,0.01507,0.0026,-0.0379
rg12,100000,0.0,5.5,0.7723,0.01595,0.00263,-0.0346
rg12,100000,0.0,6.0,0.8097,0.01714,0.00283,-0.0311
rg12,100000,0.0,6.5,0.8438,0.019,0.00347,-0.0276
rg12,100000,0.0,7.0,0.8765,0.02166,0.00466,-0.0242
rg12,100000,0.0,7.5,0.9154,0.0258,0.00711,-0.0213
rg12,100000,0.0,8.0,0.9502,0.02894,0.0088,-0.0184
rg12,100000,0.0,8.5,0.9825,0.03678,0.01374,-0.0153
rg12,100000,0.0,9.5,1.0165,0.04958,0.02495,-0.0071
rg12,100000,0.0,10.5,0.9881,0.06211,0.03447,0.0006
rg12,100000,0.0,11.0,0.9505,0.0707,0.04264,0.0017
rg12,100000,0.0,12.0,0.8015,0.12394,0.1027,-0.0323
rg12,100000,0.0,12.5,0.7827,0.14467,0.12562,-0.0427
rg12,100000,0.0,13.0,0.7982,0.15432,0.13395,-0.0436
rg12,100000,0.0,13.5,0.8016,0.17158,0.14394,-0.0459
rg12,100000,0.0,14.0,0.7955,0.17723,0.15784,-0.0533
rg12,100000,0.0,14.5,0.7876,0.18211,0.17157,-0.061
rg12,100000,0.0,15.0,0.8146,0.19409,0.17628,-0.0584
rg12,200000,0.0,-5.0,-0.4711,0.02092,0.00586,-0.0227
rg12,200000,0.0,-4.5,-0.4266,0.01745,0.00319,-0.0202
rg12,200000,0.0,-4.0,-0.3813,0.01524,0.00185,-0.0181
rg12,200000,0.0,-3.5,-0.335,0.0132,0.00095,-0.0167
rg12,200000,0.0,-3.0,-0.2904,0.01165,0.00087,-0.0164
rg12,200000,0.0,-2.5,-0.2299,0.01016,0.00137,-0.018
rg12,200000,0.0,-2.0,-0.1613,0.01045,0.00205,-0.0193
rg12,200000,0.0,-1.5,-0.0969,0.01061,0.00229,-0.0196
rg12,200000,0.0,-1.0,-0.0327,0.0106,0.00237,-0.02
rg12,200000,0.0,-0.5,0.0533,0.01049,0.00234,-0.0249
rg12,200000,0.0,0.0,0.1578,0.01034,0.00222,-0.034
rg12,200000,0.0,0.5,0.2675,0.00998,0.00196,-0.0446
rg12,200000,0.0,1.0,0.3585,0.00956,0.00155,-0.0515
rg12,200000,0.0,1.5,0.4402,0.00922,0.00113,-0.0566
rg12,200000,0.0,2.0,0.4982,0.00912,0.0008,-0.057
rg12,200000,0.0,2.5,0.5377,0.00919,0.00066,-0.0539
rg12,200000,0.0,3.0,0.5753,0.00937,0.00054,-0.0504
rg12,200000,0.0,3.5,0.6107,0.00967,0.00045,-0.0465
rg12,200000,0.0,4.0,0.6462,0.01014,0.00039,-0.0426
rg12,200000,0.0,4.5,0.687,0.0107,0.00038,-0.0398
rg12,200000,0.0,5.0,0.7307,0.01139,0.00054,-0.0376
rg12,200000,0.0,5.5,0.7735,0.01229,0.00068,-0.0355
rg12,200000,0.0,6.0,0.815,0.01349,0.00093,-0.0335
rg12,200000,0.0,6.5,0.855,0.01507,0.00149,-0.0314
rg12,200000,0.0,7.0,0.8937,0.01707,0.00249,-0.0289
rg12,200000,0.0,7.5,0.9291,0.0196,0.00371,-0.026
rg12,500000,0.0,-5.0,-0.4285,0.01501,0.00275,-0.0302
rg12,500000,0.0,-4.5,-0.3612,0.01201,0.0008,-0.0325
rg12,500000,0.0,-4.0,-0.293,0.01062,0.0002,-0.035
rg12,500000,0.0,-3.5,-0.2178,0.00953,-4e-05,-0.0394
rg12,500000,0.0,-3.0,-0.1565,0.00853,-0.0002,-0.0412
rg12,500000,0.0,-2.5,-0.0873,0.0068,-0.00037,-0.0452
rg12,500000,0.0,-2.0,-0.0303,0.00607,-0.00031,-0.0451
rg12,500000,0.0,-1.5,0.0355,0.00587,-0.00019,-0.0465
rg12,500000,0.0,-1.0,0.0958,0.00584,-0.00018,-0.0468
rg12,500000,0.0,-0.5,0.1502,0.0058,-0.00015,-0.0458
rg12,500000,0.0,0.0,0.2042,0.0059,-0.00015,-0.0449
rg12,500000,0.0,0.5,0.2556,0.00593,-0.00015,-0.0435
rg12,500000,0.0,1.0,0.3067,0.00608,-0.00016,-0.0421
rg12,500000,0.0,1.5,0.3557,0.00619,-0.00019,-0.0402
rg12,500000,0.0,2.0,0.4045,0.0064,-0.00025,-0.0385
rg12,500000,0.0,2.5,0.4528,0.00659,-0.00032,-0.0367
rg12,500000,0.0,3.0,0.5026,0.00685,-0.00039,-0.0354
rg12,500000,0.0,3.5,0.5575,0.00723,-0.00045,-0.0354
rg12,500000,0.0,4.0,0.6239,0.00769,-0.00048,-0.0382
rg12,500000,0.0,4.5,0.6897,0.00839,-0.00044,-0.0412
rg12,500000,0.0,5.0,0.7328,0.0091,-0.00028,-0.0394
rg12,500000,0.0,5.5,0.7808,0.00987,-0.0001,-0.0385
rg12,500000,0.0,6.0,0.8278,0.01085,0.00017,-0.0374
rg12,500000,0.0,6.5,0.8736,0.012,0.00057,-0.0362
rg12,500000,0.0,7.0,0.9198,0.01308,0.00093,-0.0351
rg12,500000,0.0,7.5,0.9662,0.01412,0.00133,-0.034
rg12,500000,0.0,8.0,1.007,0.01592,0.00203,-0.0317
rg12,500000,0.0,8.5,1.0434,0.01811,0.00305,-0.0289
rg12,500000,0.0,9.0,1.0813,0.02005,0.00406,-0.0264
rg12,500000,0.0,9.5,1.108,0.0236,0.00619,-0.0222
rg12,500000,0.0,10.0,1.1282,0.02828,0.00939,-0.0177
rg12,500000,0.0,10.5,1.1349,0.03396,0.01369,-0.0121
rg12,500000,0.0,11.0,1.1204,0.03982,0.01845,-0.0051
rg12,500000,0.0,11.5,1.0936,0.04662,0.02437,-0.0004
rg12,500000,0.0,12.0,1.06,0.05545,0.03247,-0.0006
rg12,500000,0.0,12.5,1.0232,0.06735,0.04395,-0.0065
rg12,500000,0.0,13.0,0.9845,0.08317,0.05993,-0.0174
rg12,500000,0.0,13.5,0.9421,0.10371,0.08178,-0.0311
rg12,500000,0.0,14.0,0.8851,0.13126,0.11306,-0.0456
rg12,500000,0.0,14.5,0.8476,0.15453,0.14057,-0.0558
rg12,500000,0.0,15.0,0.8357,0.17029,0.16003,-0.0629
rg12,1000000,0.0,-5.0,-0.3661,0.01037,0.00031,-0.0425
rg12,1000000,0.0,-4.5,-0.2967,0.00897,-0.00043,-0.0453
rg12,1000000,0.0,-4.0,-0.2339,0.00815,-0.00057,-0.0465
rg12,1000000,0.0,-3.5,-0.1709,0.00748,-0.00073,-0.0482
rg12,1000000,0.0,-3.0,-0.1099,0.00689,-0.00086,-0.0495
rg12,1000000,0.0,-2.5,-0.0493,0.00613,-0.001,-0.0509
rg12,1000000,0.0,-2.0,0.0097,0.00623,-0.00106,-0.0512
rg12,1000000,0.0,-1.5,0.0587,0.00507,-0.00117,-0.0505
rg12,1000000,0.0,-1.0,0.1065,0.00441,-0.00103,-0.0488
rg12,1000000,0.0,-0.5,0.1597,0.00452,-0.00094,-0.048
rg12,1000000,0.0,0.0,0.2126,0.00461,-0.00088,-0.0471
rg12,1000000,0.0,0.5,0.2661,0.00482,-0.00084,-0.0465
rg12,1000000,0.0,1.0,0.3192,0.00496,-0.00081,-0.0458
rg12,1000000,0.0,1.5,0.3715,0.00519,-0.00078,-0.045
rg12,1000000,0.0,2.0,0.424,0.0055,-0.00075,-0.0443
rg12,1000000,0.0,2.5,0.4754,0.00575,-0.00073,-0.0434
rg12,1000000,0.0,3.0,0.5254,0.00625,-0.00069,-0.0424
rg12,1000000,0.0,3.5,0.577,0.00666,-0.00065,-0.0418
rg12,1000000,0.0,4.0,0.6276,0.00702,-0.00062,-0.0409
rg12,1000000,0.0,4.5,0.6749,0.00767,-0.00051,-0.0395
rg12,1000000,0.0,5.0,0.7249,0.00798,-0.00044,-0.0383
rg12,1000000,0.0,5.5,0.7868,0.00882,-0.00024,-0.0405
rg12,1000000,0.0,6.0,0.8343,0.00984,7e-05,-0.0396
rg12,1000000,0.0,6.5,0.884,0.01059,0.0003,-0.0389
rg12,1000000,0.0,7.0,0.9338,0.0113,0.00054,-0.0383
rg12,1000000,0.0,7.5,0.9839,0.01195,0.00075,-0.0376
rg12,1000000,0.0,8.0,1.0307,0.01295,0.00107,-0.0365
rg12,1000000,0.0,8.5,1.076,0.01417,0.00134,-0.035
rg12,1000000,0.0,9.0,1.1179,0.01573,0.00195,-0.0328
rg12,1000000,0.0,9.5,1.1545,0.01778,0.00301,-0.0299
rg12,1000000,0.0,10.0,1.1819,0.02085,0.00487,-0.0257
rg12,1000000,0.0,10.5,1.1947,0.02596,0.00843,-0.0198
rg12,1000000,0.0,11.0,1.1855,0.03284,0.0137,-0.0119
rg12,1000000,0.0,11.5,1.1554,0.03969,0.01931,-0.0037
rg12,1000000,0.0,12.0,1.1174,0.04775,0.02638,0.0001
rg12,1000000,0.0,12.5,1.0779,0.0581,0.03597,-0.0023
rg12,1000000,0.0,13.0,1.0397,0.07161,0.0491,-0.0104
rg12,1000000,0.0,13.5,1.0029,0.08833,0.06608,-0.0221
rg12,1000000,0.0,14.0,0.965,0.10841,0.08757,-0.035
rg12,1000000,0.0,14.5,0.9133,0.13436,0.11729,-0.0485
rg12,1000000,0.0,15.0,0.8575,0.16453,0.15404,-0.0615
raf34,50000,0.0,-5.0,-0.6065,0.05142,0.01906,0.008
raf34,50000,0.0,-4.5,-0.6077,0.04658,0.01451,0.0137
raf34,50000,0.0,-4.0,-0.5864,0.04182,0.00973,0.0167
raf34,50000,0.0,-3.5,-0.5362,0.03761,0.00537,0.0156
raf34,50000,0.0,-3.0,-0.4351,0.03472,0.00233,0.0063
raf34,50000,0.0,-2.5,-0.3546,0.03265,0.00099,0.0017
raf34,50000,0.0,-2.0,-0.2754,0.02886,-0.00079,-0.0029
raf34,50000,0.0,-1.5,0.1747,0.03296,0.00376,-0.0667
raf34,50000,0.0,-1.0,0.1373,0.03369,0.00537,-0.055
raf34,50000,0.0,-0.5,0.1479,0.03444,0.00661,-0.051
raf34,50000,0.0,0.0,0.1918,0.0352,0.00784,-0.0518
raf34,50000,0.0,0.5,0.3165,0.03659,0.00835,-0.0643
raf34,50000,0.0,1.0,0.2812,0.0374,0.01005,-0.0516
raf34,50000,0.0,1.5,0.286,0.03867,0.01171,-0.0457
raf34,50000,0.0,2.0,0.3343,0.03984,0.01311,-0.0459
raf34,50000,0.0,2.5,0.4116,0.04128,0.01417,-0.0498
raf34,50000,0.0,3.0,0.4134,0.04591,0.01632,-0.0445
raf34,50000,0.0,3.5,0.3719,0.0479,0.01868,-0.0335
raf34,50000,0.0,4.0,0.359,0.05007,0.02094,-0.0268
raf34,50000,0.0,4.5,0.3848,0.0523,0.02312,-0.0245
raf34,50000,0.0,5.0,0.497,0.05329,0.02315,-0.029
raf34,50000,0.0,5.5,0.4808,0.05953,0.02651,-0.0238
raf34,50000,0.0,6.0,0.4608,0.06383,0.03056,-0.0197
raf34,50000,0.0,6.5,0.4524,0.06788,0.03433,-0.0168
raf34,50000,0.0,7.0,0.4528,0.06963,0.03672,-0.013
raf34,50000,0.0,7.5,0.6,0.06983,0.03191,-0.0128
raf34,50000,0.0,8.0,0.5588,0.07233,0.03713,-0.0085
raf34,50000,0.0,8.5,0.5459,0.07665,0.04179,-0.0063
raf34,50000,0.0,9.0,0.6099,0.0771,0.04153,-0.0038
raf34,50000,0.0,9.5,0.6375,0.08312,0.04339,-0.001
raf34,50000,0.0,10.0,0.6005,0.09081,0.05264,-0.0018
raf34,50000,0.0,10.5,0.5886,0.09626,0.05881,-0.0016
raf34,50000,0.0,11.5,0.8791,0.0602,0.01663,0.0321
raf34,50000,0.0,12.0,0.8312,0.07166,0.02733,0.0309
raf34,50000,0.0,12.5,0.7671,0.08798,0.04349,0.0255
raf34,50000,0.0,13.0,0.7116,0.10669,0.06262,0.0182
raf34,50000,0.0,13.5,0.6821,0.12296,0.07896,0.0128
raf34,50000,0.0,14.5,0.5866,0.15985,0.12833,-0.0092
raf34,50000,0.0,15.0,0.5775,0.17112,0.14203,-0.0145
raf34,100000,0.0,-5.0,-0.3728,0.02862,0.00061,-0.0311
raf34,100000,0.0,-4.5,-0.2922,0.02619,-0.00157,-0.0358
raf34,100000,0.0,-4.0,-0.2589,0.02463,-0.00237,-0.032
raf34,100000,0.0,-3.5,-0.2003,0.02244,-0.00334,-0.0324
raf34,100000,0.0,-3.0,-0.146,0.02082,-0.00383,-0.0318
raf34,100000,0.0,-2.5,-0.0975,0.0203,-0.00379,-0.0306
raf34,100000,0.0,-2.0,-0.0714,0.01965,-0.0035,-0.0261
raf34,100000,0.0,-1.5,0.0786,0.01836,-0.00204,-0.0415
raf34,100000,0.0,-1.0,0.1207,0.01919,-0.00099,-0.038
raf34,100000,0.0,-0.5,0.2145,0.01961,-0.00042,-0.0446
raf34,100000,0.0,0.0,0.4723,0.01946,-0.0024,-0.0793
raf34,100000,0.0,0.5,0.4955,0.0204,-0.00139,-0.0759
raf34,100000,0.0,1.0,0.5228,0.02047,-0.00079,-0.0723
raf34,100000,0.0,1.5,0.5518,0.02053,-0.00033,-0.0685
raf34,100000,0.0,2.0,0.586,0.02014,-0.00047,-0.0645
raf34,100000,0.0,2.5,0.619,0.02057,-0.00053,-0.0604
raf34,100000,0.0,3.0,0.648,0.02114,-0.0001,-0.0566
raf34,100000,0.0,3.5,0.68,0.02129,0.00012,-0.0529
raf34,100000,0.0,4.0,0.7132,0.02163,0.00033,-0.0493
raf34,100000,0.0,4.5,0.7535,0.02115,-0.00043,-0.0458
raf34,100000,0.0,5.0,0.7905,0.02186,-0.00106,-0.042
raf34,100000,0.0,5.5,0.8305,0.0205,-0.00259,-0.0382
raf34,100000,0.0,6.0,0.87,0.01989,-0.00384,-0.0346
raf34,100000,0.0,6.5,0.9113,0.01976,-0.00499,-0.0314
raf34,100000,0.0,7.0,0.9473,0.02034,-0.00549,-0.028
raf34,100000,0.0,7.5,0.9799,0.0204,-0.00643,-0.0238
raf34,100000,0.0,8.0,1.0054,0.02095,-0.00758,-0.0182
raf34,100000,0.0,8.5,1.0015,0.02279,-0.00785,-0.0088
raf34,100000,0.0,9.0,0.963,0.02585,-0.00702,0.0047
raf34,100000,0.0,9.5,0.9301,0.02977,-0.00529,0.0148
raf34,100000,0.0,10.0,0.9305,0.03267,-0.00408,0.0195
raf34,100000,0.0,10.5,0.9216,0.03659,-0.00219,0.0231
raf34,100000,0.0,11.5,0.9051,0.04784,0.00229,0.0324
raf34,100000,0.0,12.0,0.9188,0.05293,0.00492,0.0353
raf34,100000,0.0,12.5,0.9152,0.05926,0.00962,0.0369
raf34,100000,0.0,13.0,0.8943,0.06728,0.01665,0.0367
raf34,100000,0.0,13.5,0.8646,0.07696,0.02597,0.0346
raf34,100000,0.0,14.0,0.8215,0.08963,0.0393,0.0294
raf34,100000,0.0,14.5,0.7717,0.10571,0.05746,0.0211
raf34,100000,0.0,15.0,0.726,0.12414,0.07976,0.0115
raf34,200000,0.0,-5.0,-0.3393,0.02092,-0.00399,-0.0301
raf34,200000,0.0,-4.5,-0.2871,0.01906,-0.00543,-0.0294
raf34,200000,0.0,-4.0,-0.2393,0.01784,-0.00593,-0.0276
raf34,200000,0.0,-3.5,-0.1915,0.01687,-0.00614,-0.0261
raf34,200000,0.0,-3.0,-0.1455,0.01597,-0.00626,-0.0242
raf34,200000,0.0,-2.5,-0.1019,0.01516,-0.00632,-0.0218
raf34,200000,0.0,-2.0,-0.0563,0.01495,-0.00608,-0.0202
raf34,200000,0.0,-0.5,0.0896,0.01406,-0.00537,-0.0162
raf34,200000,0.0,0.0,0.1101,0.01166,-0.00531,-0.0098
raf34,200000,0.0,0.5,0.2147,0.01116,-0.00486,-0.019
raf34,200000,0.0,1.0,0.2993,0.01221,-0.0044,-0.0245
raf34,200000,0.0,1.5,0.3865,0.01242,-0.00455,-0.0299
raf34,200000,0.0,2.0,0.5863,0.01274,-0.00615,-0.0571
raf34,200000,0.0,2.5,0.6508,0.01243,-0.007,-0.0594
raf34,200000,0.0,3.0,0.6947,0.01251,-0.00725,-0.0581
raf34,200000,0.0,3.5,0.7297,0.01238,-0.00746,-0.0551
raf34,200000,0.0,4.0,0.7658,0.0124,-0.00773,-0.0521
raf34,200000,0.0,4.5,0.8023,0.01258,-0.00807,-0.049
raf34,200000,0.0,5.0,0.8385,0.01295,-0.00826,-0.0459
raf34,200000,0.0,5.5,0.8764,0.0131,-0.00856,-0.0431
raf34,200000,0.0,6.0,0.9106,0.01339,-0.00896,-0.0396
raf34,200000,0.0,6.5,0.9372,0.01408,-0.00936,-0.0348
raf34,200000,0.0,7.0,0.9597,0.01525,-0.00959,-0.0295
raf34,200000,0.0,7.5,0.9586,0.0178,-0.00894,-0.021
raf34,200000,0.0,8.0,0.9655,0.01985,-0.00844,-0.0135
raf34,200000,0.0,8.5,0.9652,0.02147,-0.00817,-0.0047
raf34,200000,0.0,9.5,0.9616,0.02525,-0.00744,0.0104
raf34,200000,0.0,10.0,0.968,0.02755,-0.00671,0.0149
raf34,200000,0.0,11.0,0.9277,0.03839,-0.0023,0.0256
raf34,200000,0.0,11.5,0.9379,0.04234,-0.00076,0.0287
raf34,200000,0.0,12.0,0.9461,0.04693,0.00171,0.0313
raf34,200000,0.0,12.5,0.9437,0.0528,0.00572,0.0332
raf34,200000,0.0,13.0,0.9242,0.06055,0.01203,0.0334
raf34,200000,0.0,13.5,0.8977,0.06978,0.02023,0.0323
raf34,200000,0.0,14.0,0.8591,0.08142,0.03161,0.0282
raf34,200000,0.0,14.5,0.8152,0.0955,0.04641,0.0218
raf34,200000,0.0,15.0,0.7685,0.11231,0.06522,0.0135
raf34,500000,0.0,-5.0,-0.3632,0.02426,0.00213,-0.0252
raf34,500000,0.0,-4.5,-0.3145,0.02349,0.00145,-0.0242
raf34,500000,0.0,-4.0,-0.2713,0.02215,0.00018,-0.0222
raf34,500000,0.0,-3.5,-0.2322,0.01815,-0.00131,-0.0204
raf34,1000000,0.0,-5.0,-0.3835,0.01768,-0.00403,-0.0186
raf34,1000000,0.0,-4.5,-0.3366,0.01653,-0.00429,-0.0176
raf34,1000000,0.0,-4.0,-0.2886,0.01575,-0.00453,-0.0166
raf34,1000000,0.0,-3.5,-0.2333,0.01717,-0.00394,-0.0165
hq09,50000,0.0,-5.0,-0.5358,0.02547,0.00756,-0.008
hq09,50000,0.0,-4.5,-0.4902,0.02048,0.00464,-0.0051
hq09,50000,0.0,-4.0,-0.483,0.01904,0.00627,0.0123
hq09,50000,0.0,-3.5,-0.3716,0.02171,0.00869,0.017
hq09,50000,0.0,-3.0,-0.2105,0.01997,0.00662,-0.0039
hq09,50000,0.0,-2.5,-0.1397,0.01835,0.00499,-0.0108
hq09,50000,0.0,-2.0,-0.1023,0.01737,0.00411,-0.0109
hq09,50000,0.0,-1.5,-0.0655,0.01662,0.00349,-0.0103
hq09,50000,0.0,-1.0,-0.0317,0.01606,0.00307,-0.009
hq09,50000,0.0,-0.5,-0.0061,0.0157,0.00284,-0.0062
hq09,50000,0.0,0.0,-0.0,0.01556,0.00279,0.0
hq09,50000,0.0,0.5,0.0061,0.0157,0.00284,0.0062
hq09,50000,0.0,1.0,0.0317,0.01606,0.00307,0.009
hq09,50000,0.0,1.5,0.0656,0.01662,0.00349,0.0103
hq09,50000,0.0,2.0,0.1024,0.01736,0.00411,0.0109
hq09,50000,0.0,2.5,0.1398,0.01834,0.00499,0.0108
hq09,50000,0.0,3.0,0.2105,0.01996,0.00662,0.0039
hq09,50000,0.0,3.5,0.3717,0.02171,0.0087,-0.017
hq09,50000,0.0,4.0,0.483,0.01904,0.00627,-0.0123
hq09,50000,0.0,4.5,0.4902,0.02048,0.00464,0.0051
hq09,50000,0.0,5.0,0.5358,0.02546,0.00756,0.008
hq09,50000,0.0,5.5,0.591,0.03052,0.0117,0.01
hq09,50000,0.0,6.0,0.6382,0.0368,0.01712,0.0117
hq09,50000,0.0,6.5,0.6771,0.04625,0.02623,0.0133
hq09,50000,0.0,7.0,0.7026,0.05503,0.03321,0.0141
hq09,50000,0.0,8.0,0.6268,0.0949,0.07953,-0.0339
hq09,50000,0.0,9.0,0.6995,0.11877,0.09523,-0.0265
hq09,50000,0.0,10.0,0.6537,0.12657,0.10907,-0.0343
hq09,50000,0.0,10.5,0.6705,0.13667,0.11731,-0.0342
hq09,50000,0.0,11.0,0.7109,0.15143,0.12612,-0.0311
hq09,50000,0.0,11.5,0.6725,0.15057,0.13345,-0.0393
hq09,50000,0.0,12.0,0.7049,0.16402,0.14252,-0.0376
hq09,50000,0.0,12.5,0.6878,0.16588,0.15072,-0.0435
hq09,50000,0.0,13.0,0.7041,0.17565,0.15974,-0.0445
hq09,50000,0.0,13.5,0.7321,0.18852,0.16876,-0.0433
hq09,50000,0.0,14.0,0.7177,0.18898,0.1785,-0.0506
hq09,50000,0.0,14.5,0.7637,0.2091,0.18842,-0.0467
hq09,50000,0.0,15.0,0.751,0.20863,0.19894,-0.0542
hq09,100000,0.0,-5.0,-0.5346,0.0197,0.00447,-0.0058
hq09,100000,0.0,-4.5,-0.4906,0.0165,0.00254,-0.0034
hq09,100000,0.0,-4.0,-0.4647,0.01248,0.00179,0.0018
hq09,100000,0.0,-3.5,-0.4288,0.01247,0.00261,0.0085
hq09,100000,0.0,-3.0,-0.393,0.01264,0.00311,0.0153
hq09,100000,0.0,-2.5,-0.3569,0.01282,0.0035,0.0224
hq09,100000,0.0,-2.0,-0.2896,0.0128,0.00351,0.0215
hq09,100000,0.0,-1.5,-0.1937,0.01268,0.00335,0.0136
hq09,100000,0.0,-1.0,-0.059,0.0124,0.00303,-0.0023
hq09,100000,0.0,-0.5,0.0153,0.01186,0.00258,-0.0086
hq09,100000,0.0,0.0,0.0,0.01174,0.00256,-0.0
hq09,100000,0.0,0.5,-0.0153,0.01186,0.00258,0.0086
hq09,100000,0.0,1.0,0.059,0.0124,0.00303,0.0023
hq09,100000,0.0,1.5,0.1937,0.01268,0.00335,-0.0136
hq09,100000,0.0,2.0,0.2896,0.01279,0.00351,-0.0215
hq09,100000,0.0,2.5,0.3569,0.01282,0.0035,-0.0224
hq09,100000,0.0,3.0,0.393,0.01264,0.00311,-0.0153
hq09,100000,0.0,3.5,0.4288,0.01247,0.00261,-0.0085
hq09,100000,0.0,4.0,0.4647,0.01248,0.00179,-0.0018
hq09,100000,0.0,4.5,0.4906,0.0165,0.00254,0.0034
hq09,100000,0.0,5.0,0.5346,0.01969,0.00447,0.0058
hq09,100000,0.0,5.5,0.5845,0.02374,0.00717,0.0076
hq09,100000,0.0,6.0,0.6276,0.02697,0.00859,0.0086
hq09,100000,0.0,6.5,0.6685,0.03365,0.013,0.0103
hq09,100000,0.0,7.0,0.7018,0.04155,0.02031,0.0126
hq09,100000,0.0,7.5,0.7247,0.05069,0.02817,0.0138
hq09,100000,0.0,8.0,0.7207,0.06397,0.04317,0.0127
hq09,100000,0.0,8.5,0.7108,0.0854,0.0628,0.0063
hq09,100000,0.0,9.0,0.676,0.09693,0.07869,-0.0112
hq09,100000,0.0,9.5,0.6724,0.10674,0.08868,-0.017
hq09,100000,0.0,10.0,0.6762,0.11548,0.09708,-0.0201
hq09,100000,0.0,10.5,0.6968,0.12657,0.10065,-0.015
hq09,100000,0.0,11.0,0.6887,0.13544,0.11295,-0.0237
hq09,100000,0.0,11.5,0.6793,0.1431,0.12585,-0.0332
hq09,100000,0.0,12.0,0.684,0.15129,0.13543,-0.0372
hq09,100000,0.0,12.5,0.697,0.15937,0.14362,-0.0387
hq09,100000,0.0,13.0,0.7183,0.17211,0.15004,-0.0365
hq09,100000,0.0,13.5,0.719,0.17892,0.16231,-0.0433
hq09,100000,0.0,14.0,0.7179,0.18428,0.17479,-0.0505
hq09,100000,0.0,14.5,0.7277,0.19171,0.18595,-0.0546
hq09,100000,0.0,15.0,0.7404,0.19934,0.19661,-0.0579
hq09,200000,0.0,-5.0,-0.5413,0.01419,0.00137,-0.0021
hq09,200000,0.0,-4.5,-0.4919,0.01325,0.00134,-0.0017
hq09,200000,0.0,-4.0,-0.451,0.01052,0.00033,-0.0002
hq09,200000,0.0,-3.5,-0.4126,0.00887,0.00046,0.0027
hq09,200000,0.0,-3.0,-0.3682,0.0086,0.00079,0.0055
hq09,200000,0.0,-2.5,-0.3247,0.00851,0.00107,0.0084
hq09,200000,0.0,-2.0,-0.2853,0.00854,0.00137,0.0119
hq09,200000,0.0,-1.5,-0.2341,0.00861,0.00157,0.0124
hq09,200000,0.0,-1.0,-0.152,0.00866,0.00179,0.0071
hq09,200000,0.0,-0.5,-0.0749,0.00874,0.00197,0.0033
hq09,200000,0.0,0.0,0.0001,0.00874,0.00198,0.0
hq09,200000,0.0,0.5,0.0749,0.00874,0.00197,-0.0033
hq09,200000,0.0,1.0,0.152,0.00866,0.00179,-0.0071
hq09,200000,0.0,1.5,0.2341,0.00861,0.00157,-0.0124
hq09,200000,0.0,2.0,0.2853,0.00854,0.00137,-0.0119
hq09,200000,0.0,2.5,0.3247,0.00851,0.00107,-0.0084
hq09,200000,0.0,3.0,0.3682,0.0086,0.00079,-0.0055
hq09,200000,0.0,3.5,0.4126,0.00887,0.00046,-0.0027
hq09,200000,0.0,4.0,0.451,0.01052,0.00033,0.0002
hq09,200000,0.0,4.5,0.4919,0.01325,0.00134,0.0017
hq09,200000,0.0,5.0,0.5413,0.01419,0.00137,0.0021
hq09,200000,0.0,5.5,0.5895,0.01587,0.00198,0.0032
hq09,200000,0.0,6.0,0.6338,0.01931,0.00356,0.0054
hq09,200000,0.0,6.5,0.6776,0.02412,0.00654,0.0074
hq09,200000,0.0,7.0,0.7178,0.03049,0.01188,0.0097
hq09,200000,0.0,7.5,0.7331,0.04478,0.02604,0.0129
hq09,500000,0.0,-5.0,-0.5472,0.01081,0.00011,-0.0002
hq09,500000,0.0,-4.5,-0.4961,0.01004,0.00011,0.0004
hq09,500000,0.0,-4.0,-0.4454,0.00943,5e-05,0.0011
hq09,500000,0.0,-3.5,-0.3979,0.00857,-0.00011,0.002
hq09,500000,0.0,-3.0,-0.3428,0.0064,-0.0003,0.0001
hq09,500000,0.0,-2.5,-0.2707,0.00585,-0.0001,-0.0037
hq09,500000,0.0,-2.0,-0.2099,0.00573,3e-05,-0.0043
hq09,500000,0.0,-1.0,-0.1061,0.00566,0.00019,-0.0018
hq09,500000,0.0,-0.5,-0.0528,0.00567,0.00022,-0.001
hq09,500000,0.0,0.0,-0.0,0.00568,0.00022,-0.0
hq09,500000,0.0,0.5,0.0528,0.00567,0.00022,0.001
hq09,500000,0.0,1.0,0.1061,0.00566,0.00019,0.0018
hq09,500000,0.0,1.5,0.1584,0.00567,0.00014,0.0029
hq09,500000,0.0,2.0,0.2099,0.00573,3e-05,0.0043
hq09,500000,0.0,2.5,0.2707,0.00585,-0.0001,0.0037
hq09,500000,0.0,3.0,0.3428,0.0064,-0.0003,-0.0001
hq09,500000,0.0,3.5,0.3979,0.00857,-0.00011,-0.002
hq09,500000,0.0,4.0,0.4454,0.00943,5e-05,-0.0011
hq09,500000,0.0,4.5,0.4961,0.01004,0.00011,-0.0004
hq09,500000,0.0,5.0,0.5472,0.01081,0.00011,0.0002
hq09,500000,0.0,5.5,0.5977,0.01204,0.00026,0.0012
hq09,500000,0.0,6.0,0.6453,0.01412,0.00113,0.0027
hq09,500000,0.0,6.5,0.687,0.01882,0.00394,0.0052
hq09,500000,0.0,7.0,0.7348,0.02144,0.00579,0.0064
hq09,500000,0.0,7.5,0.7418,0.0394,0.0219,0.0114
hq09,1000000,0.0,-5.0,-0.5507,0.00923,-0.00015,0.0005
hq09,1000000,0.0,-4.5,-0.4984,0.00873,-6e-05,0.0011
hq09,1000000,0.0,-4.0,-0.4416,0.00815,-8e-05,0.0006
hq09,1000000,0.0,-3.5,-0.3671,0.00771,-0.0001,-0.0038
hq09,1000000,0.0,-3.0,-0.314,0.00721,-0.0002,-0.0034
hq09,1000000,0.0,-2.5,-0.2681,0.00572,-0.00047,-0.0023
hq09,1000000,0.0,-2.0,-0.2181,0.00491,-0.00049,-0.0015
hq09,1000000,0.0,-1.5,-0.1647,0.00469,-0.00042,-0.0009
hq09,1000000,0.0,-1.0,-0.1102,0.00463,-0.00037,-0.0005
hq09,1000000,0.0,-0.5,-0.0552,0.00462,-0.00035,-0.0002
hq09,1000000,0.0,0.0,0.0,0.00462,-0.00036,0.0
hq09,1000000,0.0,0.5,0.0552,0.00462,-0.00035,0.0002
hq09,1000000,0.0,1.0,0.1102,0.00463,-0.00037,0.0005
hq09,1000000,0.0,1.5,0.1647,0.00469,-0.00042,0.0009
hq09,1000000,0.0,2.0,0.2181,0.00491,-0.00049,0.0015
hq09,1000000,0.0,2.5,0.2681,0.00572,-0.00047,0.0023
hq09,1000000,0.0,3.0,0.314,0.00721,-0.0002,0.0034
hq09,1000000,0.0,3.5,0.3671,0.00771,-0.0001,0.0038
hq09,1000000,0.0,4.0,0.4416,0.00815,-8e-05,-0.0006
hq09,1000000,0.0,4.5,0.4984,0.00873,-6e-05,-0.0011
hq09,1000000,0.0,5.0,0.5507,0.00923,-0.00015,-0.0005
hq09,1000000,0.0,5.5,0.6031,0.00992,-0.00018,0.0001
hq09,1000000,0.0,6.0,0.6532,0.01139,0.00025,0.0013
hq09,1000000,0.0,6.5,0.6958,0.01557,0.00259,0.0039
goe767,50000,0.0,-5.0,-0.4876,0.03329,-0.00074,-0.0003
goe767,50000,0.0,-4.5,-0.4536,0.03059,-0.00154,0.0028
goe767,50000,0.0,-4.0,-0.4174,0.02934,-0.00225,0.0058
goe767,50000,0.0,-3.5,-0.3827,0.02773,-0.00266,0.0093
goe767,50000,0.0,-3.0,-0.3541,0.02542,-0.00475,0.0125
goe767,50000,0.0,-2.5,-0.2871,0.02354,-0.00639,0.0047
goe767,50000,0.0,-2.0,-0.132,0.01974,-0.00744,-0.0109
goe767,50000,0.0,-1.5,0.0976,0.02164,-0.00598,-0.0264
goe767,50000,0.0,-1.0,0.2542,0.02197,-0.00624,-0.0446
goe767,50000,0.0,-0.5,0.2781,0.0229,-0.00497,-0.0422
goe767,50000,0.0,0.0,0.3035,0.02349,-0.00355,-0.0392
goe767,50000,0.0,0.5,0.3305,0.02447,-0.00209,-0.0354
goe767,50000,0.0,1.0,0.355,0.02757,1e-05,-0.032
goe767,50000,0.0,1.5,0.3835,0.02985,0.00245,-0.0298
goe767,50000,0.0,2.0,0.4144,0.03135,0.00451,-0.027
goe767,50000,0.0,2.5,0.4438,0.03391,0.00722,-0.0248
goe767,50000,0.0,3.0,0.4751,0.03576,0.00906,-0.0211
goe767,50000,0.0,3.5,0.4994,0.0398,0.01058,-0.0163
goe767,50000,0.0,4.0,0.5227,0.04232,0.01347,-0.0139
goe767,50000,0.0,4.5,0.5369,0.04627,0.01788,-0.0119
goe767,50000,0.0,5.0,0.5359,0.05167,0.02307,-0.0099
goe767,50000,0.0,5.5,0.5295,0.05709,0.02794,-0.0073
goe767,50000,0.0,6.0,0.5666,0.05915,0.02954,-0.0032
goe767,50000,0.0,6.5,0.5588,0.07136,0.03442,-0.0001
goe767,50000,0.0,7.0,0.5086,0.07844,0.04177,0.0012
goe767,50000,0.0,7.5,0.5071,0.09108,0.05091,-0.001
goe767,50000,0.0,8.0,0.4362,0.12188,0.06897,-0.0156
goe767,50000,0.0,8.5,0.443,0.12821,0.07454,-0.0159
goe767,50000,0.0,9.0,0.4503,0.13329,0.08,-0.0161
goe767,50000,0.0,9.5,0.4574,0.13681,0.08537,-0.0161
goe767,50000,0.0,10.0,0.4557,0.13512,0.08992,-0.0155
goe767,50000,0.0,10.5,0.4348,0.12707,0.09256,-0.0139
goe767,50000,0.0,11.0,0.4517,0.12927,0.09684,-0.0126
goe767,50000,0.0,11.5,0.5222,0.15989,0.1057,-0.012
goe767,50000,0.0,12.0,0.5656,0.15504,0.10988,-0.0072
goe767,50000,0.0,12.5,0.5063,0.14813,0.11637,-0.0108
goe767,50000,0.0,13.0,0.5836,0.16288,0.12166,-0.0064
goe767,50000,0.0,13.5,0.5513,0.18682,0.12586,-0.0241
goe767,50000,0.0,14.0,0.5586,0.19454,0.13487,-0.0283
goe767,50000,0.0,14.5,0.5606,0.1989,0.14333,-0.0328
goe767,50000,0.0,15.0,0.5507,0.19542,0.15039,-0.0389
goe767,100000,0.0,-5.0,-0.4953,0.02082,-0.01131,0.0017
goe767,100000,0.0,-4.5,-0.4553,0.01999,-0.01108,0.0045
goe767,100000,0.0,-4.0,-0.4134,0.01956,-0.01104,0.0071
goe767,100000,0.0,-3.5,-0.3756,0.01855,-0.01142,0.0101
goe767,100000,0.0,-3.0,-0.2712,0.01659,-0.01165,0.0002
goe767,100000,0.0,-2.5,-0.1663,0.01568,-0.01128,-0.008
goe767,100000,0.0,-2.0,-0.1193,0.01501,-0.01115,-0.0055
goe767,100000,0.0,-1.5,-0.0776,0.01396,-0.01052,-0.0015
goe767,100000,0.0,-1.0,-0.0071,0.0142,-0.00963,-0.0013
goe767,100000,0.0,-0.5,0.0717,0.01568,-0.00861,-0.0039
goe767,100000,0.0,0.0,0.1691,0.01635,-0.00795,-0.0103
goe767,100000,0.0,0.5,0.3163,0.01723,-0.00783,-0.0269
goe767,100000,0.0,1.0,0.3601,0.01798,-0.00704,-0.0261
goe767,100000,0.0,1.5,0.3917,0.01792,-0.00662,-0.0224
goe767,100000,0.0,2.0,0.426,0.0182,-0.00611,-0.0188
goe767,100000,0.0,2.5,0.4625,0.01885,-0.00536,-0.0156
goe767,100000,0.0,3.0,0.5004,0.01968,-0.0046,-0.0126
goe767,100000,0.0,3.5,0.5381,0.02137,-0.00334,-0.0098
goe767,100000,0.0,4.0,0.5692,0.02501,-0.00076,-0.0074
goe767,100000,0.0,4.5,0.6138,0.02498,-0.00041,-0.0049
goe767,100000,0.0,5.0,0.6584,0.02512,-0.00026,-0.0024
goe767,100000,0.0,5.5,0.7052,0.02502,-0.00092,0.0002
goe767,100000,0.0,6.0,0.7424,0.02716,0.00031,0.0028
goe767,100000,0.0,6.5,0.7886,0.02669,-0.00036,0.0052
goe767,100000,0.0,7.0,0.8317,0.02742,-0.00146,0.0076
goe767,100000,0.0,7.5,0.8758,0.02696,-0.00198,0.0099
goe767,100000,0.0,8.0,0.9154,0.02806,-0.00145,0.0124
goe767,100000,0.0,8.5,0.9523,0.0296,-0.00074,0.015
goe767,100000,0.0,9.0,0.9727,0.03391,0.00228,0.0184
goe767,100000,0.0,9.5,0.9826,0.03794,0.0055,0.0225
goe767,100000,0.0,10.0,0.9724,0.04238,0.00908,0.0282
goe767,100000,0.0,10.5,0.9129,0.04797,0.0135,0.0365
goe767,100000,0.0,11.0,0.6434,0.09191,0.05442,0.0157
goe767,100000,0.0,11.5,0.6217,0.10176,0.06627,0.0102
goe767,100000,0.0,12.0,0.6189,0.1069,0.07261,0.0082
goe767,100000,0.0,12.5,0.6309,0.10977,0.07237,0.0104
goe767,100000,0.0,13.0,0.6104,0.12206,0.08749,0.005
goe767,100000,0.0,13.5,0.5872,0.13618,0.10435,-0.0005
goe767,100000,0.0,14.0,0.5804,0.14695,0.1173,-0.0042
goe767,100000,0.0,14.5,0.5817,0.1564,0.12849,-0.0069
goe767,200000,0.0,-5.0,-0.5083,0.01577,-0.01446,0.0048
goe767,200000,0.0,-4.5,-0.4723,0.0138,-0.01565,0.0091
goe767,200000,0.0,-4.0,-0.3952,0.0132,-0.01501,0.005
goe767,200000,0.0,-3.5,-0.2849,0.01268,-0.01429,-0.0054
goe767,200000,0.0,-3.0,-0.2276,0.01275,-0.01398,-0.0045
goe767,200000,0.0,-2.5,-0.1763,0.01285,-0.01353,-0.0032
goe767,200000,0.0,-2.0,-0.1261,0.0128,-0.0132,-0.0018
goe767,200000,0.0,-1.5,-0.0732,0.0127,-0.01281,-0.0011
goe767,200000,0.0,-1.0,-0.0256,0.01186,-0.01252,0.0003
goe767,200000,0.0,-0.5,0.0159,0.01107,-0.0121,0.0034
goe767,200000,0.0,0.0,0.0657,0.0108,-0.01148,0.0061
goe767,200000,0.0,0.5,0.1385,0.0109,-0.01109,0.0042
goe767,200000,0.0,1.0,0.2173,0.0113,-0.01082,0.0004
goe767,200000,0.0,1.5,0.3048,0.01245,-0.0101,-0.0057
goe767,200000,0.0,2.0,0.3918,0.01257,-0.01007,-0.0117
goe767,200000,0.0,2.5,0.4792,0.01287,-0.01003,-0.0178
goe767,200000,0.0,3.0,0.5166,0.01306,-0.00989,-0.0145
goe767,200000,0.0,3.5,0.5546,0.01349,-0.00979,-0.0113
goe767,200000,0.0,4.0,0.5958,0.01394,-0.0096,-0.0087
goe767,200000,0.0,4.5,0.64,0.01397,-0.00979,-0.0064
goe767,200000,0.0,5.0,0.6844,0.01421,-0.01,-0.0041
goe767,200000,0.0,5.5,0.7281,0.01485,-0.00997,-0.0019
goe767,200000,0.0,6.0,0.7742,0.01534,-0.00989,0.0
goe767,200000,0.0,6.5,0.8217,0.01553,-0.01005,0.0018
goe767,200000,0.0,7.0,0.8667,0.01597,-0.01031,0.0038
goe767,200000,0.0,7.5,0.9097,0.0168,-0.01017,0.006
goe767,200000,0.0,8.0,0.9526,0.01763,-0.01003,0.0081
goe767,200000,0.0,8.5,0.9927,0.01872,-0.0097,0.0106
goe767,200000,0.0,9.0,1.0293,0.02039,-0.00895,0.0138
goe767,200000,0.0,9.5,1.0653,0.02198,-0.00831,0.0166
goe767,200000,0.0,10.0,1.114,0.02148,-0.00952,0.0177
goe767,200000,0.0,10.5,1.1297,0.02373,-0.00856,0.0226
goe767,200000,0.0,11.0,1.1299,0.02631,-0.00708,0.0298
goe767,200000,0.0,11.5,1.1202,0.02845,-0.00616,0.038
goe767,200000,0.0,12.0,1.1031,0.03168,-0.00445,0.0441
goe767,200000,0.0,12.5,1.0785,0.03689,-0.00097,0.0463
goe767,200000,0.0,13.0,1.0468,0.04511,0.0054,0.0437
goe767,200000,0.0,13.5,0.998,0.05696,0.0157,0.0376
goe767,200000,0.0,14.0,0.9493,0.06928,0.02722,0.0318
goe767,200000,0.0,14.5,0.6885,0.12546,0.09205,0.0031
goe767,200000,0.0,15.0,0.5864,0.16343,0.14273,-0.0138
goe767,500000,0.0,-5.0,-0.4623,0.01128,-0.01636,-0.0038
goe767,500000,0.0,-4.5,-0.3978,0.01128,-0.01613,-0.0045
goe767,500000,0.0,-4.0,-0.3471,0.01127,-0.01582,-0.003
goe767,500000,0.0,-3.5,-0.2945,0.01123,-0.01545,-0.002
goe767,500000,0.0,-3.0,-0.2406,0.01092,-0.01511,-0.0012
goe767,500000,0.0,-2.5,-0.1893,0.01044,-0.01479,-0.0003
goe767,500000,0.0,-2.0,-0.1343,0.0104,-0.01434,0.0002
goe767,500000,0.0,-1.5,-0.0785,0.0103,-0.01398,0.0006
goe767,500000,0.0,-1.0,-0.0232,0.0102,-0.01365,0.001
goe767,500000,0.0,-0.5,0.0313,0.01019,-0.01336,0.0014
goe767,500000,0.0,0.0,0.0859,0.01025,-0.01306,0.0019
goe767,500000,0.0,0.5,0.1404,0.01015,-0.01288,0.0023
goe767,500000,0.0,1.5,0.2382,0.00898,-0.01256,0.0046
goe767,500000,0.0,2.0,0.2833,0.00854,-0.01227,0.0076
goe767,500000,0.0,2.5,0.3523,0.00881,-0.01205,0.0056
goe767,500000,0.0,3.0,0.4254,0.00906,-0.01194,0.0024
goe767,500000,0.0,3.5,0.4999,0.00925,-0.01193,-0.0013
goe767,500000,0.0,4.0,0.5847,0.00948,-0.01201,-0.0069
goe767,500000,0.0,4.5,0.6628,0.00974,-0.01215,-0.0112
goe767,500000,0.0,5.0,0.7048,0.01017,-0.01216,-0.0086
goe767,500000,0.0,5.5,0.7492,0.01058,-0.01212,-0.0064
goe767,500000,0.0,6.0,0.7936,0.01109,-0.01207,-0.0042
goe767,500000,0.0,6.5,0.8398,0.01155,-0.01204,-0.0022
goe767,500000,0.0,7.0,0.8869,0.01198,-0.01204,-0.0004
goe767,500000,0.0,7.5,0.9343,0.01239,-0.0121,0.0014
goe767,500000,0.0,8.0,0.9814,0.01284,-0.01219,0.0031
goe767,500000,0.0,8.5,1.019,0.01436,-0.01174,0.0058
goe767,500000,0.0,9.0,1.0537,0.01605,-0.01115,0.009
goe767,500000,0.0,9.5,1.0932,0.01706,-0.01091,0.0119
goe767,500000,0.0,10.0,1.1304,0.01813,-0.01062,0.0149
goe767,500000,0.0,10.5,1.1636,0.01933,-0.01023,0.0183
goe767,500000,0.0,11.0,1.1902,0.0207,-0.00972,0.0226
goe767,500000,0.0,11.5,1.2049,0.02228,-0.00912,0.0284
goe767,500000,0.0,12.0,1.195,0.02401,-0.00862,0.0376
goe767,500000,0.0,12.5,1.1797,0.02676,-0.00747,0.0445
goe767,500000,0.0,13.0,1.1678,0.03125,-0.00478,0.0464
goe767,500000,0.0,13.5,1.1785,0.03569,-0.00183,0.0443
goe767,500000,0.0,14.0,1.1586,0.04437,0.00491,0.0394
goe767,500000,0.0,14.5,1.1186,0.0555,0.0143,0.0334
goe767,500000,0.0,15.0,1.0997,0.06307,0.02065,0.0308
goe767,1000000,0.0,-5.0,-0.4645,0.01079,-0.01663,-0.0034
goe767,1000000,0.0,-4.5,-0.4111,0.01036,-0.01639,-0.0026
goe767,1000000,0.0,-4.0,-0.3574,0.01012,-0.0161,-0.0018
goe767,1000000,0.0,-3.5,-0.3024,0.00987,-0.01574,-0.0011
goe767,1000000,0.0,-3.0,-0.2467,0.00964,-0.01536,-0.0006
goe767,1000000,0.0,-2.5,-0.191,0.00949,-0.01497,-0.0001
goe767,1000000,0.0,-2.0,-0.1362,0.00929,-0.01463,0.0006
goe767,1000000,0.0,-1.5,-0.0823,0.00902,-0.01431,0.0011
goe767,1000000,0.0,-1.0,-0.0279,0.00926,-0.01399,0.0015
goe767,1000000,0.0,-0.5,0.0273,0.00942,-0.01366,0.0018
goe767,1000000,0.0,0.0,0.0834,0.00944,-0.01337,0.002
goe767,1000000,0.0,0.5,0.1397,0.00944,-0.01312,0.0023
goe767,1000000,0.0,1.0,0.196,0.00945,-0.01291,0.0025
goe767,1000000,0.0,1.5,0.2519,0.00936,-0.01276,0.0028
goe767,1000000,0.0,2.0,0.3074,0.00924,-0.01263,0.003
goe767,1000000,0.0,2.5,0.3615,0.00891,-0.01254,0.0034
goe767,1000000,0.0,3.0,0.4089,0.0082,-0.01241,0.0047
goe767,1000000,0.0,3.5,0.4553,0.00782,-0.01224,0.0072
goe767,1000000,0.0,4.0,0.5138,0.00809,-0.01216,0.007
goe767,1000000,0.0,4.5,0.5869,0.0084,-0.01214,0.0036
goe767,1000000,0.0,5.0,0.6632,0.00868,-0.0122,-0.0005
goe767,1000000,0.0,5.5,0.7359,0.00896,-0.0123,-0.0038
goe767,1000000,0.0,6.0,0.8052,0.00926,-0.01243,-0.0064
goe767,1000000,0.0,6.5,0.8564,0.00956,-0.01251,-0.0053
goe767,1000000,0.0,7.0,0.9029,0.00992,-0.01258,-0.0034
goe767,1000000,0.0,7.5,0.944,0.01113,-0.01218,-0.001
goe767,1000000,0.0,9.5,1.1206,0.01425,-0.0118,0.0078
goe767,1000000,0.0,10.0,1.1644,0.01478,-0.0119,0.0098
goe767,1000000,0.0,10.5,1.2068,0.01539,-0.01198,0.012
goe767,1000000,0.0,11.0,1.2483,0.01606,-0.01205,0.0143
goe767,1000000,0.0,11.5,1.2882,0.0168,-0.0121,0.0167
goe767,1000000,0.0,12.0,1.2999,0.01907,-0.01078,0.0237
goe767,1000000,0.0,12.5,1.3069,0.02052,-0.01036,0.031
goe767,1000000,0.0,13.0,1.305,0.02186,-0.01023,0.0392
goe767,1000000,0.0,13.5,1.3013,0.02382,-0.00979,0.0454
goe767,1000000,0.0,14.0,1.3147,0.02614,-0.00896,0.0476
goe767,1000000,0.0,14.5,1.3291,0.03006,-0.00679,0.0457
goe767,1000000,0.0,15.0,1.3268,0.03653,-0.00247,0.0419
ssca07,50000,0.0,-5.0,-0.4944,0.046,0.03191,-0.0195
ssca07,50000,0.0,-4.5,-0.4308,0.03752,0.02144,-0.0212
ssca07,50000,0.0,-4.0,-0.3792,0.03157,0.01568,-0.0198
ssca07,50000,0.0,-3.5,-0.3251,0.02738,0.01105,-0.0175
ssca07,50000,0.0,-3.0,-0.2734,0.02368,0.00802,-0.0151
ssca07,50000,0.0,-2.5,-0.2236,0.0208,0.00574,-0.0122
ssca07,50000,0.0,-2.0,-0.096,0.01581,0.00386,-0.0181
ssca07,50000,0.0,-1.5,-0.0711,0.01558,0.00341,-0.0138
ssca07,50000,0.0,-1.0,-0.0495,0.01549,0.00315,-0.0087
ssca07,50000,0.0,-0.5,-0.0214,0.01553,0.00301,-0.0048
ssca07,50000,0.0,0.0,0.014,0.01568,0.00302,-0.0021
ssca07,50000,0.0,0.5,0.0537,0.01594,0.00318,-0.0004
ssca07,50000,0.0,1.0,0.0959,0.01631,0.00348,0.0008
ssca07,50000,0.0,1.5,0.1393,0.01679,0.00392,0.0015
ssca07,50000,0.0,2.0,0.1831,0.01742,0.00455,0.002
ssca07,50000,0.0,2.5,0.2265,0.01823,0.00538,0.002
ssca07,50000,0.0,3.0,0.2688,0.01931,0.00654,0.0016
ssca07,50000,0.0,3.5,0.4572,0.02049,0.0083,-0.0229
ssca07,50000,0.0,4.0,0.5291,0.01783,0.0055,-0.0123
ssca07,50000,0.0,4.5,0.568,0.02039,0.00618,-0.0061
ssca07,50000,0.0,5.0,0.6188,0.02323,0.00827,-0.0046
ssca07,50000,0.0,5.5,0.6666,0.02625,0.01054,-0.0028
ssca07,50000,0.0,6.0,0.7123,0.03014,0.01336,-0.0008
ssca07,50000,0.0,6.5,0.7578,0.03502,0.01707,0.0009
ssca07,50000,0.0,7.0,0.801,0.04121,0.02261,0.0022
ssca07,50000,0.0,7.5,0.8298,0.05106,0.03274,0.0028
ssca07,50000,0.0,8.0,0.8413,0.06217,0.04412,0.0018
ssca07,50000,0.0,8.5,0.8434,0.07412,0.05545,-0.0005
ssca07,50000,0.0,9.5,0.7452,0.11596,0.10052,-0.0425
ssca07,50000,0.0,10.0,0.7399,0.12437,0.10859,-0.0447
ssca07,50000,0.0,10.5,0.7571,0.13376,0.11646,-0.0439
ssca07,50000,0.0,11.0,0.7522,0.14029,0.12481,-0.0468
ssca07,50000,0.0,11.5,0.7606,0.149,0.13364,-0.0484
ssca07,50000,0.0,12.0,0.7769,0.15878,0.1428,-0.0492
ssca07,50000,0.0,12.5,0.7884,0.16781,0.15194,-0.0507
ssca07,50000,0.0,13.0,0.7808,0.17278,0.1611,-0.0551
ssca07,50000,0.0,13.5,0.7842,0.18024,0.17111,-0.0586
ssca07,50000,0.0,14.0,0.8114,0.19255,0.18178,-0.0589
ssca07,50000,0.0,14.5,0.8047,0.19546,0.1922,-0.0645
ssca07,50000,0.0,15.0,0.8199,0.20458,0.20337,-0.067
ssca07,100000,0.0,-5.0,-0.4974,0.0443,0.03346,-0.0182
ssca07,100000,0.0,-4.5,-0.4678,0.03961,0.02953,-0.0137
ssca07,100000,0.0,-3.5,-0.325,0.02305,0.00959,-0.0151
ssca07,100000,0.0,-3.0,-0.2767,0.01983,0.00665,-0.0125
ssca07,100000,0.0,-2.5,-0.2296,0.0173,0.00465,-0.0101
ssca07,100000,0.0,-2.0,-0.184,0.01532,0.00334,-0.0082
ssca07,100000,0.0,-1.5,-0.0691,0.01159,0.00298,-0.0142
ssca07,100000,0.0,-1.0,-0.0588,0.0115,0.00277,-0.0073
ssca07,100000,0.0,-0.5,-0.0317,0.01155,0.00268,-0.0033
ssca07,100000,0.0,0.0,0.008,0.01174,0.00275,-0.0016
ssca07,100000,0.0,0.5,0.0522,0.01204,0.00297,-0.0007
ssca07,100000,0.0,1.0,0.0983,0.01245,0.00333,-0.0004
ssca07,100000,0.0,1.5,0.1624,0.01304,0.00389,-0.0037
ssca07,100000,0.0,2.0,0.2903,0.01358,0.0045,-0.0184
ssca07,100000,0.0,2.5,0.3937,0.01351,0.00458,-0.0261
ssca07,100000,0.0,3.0,0.4434,0.01296,0.00414,-0.0215
ssca07,100000,0.0,3.5,0.4782,0.01219,0.00327,-0.0133
ssca07,100000,0.0,4.0,0.5085,0.01384,0.00274,-0.0053
ssca07,100000,0.0,4.5,0.5572,0.01585,0.00371,-0.0043
ssca07,100000,0.0,5.0,0.6084,0.01733,0.00468,-0.0038
ssca07,100000,0.0,5.5,0.6581,0.01898,0.00549,-0.0033
ssca07,100000,0.0,6.0,0.7063,0.02086,0.00645,-0.0026
ssca07,100000,0.0,6.5,0.7554,0.02361,0.00795,-0.0016
ssca07,100000,0.0,7.0,0.8046,0.02731,0.01026,-0.0006
ssca07,100000,0.0,7.5,0.8519,0.03246,0.01496,0.0009
ssca07,100000,0.0,8.0,0.8884,0.04049,0.02185,0.0023
ssca07,100000,0.0,8.5,0.9106,0.05085,0.03114,0.0037
ssca07,100000,0.0,9.0,0.8887,0.06732,0.04974,0.0031
ssca07,100000,0.0,9.5,0.7827,0.10273,0.08848,-0.0266
ssca07,100000,0.0,10.0,0.7948,0.11182,0.09593,-0.0268
ssca07,100000,0.0,10.5,0.7758,0.12295,0.10764,-0.0349
ssca07,100000,0.0,11.0,0.7717,0.13173,0.11751,-0.0398
ssca07,100000,0.0,11.5,0.7889,0.14176,0.12461,-0.0387
ssca07,100000,0.0,12.0,0.7734,0.14948,0.1366,-0.0472
ssca07,100000,0.0,12.5,0.8021,0.16035,0.14275,-0.0437
ssca07,100000,0.0,13.0,0.7861,0.16634,0.15585,-0.0532
ssca07,100000,0.0,13.5,0.7926,0.17468,0.16613,-0.0567
ssca07,100000,0.0,14.0,0.8189,0.18502,0.17389,-0.0553
ssca07,100000,0.0,14.5,0.8097,0.19064,0.18812,-0.0642
ssca07,100000,0.0,15.0,0.841,0.20277,0.19601,-0.062
ssca07,200000,0.0,-5.0,-0.4636,0.03528,0.02444,-0.0213
ssca07,200000,0.0,-3.0,-0.2841,0.01662,0.00561,-0.0096
ssca07,200000,0.0,-2.5,-0.2357,0.01448,0.00386,-0.0078
ssca07,200000,0.0,-2.0,-0.1866,0.01295,0.00282,-0.0069
ssca07,200000,0.0,-1.5,-0.1322,0.00873,0.00207,-0.0078
ssca07,200000,0.0,-1.0,-0.0726,0.00876,0.00253,-0.0053
ssca07,200000,0.0,-0.5,-0.0305,0.00884,0.0025,-0.0043
ssca07,200000,0.0,0.0,0.1142,0.0089,0.00248,-0.0221
ssca07,200000,0.0,0.5,0.2023,0.00891,0.00244,-0.0284
ssca07,200000,0.0,1.0,0.2467,0.00897,0.00252,-0.0257
ssca07,200000,0.0,1.5,0.2849,0.00892,0.00246,-0.0212
ssca07,200000,0.0,2.0,0.3237,0.00874,0.00226,-0.0166
ssca07,200000,0.0,2.5,0.3654,0.00851,0.00196,-0.0124
ssca07,200000,0.0,3.0,0.4097,0.00837,0.00159,-0.0086
ssca07,200000,0.0,3.5,0.4514,0.00964,0.00123,-0.005
ssca07,200000,0.0,4.0,0.5025,0.01136,0.00181,-0.0052
ssca07,200000,0.0,4.5,0.5558,0.01235,0.00231,-0.0053
ssca07,200000,0.0,5.0,0.609,0.01325,0.00274,-0.0054
ssca07,200000,0.0,5.5,0.6625,0.01399,0.00307,-0.0055
ssca07,200000,0.0,6.0,0.7146,0.01523,0.00337,-0.0055
ssca07,200000,0.0,6.5,0.7631,0.01767,0.00474,-0.0048
ssca07,200000,0.0,7.0,0.8107,0.0205,0.00641,-0.0039
ssca07,200000,0.0,7.5,0.8599,0.02378,0.00873,-0.0029
ssca07,200000,0.0,8.0,0.9057,0.02846,0.0127,-0.0015
ssca07,200000,0.0,8.5,0.946,0.03351,0.01658,-0.0005
ssca07,200000,0.0,9.0,0.9655,0.04261,0.02491,0.0018
ssca07,200000,0.0,9.5,0.9108,0.0644,0.04822,0.0026
ssca07,200000,0.0,10.5,0.6814,0.07818,0.06044,-0.0026
ssca07,200000,0.0,11.5,0.7923,0.1324,0.11905,-0.0406
ssca07,200000,0.0,12.0,0.8074,0.13902,0.12366,-0.0392
ssca07,200000,0.0,12.5,0.793,0.15169,0.14047,-0.0494
ssca07,200000,0.0,13.0,0.8047,0.15975,0.14786,-0.0502
ssca07,200000,0.0,13.5,0.803,0.16944,0.16156,-0.057
ssca07,200000,0.0,14.0,0.8088,0.17847,0.17315,-0.0612
ssca07,200000,0.0,14.5,0.8204,0.18619,0.18324,-0.0642
ssca07,200000,0.0,15.0,0.8326,0.19503,0.19367,-0.0668
ssca07,500000,0.0,-5.0,-0.461,0.02888,0.01975,-0.0185
ssca07,500000,0.0,-4.5,-0.3976,0.02273,0.01374,-0.0208
ssca07,500000,0.0,-4.0,-0.3329,0.01886,0.00964,-0.0228
ssca07,500000,0.0,-3.5,-0.271,0.01628,0.00747,-0.0247
ssca07,500000,0.0,-3.0,-0.212,0.01144,0.00307,-0.0219
ssca07,500000,0.0,-2.5,-0.1627,0.01043,0.00227,-0.0203
ssca07,500000,0.0,-2.0,-0.1123,0.00951,0.00169,-0.0191
ssca07,500000,0.0,-1.5,-0.0691,0.00696,0.00117,-0.0175
ssca07,500000,0.0,-1.0,-0.035,0.00587,0.00129,-0.0116
ssca07,500000,0.0,-0.5,-0.0123,0.00564,0.00132,-0.0018
ssca07,500000,0.0,0.0,0.0454,0.00549,0.00115,-0.0011
ssca07,500000,0.0,0.5,0.12,0.00542,0.00104,-0.0051
ssca07,500000,0.0,1.0,0.1766,0.00533,0.00086,-0.0054
ssca07,500000,0.0,1.5,0.2278,0.00529,0.00073,-0.0045
ssca07,500000,0.0,2.0,0.2804,0.00534,0.00059,-0.0038
ssca07,500000,0.0,2.5,0.3343,0.00575,0.00043,-0.0034
ssca07,500000,0.0,3.0,0.3899,0.00715,0.00063,-0.0044
ssca07,500000,0.0,3.5,0.4459,0.0081,0.00089,-0.0053
ssca07,500000,0.0,4.0,0.502,0.00875,0.00112,-0.006
ssca07,500000,0.0,4.5,0.5581,0.00926,0.00134,-0.0065
ssca07,500000,0.0,5.0,0.6141,0.00975,0.00154,-0.007
ssca07,500000,0.0,5.5,0.6695,0.01033,0.0017,-0.0074
ssca07,500000,0.0,6.0,0.7225,0.01173,0.00234,-0.0077
ssca07,500000,0.0,6.5,0.7754,0.01314,0.00317,-0.0077
ssca07,500000,0.0,7.0,0.8261,0.01499,0.00431,-0.0074
ssca07,500000,0.0,7.5,0.8766,0.01674,0.00554,-0.007
ssca07,500000,0.0,8.0,0.9225,0.01968,0.00747,-0.0062
ssca07,500000,0.0,8.5,0.9711,0.02158,0.00914,-0.0056
ssca07,500000,0.0,9.0,1.0158,0.02408,0.01114,-0.0049
ssca07,500000,0.0,9.5,1.0339,0.03273,0.01804,-0.0023
ssca07,500000,0.0,10.0,1.0543,0.03834,0.02342,-0.0003
ssca07,500000,0.0,10.5,1.0354,0.0478,0.03242,0.0021
ssca07,500000,0.0,11.0,0.9926,0.0586,0.04302,-0.0007
ssca07,500000,0.0,12.5,0.6454,0.10494,0.08064,-0.0164
ssca07,500000,0.0,13.0,0.6102,0.1159,0.09121,-0.0201
ssca07,500000,0.0,13.5,0.8228,0.16145,0.15313,-0.0569
ssca07,500000,0.0,14.0,0.5843,0.13661,0.11293,-0.0265
ssca07,500000,0.0,14.5,0.5765,0.14558,0.12556,-0.0317
ssca07,500000,0.0,15.0,0.581,0.15173,0.13335,-0.0343
arad20,50000,0.0,-5.0,-0.2123,0.03344,0.01317,-0.0481
arad20,50000,0.0,-4.5,-0.1647,0.03371,0.01451,-0.0451
arad20,50000,0.0,-4.0,-0.1216,0.03475,0.01587,-0.039
arad20,50000,0.0,-3.5,-0.0777,0.03627,0.01803,-0.0357
arad20,50000,0.0,-3.0,-0.0375,0.03772,0.0199,-0.0289
arad20,50000,0.0,-2.5,0.0024,0.03938,0.02093,-0.0214
arad20,50000,0.0,-2.0,0.0494,0.04095,0.023,-0.0196
arad20,50000,0.0,-1.5,0.1482,0.0423,0.02437,-0.0245
arad20,50000,0.0,-1.0,0.2846,0.04564,0.02758,-0.0423
arad20,50000,0.0,-0.5,0.4278,0.04726,0.02968,-0.0618
arad20,50000,0.0,0.0,0.4477,0.04847,0.02899,-0.0579
arad20,50000,0.0,0.5,0.4265,0.05243,0.03407,-0.0569
arad20,50000,0.0,1.0,0.3743,0.05742,0.03888,-0.0506
arad20,50000,0.0,1.5,0.3265,0.06307,0.04402,-0.045
arad20,50000,0.0,2.0,0.291,0.07068,0.05111,-0.0435
arad20,50000,0.0,2.5,0.2702,0.08012,0.05968,-0.0456
arad20,50000,0.0,3.0,0.2246,0.09105,0.07134,-0.051
arad20,50000,0.0,3.5,0.3216,0.10234,0.07718,-0.0578
arad20,50000,0.0,4.0,0.2705,0.09981,0.07964,-0.0507
arad20,50000,0.0,4.5,0.3748,0.1095,0.0847,-0.0559
arad20,50000,0.0,5.0,0.376,0.11634,0.08997,-0.0558
arad20,50000,0.0,5.5,0.3515,0.11386,0.09296,-0.0518
arad20,50000,0.0,6.0,0.4234,0.12183,0.09826,-0.0546
arad20,50000,0.0,6.5,0.4747,0.13603,0.105,-0.0579
arad20,50000,0.0,7.0,0.421,0.12964,0.10868,-0.0533
arad20,50000,0.0,7.5,0.4943,0.13973,0.11491,-0.0559
arad20,50000,0.0,8.0,0.5613,0.15944,0.12275,-0.0602
arad20,50000,0.0,8.5,0.4868,0.15069,0.12845,-0.0576
arad20,50000,0.0,9.0,0.4898,0.15223,0.13419,-0.0581
arad20,50000,0.0,9.5,0.5297,0.1582,0.13977,-0.0591
arad20,50000,0.0,10.0,0.61,0.17229,0.14601,-0.0617
arad20,50000,0.0,10.5,0.6578,0.19176,0.15441,-0.0653
arad20,50000,0.0,11.0,0.6097,0.18293,0.16149,-0.0652
arad20,50000,0.0,11.5,0.5973,0.17858,0.16858,-0.0663
arad20,50000,0.0,12.0,0.6317,0.18478,0.17527,-0.0677
arad20,50000,0.0,12.5,0.6892,0.1977,0.18195,-0.0693
arad20,50000,0.0,13.0,0.7566,0.22708,0.1918,-0.0734
arad20,50000,0.0,13.5,0.7407,0.22449,0.20181,-0.0759
arad20,50000,0.0,14.0,0.7014,0.20708,0.21188,-0.0785
arad20,50000,0.0,14.5,0.7278,0.21109,0.21927,-0.0803
arad20,50000,0.0,15.0,0.7662,0.21919,0.22594,-0.0816
arad20,100000,0.0,-5.0,-0.249,0.02329,0.00424,-0.0322
arad20,100000,0.0,-4.5,-0.194,0.02307,0.00458,-0.0323
arad20,100000,0.0,-4.0,-0.1366,0.02275,0.0052,-0.0323
arad20,100000,0.0,-3.5,-0.0809,0.02289,0.00589,-0.0314
arad20,100000,0.0,-3.0,-0.0294,0.02381,0.00672,-0.0292
arad20,100000,0.0,-2.5,0.0242,0.02423,0.00779,-0.0274
arad20,100000,0.0,-2.0,0.0754,0.02475,0.00876,-0.0251
arad20,100000,0.0,-1.5,0.1222,0.02528,0.00949,-0.0213
arad20,100000,0.0,-1.0,0.1648,0.02683,0.01029,-0.0174
arad20,100000,0.0,-0.5,0.2112,0.02704,0.01113,-0.0142
arad20,100000,0.0,0.0,0.2695,0.02709,0.01157,-0.0135
arad20,100000,0.0,0.5,0.3514,0.02733,0.01171,-0.0178
arad20,100000,0.0,1.0,0.4566,0.02946,0.01309,-0.0286
arad20,100000,0.0,1.5,0.5535,0.03031,0.01454,-0.0383
arad20,100000,0.0,2.0,0.572,0.03064,0.0149,-0.0345
arad20,100000,0.0,2.5,0.6022,0.03094,0.01493,-0.0314
arad20,100000,0.0,3.0,0.6479,0.03316,0.01579,-0.0312
arad20,100000,0.0,3.5,0.6929,0.03564,0.01851,-0.0323
arad20,100000,0.0,4.0,0.7367,0.03794,0.02112,-0.033
arad20,100000,0.0,4.5,0.7906,0.03821,0.02128,-0.0331
arad20,100000,0.0,5.0,0.8522,0.03759,0.02019,-0.0331
arad20,100000,0.0,5.5,0.8836,0.04222,0.02309,-0.0326
arad20,100000,0.0,7.5,0.7091,0.0921,0.06924,-0.0363
arad20,100000,0.0,8.0,0.6255,0.11145,0.0892,-0.0425
arad20,100000,0.0,8.5,0.5985,0.12478,0.10334,-0.0468
arad20,100000,0.0,9.0,0.5995,0.13448,0.11319,-0.0496
arad20,100000,0.0,10.0,0.4577,0.14985,0.09624,-0.029
arad20,100000,0.0,10.5,0.4599,0.15493,0.10194,-0.0302
arad20,100000,0.0,11.0,0.447,0.15648,0.10712,-0.0309
arad20,100000,0.0,11.5,0.3844,0.14357,0.10992,-0.0301
arad20,100000,0.0,12.0,0.4138,0.14728,0.11355,-0.0305
arad20,100000,0.0,12.5,0.4598,0.15313,0.11665,-0.0307
arad20,100000,0.0,13.0,0.778,0.18645,0.16709,-0.0631
arad20,100000,0.0,13.5,0.7792,0.20628,0.18013,-0.0672
arad20,100000,0.0,14.0,0.7929,0.21394,0.19095,-0.0708
arad20,100000,0.0,14.5,0.8069,0.22062,0.20185,-0.0744
arad20,100000,0.0,15.0,0.8129,0.22388,0.2136,-0.0783
arad20,200000,0.0,-5.0,-0.2607,0.0181,0.00036,-0.0275
arad20,200000,0.0,-4.5,-0.2016,0.01742,0.00037,-0.0283
arad20,200000,0.0,-4.0,-0.1424,0.01716,0.00047,-0.0289
arad20,200000,0.0,-3.5,-0.0827,0.01706,0.00089,-0.0296
arad20,200000,0.0,-3.0,-0.0228,0.01679,0.0013,-0.03
arad20,200000,0.0,-2.5,0.0368,0.01674,0.00172,-0.0302
arad20,200000,0.0,-2.0,0.096,0.01679,0.00206,-0.0301
arad20,200000,0.0,-1.5,0.1535,0.01744,0.00262,-0.0299
arad20,200000,0.0,-1.0,0.2108,0.01746,0.003,-0.0293
arad20,200000,0.0,-0.5,0.2665,0.01742,0.0033,-0.0282
arad20,200000,0.0,0.0,0.3213,0.01747,0.00355,-0.027
arad20,200000,0.0,0.5,0.3752,0.01761,0.00366,-0.0257
arad20,200000,0.0,1.0,0.4212,0.01854,0.00421,-0.023
arad20,200000,0.0,1.5,0.472,0.01823,0.00423,-0.021
arad20,200000,0.0,2.0,0.5344,0.01812,0.00431,-0.0219
arad20,200000,0.0,2.5,0.6212,0.01819,0.00439,-0.0282
arad20,200000,0.0,3.0,0.6799,0.01823,0.00423,-0.0298
arad20,200000,0.0,3.5,0.7359,0.01964,0.00499,-0.0311
arad20,200000,0.0,4.0,0.7975,0.01963,0.00509,-0.0327
arad20,200000,0.0,4.5,0.858,0.01998,0.00539,-0.0342
arad20,200000,0.0,5.0,0.9177,0.02038,0.00565,-0.0354
arad20,200000,0.0,5.5,0.9765,0.02076,0.00575,-0.0363
arad20,200000,0.0,6.0,1.0291,0.02288,0.00702,-0.037
arad20,200000,0.0,6.5,1.0856,0.02331,0.00746,-0.0377
arad20,200000,0.0,7.0,1.1396,0.02407,0.00813,-0.0382
arad20,200000,0.0,7.5,1.1917,0.02506,0.0089,-0.0385
arad20,200000,0.0,8.0,1.2423,0.0261,0.00963,-0.0385
arad20,200000,0.0,8.5,1.2911,0.02717,0.01029,-0.0384
arad20,200000,0.0,9.0,1.3372,0.02844,0.01102,-0.0379
arad20,200000,0.0,9.5,1.3731,0.03116,0.0127,-0.0366
arad20,200000,0.0,10.0,1.3947,0.03434,0.01487,-0.034
arad20,200000,0.0,10.5,1.4243,0.03561,0.01567,-0.0316
arad20,200000,0.0,11.0,1.4267,0.03815,0.01737,-0.0265
arad20,200000,0.0,11.5,1.4109,0.043,0.02084,-0.0228
arad20,200000,0.0,12.0,1.3664,0.05286,0.02846,-0.0233
arad20,200000,0.0,12.5,0.8486,0.14294,0.11945,-0.0502
arad20,200000,0.0,13.5,0.8452,0.16041,0.14474,-0.0595
arad20,200000,0.0,14.0,0.8582,0.16679,0.15334,-0.0622
arad20,200000,0.0,14.5,0.8731,0.17298,0.16184,-0.0649
arad20,200000,0.0,15.0,0.8914,0.17854,0.16954,-0.0673
arad20,500000,0.0,-5.0,-0.2648,0.01386,-0.00204,-0.0259
arad20,500000,0.0,-4.5,-0.2039,0.01356,-0.00198,-0.0268
arad20,500000,0.0,-4.0,-0.1424,0.01316,-0.00192,-0.0278
arad20,500000,0.0,-3.5,-0.0805,0.01273,-0.00187,-0.0288
arad20,500000,0.0,-3.0,-0.0185,0.01232,-0.00179,-0.0298
arad20,500000,0.0,-2.5,0.0435,0.01199,-0.00173,-0.0308
arad20,500000,0.0,-2.0,0.1052,0.01181,-0.00162,-0.0317
arad20,500000,0.0,-1.5,0.1665,0.01191,-0.00126,-0.0326
arad20,500000,0.0,-1.0,0.2284,0.01171,-0.00108,-0.0334
arad20,500000,0.0,-0.5,0.2901,0.0116,-0.0009,-0.0341
arad20,500000,0.0,0.0,0.3515,0.01156,-0.00072,-0.0347
arad20,500000,0.0,0.5,0.4123,0.0116,-0.00057,-0.0353
arad20,500000,0.0,1.0,0.4716,0.01177,-0.00033,-0.0356
arad20,500000,0.0,1.5,0.5316,0.01204,-3e-05,-0.0361
arad20,500000,0.0,2.0,0.5902,0.01205,0.00012,-0.0361
arad20,500000,0.0,2.5,0.6476,0.01206,0.00019,-0.0359
arad20,500000,0.0,3.0,0.7047,0.01221,0.00024,-0.0358
arad20,500000,0.0,3.5,0.7559,0.01242,0.00036,-0.0345
arad20,500000,0.0,4.0,0.8102,0.01262,0.00051,-0.0339
arad20,500000,0.0,4.5,0.8781,0.01267,0.00052,-0.0366
arad20,500000,0.0,5.0,0.9417,0.01298,0.00071,-0.0386
arad20,500000,0.0,5.5,1.0036,0.01336,0.00091,-0.0402
arad20,500000,0.0,6.0,1.0637,0.01387,0.00114,-0.0415
arad20,500000,0.0,6.5,1.1204,0.01487,0.00178,-0.0423
arad20,500000,0.0,7.0,1.1801,0.01524,0.002,-0.0435
arad20,500000,0.0,7.5,1.239,0.01562,0.00222,-0.0445
arad20,500000,0.0,8.0,1.2966,0.01611,0.0025,-0.0454
arad20,500000,0.0,8.5,1.353,0.01665,0.00277,-0.0461
arad20,500000,0.0,9.0,1.4076,0.01727,0.00302,-0.0466
arad20,500000,0.0,9.5,1.4596,0.01805,0.0034,-0.0468
arad20,500000,0.0,10.0,1.5084,0.01902,0.00392,-0.0465
arad20,500000,0.0,10.5,1.5532,0.02029,0.00466,-0.0457
arad20,500000,0.0,11.0,1.5941,0.02181,0.00554,-0.0444
arad20,500000,0.0,11.5,1.6419,0.02227,0.0056,-0.044
arad20,500000,0.0,12.0,1.6866,0.02281,0.00565,-0.0431
arad20,500000,0.0,12.5,1.7243,0.0237,0.0059,-0.0414
arad20,500000,0.0,13.0,1.7438,0.02532,0.0066,-0.0372
arad20,500000,0.0,13.5,1.7569,0.02787,0.00787,-0.0338
arad20,500000,0.0,14.0,1.761,0.03189,0.01016,-0.0316
arad20,500000,0.0,14.5,1.752,0.03813,0.01412,-0.0311
arad20,500000,0.0,15.0,1.7351,0.04578,0.01921,-0.0316
arad20,1000000,0.0,-5.0,-0.2645,0.01197,-0.00276,-0.0258
arad20,1000000,0.0,-4.5,-0.2023,0.01172,-0.00273,-0.0267
arad20,1000000,0.0,-4.0,-0.1403,0.01139,-0.00271,-0.0277
arad20,1000000,0.0,-3.5,-0.0782,0.01109,-0.00266,-0.0287
arad20,1000000,0.0,-3.0,-0.016,0.0108,-0.00257,-0.0298
arad20,1000000,0.0,-2.5,0.0466,0.01049,-0.00253,-0.0309
arad20,1000000,0.0,-2.0,0.1092,0.01007,-0.00246,-0.0321
arad20,1000000,0.0,-1.5,0.1718,0.00985,-0.00236,-0.0332
arad20,1000000,0.0,-1.0,0.2344,0.00975,-0.00224,-0.0342
arad20,1000000,0.0,-0.5,0.2966,0.00972,-0.00205,-0.0353
arad20,1000000,0.0,0.0,0.3588,0.00965,-0.00182,-0.0363
arad20,1000000,0.0,0.5,0.4211,0.00954,-0.00165,-0.0373
arad20,1000000,0.0,1.0,0.4834,0.00958,-0.0015,-0.0383
arad20,1000000,0.0,1.5,0.5449,0.00963,-0.00134,-0.0391
arad20,1000000,0.0,2.0,0.6059,0.00987,-0.00114,-0.04
arad20,1000000,0.0,2.5,0.667,0.01004,-0.00091,-0.0408
arad20,1000000,0.0,3.0,0.7274,0.01007,-0.00076,-0.0414
arad20,1000000,0.0,3.5,0.7883,0.01023,-0.00062,-0.0423
arad20,1000000,0.0,4.0,0.846,0.0104,-0.00046,-0.0424
arad20,1000000,0.0,4.5,0.9049,0.01077,-0.00023,-0.0431
arad20,1000000,0.0,5.0,0.9587,0.0111,4e-05,-0.0425
arad20,1000000,0.0,6.0,1.0784,0.01124,9e-05,-0.0441
arad20,1000000,0.0,6.5,1.1405,0.01151,0.00023,-0.0456
arad20,1000000,0.0,7.0,1.2011,0.01191,0.00041,-0.047
arad20,1000000,0.0,7.5,1.2596,0.01253,0.0007,-0.0481
arad20,1000000,0.0,8.0,1.3155,0.01341,0.00127,-0.0488
arad20,1000000,0.0,10.0,1.5452,0.01511,0.0021,-0.0522
arad20,1000000,0.0,10.5,1.6021,0.01542,0.00214,-0.053
arad20,1000000,0.0,11.0,1.6576,0.01581,0.00222,-0.0536
arad20,1000000,0.0,11.5,1.7108,0.01634,0.00237,-0.054
arad20,1000000,0.0,12.0,1.7595,0.01714,0.0026,-0.0538
arad20,1000000,0.0,12.5,1.7986,0.01852,0.00319,-0.0523
arad20,1000000,0.0,13.0,1.8221,0.02048,0.00424,-0.0484
arad20,1000000,0.0,13.5,1.8518,0.02169,0.00472,-0.0453
arad20,1000000,0.0,14.0,1.8702,0.02344,0.00551,-0.041
arad20,1000000,0.0,14.5,1.8906,0.02561,0.00657,-0.0383
arad20,1000000,0.0,15.0,1.9107,0.02829,0.00793,-0.0368
e336,50000,0.0,-4.5,-0.4551,0.04668,0.02777,-0.0004
e336,50000,0.0,-4.0,-0.3408,0.04034,0.0197,-0.0086
e336,50000,0.0,-3.5,-0.2341,0.0329,0.01434,-0.0162
e336,50000,0.0,-3.0,-0.0771,0.02646,0.01001,-0.0307
e336,100000,0.0,-5.0,-0.1555,0.00041,-0.00893,-0.0371
e336,100000,0.0,-4.5,-0.1573,0.00017,-0.01125,-0.0309
e336,100000,0.0,-4.0,-0.1462,8e-05,-0.01332,-0.0262
e336,100000,0.0,-3.5,-0.0992,4e-05,-0.01623,-0.0247
e336,100000,0.0,-3.0,0.035,4e-05,-0.02089,-0.0357
e336,100000,0.0,-1.5,0.2443,0.01892,0.00674,-0.038
e336,100000,0.0,-1.0,0.2886,0.01909,0.00681,-0.0367
e336,100000,0.0,-0.5,0.3334,0.01918,0.00694,-0.0353
e336,100000,0.0,0.0,0.3786,0.01987,0.00726,-0.0342
e336,100000,0.0,0.5,0.4251,0.02014,0.00781,-0.0333
e336,100000,0.0,1.0,0.4707,0.02041,0.00815,-0.032
e336,100000,0.0,1.5,0.5163,0.02099,0.00853,-0.0307
e336,100000,0.0,2.0,0.5615,0.02231,0.00954,-0.03
e336,100000,0.0,2.5,0.6072,0.02307,0.01061,-0.0293
e336,100000,0.0,3.0,0.6517,0.02389,0.01162,-0.0282
e336,100000,0.0,3.5,0.6962,0.02436,0.01207,-0.0265
e336,100000,0.0,4.0,0.7395,0.02556,0.01271,-0.0248
e336,100000,0.0,4.5,0.7779,0.02772,0.01463,-0.0237
e336,100000,0.0,5.0,0.816,0.02918,0.01647,-0.0221
e336,100000,0.0,5.5,0.8547,0.03009,0.01745,-0.0199
e336,100000,0.0,6.0,0.8956,0.03085,0.01792,-0.0175
e336,100000,0.0,6.5,0.9243,0.03419,0.01975,-0.0148
e336,100000,0.0,7.0,0.9478,0.03597,0.02227,-0.0116
e336,100000,0.0,7.5,0.9726,0.03784,0.02411,-0.0082
e336,100000,0.0,8.0,1.0147,0.03777,0.02363,-0.0051
e336,100000,0.0,8.5,1.0372,0.04046,0.02482,-0.0012
e336,100000,0.0,9.0,0.7369,0.0679,0.05056,0.0132
e336,100000,0.0,9.5,0.7678,0.06809,0.05022,0.0174
e336,100000,0.0,10.0,0.8339,0.06454,0.04588,0.0226
e336,100000,0.0,10.5,0.7558,0.07809,0.0575,0.0232
e336,100000,0.0,11.0,0.7886,0.07763,0.05708,0.0264
e336,100000,0.0,11.5,0.8936,0.06746,0.04628,0.0337
e336,100000,0.0,12.5,1.1519,0.04362,0.02293,0.0446
e336,100000,0.0,13.5,0.7392,0.11326,0.09038,0.0227
e336,100000,0.0,14.0,0.8283,0.10344,0.07714,0.0305
e336,100000,0.0,14.5,0.7241,0.1305,0.10806,0.018
e336,100000,0.0,15.0,0.7755,0.12673,0.10265,0.0216
e336,200000,0.0,-4.0,-0.2856,0.02414,0.0087,0.0014
e336,200000,0.0,-3.5,-0.2318,0.02113,0.00612,0.003
e336,200000,0.0,-3.0,-0.1722,0.01758,0.0038,0.0034
e336,200000,0.0,-2.5,-0.1233,0.01589,0.00275,0.0053
e336,200000,0.0,-2.0,-0.0858,0.01393,0.00177,0.0097
e336,200000,0.0,-1.0,0.2667,0.01513,0.00461,-0.0299
e336,200000,0.0,-0.5,0.3334,0.01468,0.0042,-0.033
e336,200000,0.0,0.0,0.3791,0.01454,0.00411,-0.0318
e336,200000,0.0,0.5,0.4251,0.01463,0.00405,-0.0305
e336,200000,0.0,1.0,0.4725,0.01492,0.00428,-0.0297
e336,200000,0.0,1.5,0.5199,0.01499,0.00446,-0.0287
e336,200000,0.0,2.0,0.5674,0.01515,0.00469,-0.0277
e336,200000,0.0,2.5,0.6149,0.01533,0.0049,-0.0266
e336,200000,0.0,3.0,0.662,0.01553,0.005,-0.0255
e336,200000,0.0,3.5,0.7089,0.0164,0.0055,-0.0245
e336,200000,0.0,4.0,0.756,0.01679,0.00595,-0.0235
e336,200000,0.0,4.5,0.8028,0.01707,0.00636,-0.0223
e336,200000,0.0,5.0,0.8494,0.01728,0.0066,-0.021
e336,200000,0.0,5.5,0.8958,0.01757,0.00681,-0.0197
e336,200000,0.0,6.0,0.9415,0.01806,0.00697,-0.0183
e336,200000,0.0,6.5,0.985,0.0192,0.00774,-0.0169
e336,200000,0.0,7.0,1.0289,0.0196,0.00824,-0.0153
e336,200000,0.0,7.5,1.0723,0.01985,0.00846,-0.0134
e336,200000,0.0,8.0,1.1156,0.01997,0.00835,-0.0115
e336,200000,0.0,8.5,1.1541,0.02141,0.00901,-0.0093
e336,200000,0.0,9.0,1.1932,0.02151,0.00906,-0.0068
e336,200000,0.0,9.5,1.2336,0.0212,0.00851,-0.0042
e336,200000,0.0,10.0,1.2707,0.02123,0.00782,-0.0012
e336,200000,0.0,10.5,1.3036,0.02141,0.00769,0.0022
e336,200000,0.0,11.0,1.3274,0.02207,0.00751,0.007
e336,200000,0.0,11.5,1.3411,0.02302,0.00773,0.013
e336,200000,0.0,12.0,1.3383,0.02445,0.0083,0.0214
e336,200000,0.0,12.5,1.3032,0.02592,0.00871,0.0346
e336,200000,0.0,13.0,1.2667,0.02862,0.00995,0.0446
e336,200000,0.0,13.5,1.2465,0.03266,0.01239,0.0487
e336,200000,0.0,14.0,1.2215,0.03879,0.01651,0.05
e336,200000,0.0,14.5,1.2018,0.04545,0.02138,0.0493
e336,200000,0.0,15.0,1.1741,0.05322,0.02718,0.0484
e336,500000,0.0,-5.0,-0.3833,0.03104,0.01646,-0.0026
e336,500000,0.0,-4.5,-0.3312,0.03152,0.0141,-0.0005
e336,500000,0.0,-4.0,-0.2995,0.01828,0.00532,0.0064
e336,500000,0.0,-3.5,-0.2454,0.01652,0.00366,0.0075
e336,500000,0.0,-3.0,-0.1906,0.0138,0.0019,0.0084
e336,500000,0.0,-2.5,-0.146,0.01217,0.00086,0.0112
e336,500000,0.0,-2.0,-0.0985,0.01137,0.00044,0.0134
e336,500000,0.0,-1.5,-0.0584,0.01011,0.00013,0.0164
e336,500000,0.0,-1.0,-0.0495,0.00825,0.00081,0.0269
e336,500000,0.0,-0.5,0.0549,0.01052,0.00258,0.0198
e336,500000,0.0,0.0,0.1956,0.01187,0.00332,0.0036
e336,500000,0.0,1.0,0.3133,0.01201,0.0034,0.0023
e336,500000,0.0,1.5,0.3796,0.01192,0.00334,-0.0002
e336,500000,0.0,2.0,0.4393,0.01191,0.0033,-0.0013
e336,500000,0.0,2.5,0.4977,0.01202,0.00331,-0.0022
e336,500000,0.0,3.0,0.5462,0.01228,0.00344,-0.0011
e336,500000,0.0,3.5,0.5855,0.01259,0.00355,0.002
e336,500000,0.0,4.0,0.6516,0.01236,0.00356,-0.0006
e336,500000,0.0,4.5,0.7174,0.01224,0.00353,-0.0031
e336,500000,0.0,5.0,0.7744,0.01226,0.00354,-0.0038
e336,500000,0.0,5.5,0.8283,0.01232,0.00354,-0.0039
e336,500000,0.0,6.0,0.8791,0.01248,0.00358,-0.0035
e336,500000,0.0,6.5,0.928,0.01286,0.00379,-0.0027
e336,500000,0.0,7.0,0.9768,0.01334,0.00405,-0.0019
e336,500000,0.0,7.5,1.0229,0.01323,0.00389,-0.0004
e336,500000,0.0,8.0,1.067,0.01329,0.00382,0.0014
e336,500000,0.0,8.5,1.1073,0.01345,0.00365,0.004
e336,500000,0.0,9.0,1.1597,0.01363,0.00365,0.0037
e336,500000,0.0,9.5,1.2107,0.01393,0.0036,0.0037
e336,500000,0.0,10.0,1.2604,0.01442,0.00374,0.0037
e336,500000,0.0,10.5,1.3079,0.01529,0.00406,0.0038
e336,500000,0.0,11.0,1.3434,0.01643,0.00456,0.0059
e336,500000,0.0,11.5,1.3733,0.01794,0.00533,0.0085
e336,500000,0.0,12.0,1.4021,0.01968,0.00629,0.0107
e336,500000,0.0,12.5,1.4009,0.02128,0.00709,0.0186
e336,500000,0.0,13.0,1.3558,0.02308,0.0078,0.0327
e336,500000,0.0,13.5,1.3081,0.02609,0.00933,0.0438
e336,500000,0.0,14.0,1.294,0.03042,0.01205,0.0468
e336,500000,0.0,14.5,1.2727,0.03713,0.01673,0.0468
e336,500000,0.0,15.0,1.2452,0.04509,0.02266,0.0458
e336,1000000,0.0,-4.5,-0.3581,0.01588,0.00424,0.0078
e336,1000000,0.0,-4.0,-0.3053,0.0139,0.00261,0.0089
e336,1000000,0.0,-3.5,-0.2546,0.01209,0.00135,0.0103
e336,1000000,0.0,-3.0,-0.2077,0.01097,0.00058,0.0124
e336,1000000,0.0,-2.5,-0.1588,0.0103,0.0002,0.0141
e336,1000000,0.0,-2.0,-0.1084,0.00993,-2e-05,0.0154
e336,1000000,0.0,-1.5,-0.0606,0.00938,-0.00023,0.0173
e336,1000000,0.0,-1.0,-0.0203,0.00829,-0.00035,0.02
e336,1000000,0.0,-0.5,-0.0165,0.00626,-0.00021,0.031
e336,1000000,0.0,0.0,0.0406,0.0072,0.00061,0.032
e336,1000000,0.0,0.5,0.0968,0.00793,0.00116,0.0329
e336,1000000,0.0,1.0,0.1883,0.0087,0.00183,0.0262
e336,1000000,0.0,1.5,0.2623,0.00894,0.00198,0.0225
e336,1000000,0.0,2.0,0.3161,0.00896,0.00198,0.0228
e336,1000000,0.0,2.5,0.3675,0.00902,0.00199,0.0236
e336,1000000,0.0,3.0,0.4062,0.00901,0.00194,0.027
e336,1000000,0.0,3.5,0.448,0.00903,0.00189,0.0298
e336,1000000,0.0,4.0,0.4931,0.00908,0.00185,0.0318
e336,1000000,0.0,4.5,0.5407,0.00917,0.00183,0.0331
e336,1000000,0.0,5.0,0.5896,0.00904,0.00186,0.0342
e336,1000000,0.0,5.5,0.6432,0.00922,0.00199,0.0342
e336,1000000,0.0,6.0,0.6979,0.00938,0.00207,0.034
e336,1000000,0.0,6.5,0.7549,0.0094,0.00203,0.0334
e336,1000000,0.0,7.0,0.8101,0.00938,0.00193,0.0332
e336,1000000,0.0,7.5,0.8628,0.00941,0.00183,0.0334
e336,1000000,0.0,8.0,0.9111,0.0096,0.00176,0.0343
e336,1000000,0.0,8.5,0.9586,0.0098,0.00175,0.0354
e336,1000000,0.0,9.0,1.0047,0.01006,0.00172,0.0367
e336,1000000,0.0,9.5,1.0487,0.01045,0.00178,0.0382
e336,1000000,0.0,10.0,1.0933,0.01083,0.00182,0.0395
e336,1000000,0.0,10.5,1.1351,0.01138,0.00198,0.0412
e336,1000000,0.0,11.0,1.1758,0.01224,0.0023,0.0425
e336,1000000,0.0,11.5,1.2134,0.01338,0.00277,0.0441
e336,1000000,0.0,12.0,1.2482,0.01462,0.00329,0.0459
e336,1000000,0.0,12.5,1.2786,0.01622,0.00402,0.0476
e336,1000000,0.0,13.0,1.3201,0.01812,0.00509,0.0461
e336,1000000,0.0,13.5,1.3516,0.02074,0.00663,0.0445
e336,1000000,0.0,14.0,1.357,0.0247,0.0091,0.0443
e336,1000000,0.0,14.5,1.3447,0.02911,0.01181,0.0469
e336,1000000,0.0,15.0,1.3389,0.03438,0.01532,0.0469
ah88k136,50000,0.0,-5.0,-0.4383,0.07765,0.06608,0.0291
ah88k136,50000,0.0,-4.0,-0.5748,0.05009,0.03183,0.0032
ah88k136,50000,0.0,-3.5,-0.5375,0.04433,0.02662,0.0058
ah88k136,50000,0.0,-3.0,-0.4966,0.04036,0.02264,0.0082
ah88k136,50000,0.0,-2.5,-0.4502,0.03721,0.01972,0.0098
ah88k136,50000,0.0,-2.0,-0.401,0.03508,0.01781,0.0107
ah88k136,50000,0.0,-1.5,-0.3372,0.03331,0.01685,0.0092
ah88k136,50000,0.0,-1.0,-0.1533,0.03413,0.01963,-0.0132
ah88k136,50000,0.0,-0.5,-0.129,0.03479,0.01997,-0.0097
ah88k136,50000,0.0,0.0,-0.1045,0.03559,0.02049,-0.0065
ah88k136,50000,0.0,0.5,-0.0797,0.03652,0.02116,-0.0034
ah88k136,50000,0.0,1.0,-0.0549,0.03758,0.02198,-0.0006
ah88k136,50000,0.0,1.5,-0.03,0.03879,0.02297,0.0019
ah88k136,50000,0.0,2.0,-0.0053,0.04016,0.0241,0.0043
ah88k136,50000,0.0,2.5,0.0193,0.04171,0.02542,0.0064
ah88k136,50000,0.0,3.0,0.0439,0.04343,0.02691,0.0082
ah88k136,50000,0.0,3.5,0.0684,0.04536,0.0286,0.0097
ah88k136,50000,0.0,4.0,0.0927,0.0475,0.0305,0.011
ah88k136,50000,0.0,4.5,0.189,0.05337,0.03607,-0.0026
ah88k136,50000,0.0,5.5,0.3208,0.06267,0.04419,-0.0139
ah88k136,50000,0.0,6.0,0.3602,0.06652,0.04748,-0.0147
ah88k136,50000,0.0,6.5,0.4444,0.06779,0.04783,-0.0173
ah88k136,50000,0.0,7.0,0.4896,0.06953,0.04891,-0.0169
ah88k136,50000,0.0,7.5,0.5455,0.07146,0.05008,-0.0177
ah88k136,50000,0.0,8.0,0.6148,0.07288,0.05042,-0.019
ah88k136,50000,0.0,8.5,0.66,0.07428,0.05119,-0.018
ah88k136,50000,0.0,9.0,0.69,0.07602,0.05256,-0.0157
ah88k136,50000,0.0,9.5,0.716,0.07805,0.05422,-0.0132
ah88k136,50000,0.0,10.5,0.9728,0.04291,0.01744,0.0086
ah88k136,50000,0.0,11.0,0.9348,0.04902,0.02003,0.0179
ah88k136,50000,0.0,11.5,0.9676,0.05295,0.02114,0.0221
ah88k136,50000,0.0,12.0,1.0874,0.05794,0.02158,0.0201
ah88k136,50000,0.0,12.5,1.1043,0.06476,0.02717,0.0234
ah88k136,50000,0.0,13.0,1.0901,0.07224,0.03385,0.0276
ah88k136,50000,0.0,13.5,1.0572,0.08047,0.04179,0.031
ah88k136,50000,0.0,14.0,1.0145,0.09008,0.05151,0.0324
ah88k136,50000,0.0,14.5,0.9709,0.10158,0.06327,0.0314
ah88k136,50000,0.0,15.0,0.8161,0.13258,0.10307,0.0124
ah88k136,100000,0.0,-3.5,-0.5459,0.03762,0.02208,0.0104
ah88k136,100000,0.0,-3.0,-0.505,0.03413,0.01863,0.013
ah88k136,100000,0.0,-2.5,-0.4622,0.03152,0.01687,0.0144
ah88k136,100000,0.0,-2.0,-0.4186,0.0301,0.01578,0.0157
ah88k136,100000,0.0,-1.5,-0.3758,0.02921,0.01535,0.0168
ah88k136,100000,0.0,-0.5,-0.1373,0.03155,0.02059,-0.0096
ah88k136,100000,0.0,1.0,0.1801,0.03847,0.02637,-0.0437
ah88k136,100000,0.0,1.5,0.2999,0.03932,0.02672,-0.0529
ah88k136,100000,0.0,2.0,0.3373,0.04007,0.02716,-0.0501
ah88k136,100000,0.0,2.5,0.3875,0.04067,0.02744,-0.0494
ah88k136,100000,0.0,3.0,0.4296,0.04135,0.02778,-0.0476
ah88k136,100000,0.0,3.5,0.4741,0.04172,0.0278,-0.0458
ah88k136,100000,0.0,4.0,0.5076,0.04226,0.028,-0.0426
ah88k136,100000,0.0,5.0,0.6325,0.04184,0.0268,-0.0435
ah88k136,100000,0.0,5.5,0.654,0.04195,0.02665,-0.038
ah88k136,100000,0.0,6.5,0.7407,0.04104,0.02502,-0.0325
ah88k136,100000,0.0,7.0,0.7881,0.03985,0.02364,-0.0297
ah88k136,100000,0.0,7.5,0.8892,0.03556,0.01939,-0.032
ah88k136,100000,0.0,8.5,1.0195,0.02619,0.00957,-0.0242
ah88k136,100000,0.0,9.0,1.0415,0.02585,0.00771,-0.0169
ah88k136,100000,0.0,9.5,1.0138,0.02857,0.00834,-0.0055
ah88k136,100000,0.0,10.0,0.9651,0.03413,0.01099,0.0055
ah88k136,100000,0.0,10.5,0.95,0.03882,0.01371,0.0122
ah88k136,100000,0.0,11.0,0.953,0.04249,0.0158,0.0168
ah88k136,100000,0.0,11.5,0.9869,0.04502,0.01635,0.0202
ah88k136,100000,0.0,12.0,1.0474,0.04797,0.01682,0.0213
ah88k136,100000,0.0,12.5,1.107,0.05256,0.01922,0.022
ah88k136,100000,0.0,13.0,1.1261,0.05875,0.02376,0.025
ah88k136,100000,0.0,13.5,1.1127,0.06582,0.02978,0.0294
ah88k136,100000,0.0,14.0,1.0849,0.07372,0.037,0.0329
ah88k136,100000,0.0,14.5,1.0484,0.08253,0.04553,0.0348
ah88k136,100000,0.0,15.0,1.0076,0.09272,0.05582,0.0346
ah88k136,200000,0.0,-5.0,-0.271,0.02866,0.01551,-0.0573
ah88k136,200000,0.0,-4.5,-0.2326,0.0281,0.0151,-0.0546
ah88k136,200000,0.0,-4.0,-0.1988,0.02678,0.01434,-0.051
ah88k136,200000,0.0,-3.5,-0.1455,0.02622,0.01393,-0.0504
ah88k136,200000,0.0,-3.0,-0.1303,0.02611,0.01419,-0.044
ah88k136,200000,0.0,-2.5,-0.0736,0.02539,0.01367,-0.0435
ah88k136,200000,0.0,-2.0,-0.0831,0.02344,0.01385,-0.0326
ah88k136,200000,0.0,-1.5,0.2447,0.02553,0.01668,-0.0813
ah88k136,200000,0.0,-1.0,0.3931,0.02479,0.01598,-0.1007
ah88k136,200000,0.0,0.0,0.4674,0.02537,0.01632,-0.0954
ah88k136,200000,0.0,0.5,0.5003,0.02579,0.01664,-0.0925
ah88k136,200000,0.0,1.0,0.5473,0.02557,0.01618,-0.0902
ah88k136,200000,0.0,1.5,0.5795,0.02595,0.01652,-0.0874
ah88k136,200000,0.0,2.0,0.6277,0.02556,0.01587,-0.0852
ah88k136,200000,0.0,2.5,0.6636,0.02561,0.01588,-0.0824
ah88k136,200000,0.0,3.0,0.7155,0.02485,0.01491,-0.0806
ah88k136,200000,0.0,3.5,0.7511,0.0248,0.0148,-0.0777
ah88k136,200000,0.0,4.0,0.8017,0.02387,0.01374,-0.0758
ah88k136,200000,0.0,4.5,0.8432,0.02334,0.01312,-0.0732
ah88k136,200000,0.0,5.0,0.9043,0.02134,0.01119,-0.0721
ah88k136,200000,0.0,5.5,0.9427,0.02089,0.01056,-0.0691
ah88k136,200000,0.0,6.0,1.0084,0.0182,0.00805,-0.0682
ah88k136,200000,0.0,6.5,1.0559,0.01643,0.00599,-0.0651
ah88k136,200000,0.0,7.0,1.1016,0.0151,0.00379,-0.0608
ah88k136,200000,0.0,7.5,1.1118,0.01652,0.00385,-0.0532
ah88k136,200000,0.0,8.0,1.0901,0.01865,0.00448,-0.0411
ah88k136,200000,0.0,8.5,1.0486,0.02081,0.00518,-0.0261
ah88k136,200000,0.0,9.0,1.0051,0.02396,0.00641,-0.0124
ah88k136,200000,0.0,9.5,0.9679,0.02818,0.00845,-0.0012
ah88k136,200000,0.0,10.0,0.9658,0.03116,0.01012,0.0051
ah88k136,200000,0.0,10.5,0.9662,0.03443,0.01208,0.0104
ah88k136,200000,0.0,11.0,0.9731,0.03755,0.01397,0.0144
ah88k136,200000,0.0,11.5,0.9884,0.04053,0.01548,0.0181
ah88k136,200000,0.0,12.0,1.0183,0.04292,0.01643,0.0208
ah88k136,200000,0.0,12.5,1.0602,0.04541,0.01717,0.0226
ah88k136,200000,0.0,13.0,1.1044,0.04954,0.01901,0.024
ah88k136,200000,0.0,13.5,1.1213,0.05441,0.02243,0.0267
ah88k136,200000,0.0,14.0,1.1221,0.06064,0.0272,0.0297
ah88k136,200000,0.0,14.5,1.1084,0.0682,0.03335,0.0324
ah88k136,200000,0.0,15.0,1.1033,0.07622,0.03975,0.0341
ah88k136,500000,0.0,-5.0,-0.2776,0.01837,0.0082,-0.0432
ah88k136,500000,0.0,-4.5,-0.2295,0.01754,0.00754,-0.0418
ah88k136,500000,0.0,-4.0,-0.1821,0.01676,0.00705,-0.0403
ah88k136,500000,0.0,-3.5,-0.135,0.01615,0.00658,-0.0387
ah88k136,500000,0.0,-2.5,-0.0401,0.01554,0.00659,-0.0369
ah88k136,500000,0.0,-2.0,0.0023,0.01454,0.00632,-0.0348
ah88k136,500000,0.0,-1.0,0.0815,0.01285,0.00676,-0.0263
ah88k136,500000,0.0,-0.5,0.1726,0.01403,0.00782,-0.0334
ah88k136,500000,0.0,0.0,0.3015,0.01443,0.00812,-0.0483
ah88k136,500000,0.0,1.0,0.4728,0.01377,0.00745,-0.0609
ah88k136,500000,0.0,1.5,0.5365,0.01307,0.00677,-0.0627
ah88k136,500000,0.0,2.0,0.6031,0.01232,0.00602,-0.0651
ah88k136,500000,0.0,2.5,0.6671,0.01202,0.00571,-0.0676
ah88k136,500000,0.0,3.0,0.7292,0.01156,0.00524,-0.0694
ah88k136,500000,0.0,3.5,0.7955,0.0107,0.00443,-0.0718
ah88k136,500000,0.0,4.0,0.8593,0.01022,0.00391,-0.0741
ah88k136,500000,0.0,4.5,0.922,0.00967,0.00331,-0.076
ah88k136,500000,0.0,5.0,0.9781,0.00929,0.00278,-0.0765
ah88k136,500000,0.0,5.5,1.0231,0.00917,0.00204,-0.0744
ah88k136,500000,0.0,6.0,1.0563,0.01034,0.00208,-0.0711
ah88k136,500000,0.0,6.5,1.0816,0.01211,0.00265,-0.0671
ah88k136,500000,0.0,7.0,1.0967,0.01411,0.00342,-0.0616
ah88k136,500000,0.0,7.5,1.083,0.01661,0.00448,-0.0515
ah88k136,500000,0.0,8.0,1.0405,0.01868,0.00529,-0.0359
ah88k136,500000,0.0,8.5,1.0075,0.02131,0.00643,-0.0228
ah88k136,500000,0.0,9.0,1.0052,0.02296,0.00712,-0.0145
ah88k136,500000,0.0,9.5,1.0068,0.02453,0.00778,-0.007
ah88k136,500000,0.0,10.0,1.0141,0.02619,0.00853,-0.0009
ah88k136,500000,0.0,10.5,1.0144,0.02887,0.01001,0.0051
ah88k136,500000,0.0,11.0,1.0299,0.03104,0.01126,0.0088
ah88k136,500000,0.0,11.5,1.0453,0.03351,0.01277,0.012
ah88k136,500000,0.0,12.0,1.0546,0.03667,0.01474,0.0153
ah88k136,500000,0.0,12.5,1.0598,0.04046,0.01692,0.0192
ah88k136,500000,0.0,13.0,1.0799,0.04316,0.01862,0.0213
ah88k136,500000,0.0,13.5,1.0984,0.04615,0.02047,0.0236
ah88k136,500000,0.0,14.0,1.1156,0.04954,0.02262,0.0258
ah88k136,500000,0.0,14.5,1.1291,0.05351,0.02534,0.0278
ah88k136,500000,0.0,15.0,1.1358,0.05811,0.02884,0.0293
ah88k136,1000000,0.0,-5.0,-0.285,0.0121,0.00361,-0.0379
ah88k136,1000000,0.0,-4.5,-0.2345,0.01148,0.00323,-0.0371
ah88k136,1000000,0.0,-4.0,-0.1816,0.01112,0.00304,-0.0368
ah88k136,1000000,0.0,-3.5,-0.1293,0.01061,0.00275,-0.0364
ah88k136,1000000,0.0,-3.0,-0.076,0.01016,0.00247,-0.0361
ah88k136,1000000,0.0,-2.5,-0.0235,0.0097,0.00225,-0.0358
ah88k136,1000000,0.0,-2.0,0.0273,0.00928,0.00209,-0.0352
ah88k136,1000000,0.0,-1.5,0.0702,0.00835,0.00199,-0.0332
ah88k136,1000000,0.0,-1.0,0.0809,0.00647,0.0018,-0.024
ah88k136,1000000,0.0,-0.5,0.1361,0.00646,0.00206,-0.0233
ah88k136,1000000,0.0,0.0,0.1911,0.00662,0.00219,-0.0227
ah88k136,1000000,0.0,0.5,0.2525,0.00706,0.00251,-0.0235
ah88k136,1000000,0.0,1.0,0.3273,0.00748,0.00286,-0.0273
ah88k136,1000000,0.0,1.5,0.4321,0.00771,0.00303,-0.0382
ah88k136,1000000,0.0,2.0,0.4994,0.00758,0.00285,-0.041
ah88k136,1000000,0.0,2.5,0.5452,0.00748,0.00262,-0.0392
ah88k136,1000000,0.0,3.0,0.6109,0.00738,0.00253,-0.0419
ah88k136,1000000,0.0,3.5,0.6728,0.00725,0.00231,-0.0437
ah88k136,1000000,0.0,4.0,0.7306,0.00719,0.00215,-0.0447
ah88k136,1000000,0.0,4.5,0.77,0.00719,0.00192,-0.0416
ah88k136,1000000,0.0,5.0,0.8288,0.00724,0.00177,-0.0429
ah88k136,1000000,0.0,5.5,0.8757,0.00799,0.0017,-0.0421
ah88k136,1000000,0.0,6.0,0.8989,0.00895,0.00183,-0.0365
ah88k136,1000000,0.0,6.5,0.9391,0.01037,0.00224,-0.0357
ah88k136,1000000,0.0,7.0,0.9644,0.01178,0.00265,-0.0319
ah88k136,1000000,0.0,7.5,0.9837,0.01399,0.00346,-0.0287
ah88k136,1000000,0.0,8.0,0.9893,0.0169,0.00473,-0.0242
ah88k136,1000000,0.0,8.5,1.0229,0.01872,0.0056,-0.0233
ah88k136,1000000,0.0,9.0,1.0614,0.02008,0.00625,-0.0228
ah88k136,1000000,0.0,9.5,1.073,0.02168,0.00695,-0.0172
ah88k136,1000000,0.0,10.0,1.0804,0.02275,0.00732,-0.0104
ah88k136,1000000,0.0,10.5,1.0852,0.02392,0.00774,-0.0033
ah88k136,1000000,0.0,11.0,1.1009,0.02543,0.0084,0.0013
ah88k136,1000000,0.0,11.5,1.1097,0.02787,0.00972,0.0058
ah88k136,1000000,0.0,12.0,1.113,0.03111,0.0117,0.0103
ah88k136,1000000,0.0,12.5,1.1331,0.03342,0.01311,0.0127
ah88k136,1000000,0.0,13.0,1.1478,0.03628,0.01497,0.0151
ah88k136,1000000,0.0,13.5,1.1635,0.03925,0.0169,0.0172
ah88k136,1000000,0.0,14.0,1.1771,0.04257,0.01918,0.0189
ah88k136,1000000,0.0,14.5,1.1912,0.04594,0.02151,0.0204
ah88k136,1000000,0.0,15.0,1.1996,0.05005,0.02447,0.0217
vr7,50000,0.0,-4.5,-0.5023,0.05444,0.02874,-0.0137
vr7,50000,0.0,-4.0,-0.4559,0.04548,0.01875,-0.0152
vr7,50000,0.0,-3.5,-0.3857,0.04018,0.01162,-0.0186
vr7,50000,0.0,-3.0,-0.3141,0.03664,0.00815,-0.0218
vr7,50000,0.0,-2.5,-0.2388,0.03424,0.00601,-0.0249
vr7,50000,0.0,-2.0,-0.1687,0.03254,0.00545,-0.0279
vr7,50000,0.0,-1.5,-0.1045,0.03055,0.0046,-0.0296
vr7,50000,0.0,-1.0,0.0809,0.02972,0.00704,-0.0512
vr7,50000,0.0,-0.5,0.1104,0.03095,0.0084,-0.0494
vr7,50000,0.0,0.0,0.1904,0.03217,0.01004,-0.055
vr7,50000,0.0,0.5,0.1984,0.03367,0.01163,-0.0493
vr7,50000,0.0,1.0,0.2768,0.03538,0.01352,-0.0543
vr7,50000,0.0,1.5,0.2621,0.03739,0.01545,-0.0458
vr7,50000,0.0,2.0,0.3591,0.03908,0.01722,-0.0526
vr7,50000,0.0,2.5,0.327,0.04179,0.01971,-0.0429
vr7,50000,0.0,3.0,0.3885,0.04391,0.02187,-0.045
vr7,50000,0.0,3.5,0.3909,0.04681,0.02436,-0.0403
vr7,50000,0.0,4.0,0.4113,0.04973,0.02704,-0.0384
vr7,50000,0.0,4.5,0.4655,0.05269,0.0293,-0.0394
vr7,50000,0.0,5.0,0.4547,0.05616,0.03268,-0.0351
vr7,50000,0.0,5.5,0.5264,0.05872,0.03447,-0.0368
vr7,50000,0.0,6.0,0.5206,0.06191,0.03784,-0.033
vr7,50000,0.0,6.5,0.5591,0.06513,0.04034,-0.0322
vr7,50000,0.0,7.0,0.634,0.067,0.04151,-0.0329
vr7,50000,0.0,7.5,0.5979,0.07246,0.04698,-0.0293
vr7,50000,0.0,8.0,0.6392,0.07502,0.04888,-0.0277
vr7,50000,0.0,8.5,0.7082,0.07664,0.04928,-0.0266
vr7,50000,0.0,9.0,0.6855,0.08298,0.05593,-0.0253
vr7,50000,0.0,9.5,0.7017,0.08713,0.05948,-0.0237
vr7,50000,0.0,10.0,0.7365,0.08951,0.06056,-0.0208
vr7,50000,0.0,10.5,0.8682,0.07526,0.04469,-0.0092
vr7,50000,0.0,11.0,1.0085,0.05027,0.01481,0.0108
vr7,50000,0.0,11.5,1.055,0.05486,0.01688,0.0139
vr7,50000,0.0,12.0,1.0944,0.06111,0.02097,0.0155
vr7,50000,0.0,12.5,1.0817,0.06738,0.02636,0.017
vr7,50000,0.0,13.0,1.0717,0.07402,0.03139,0.0172
vr7,50000,0.0,13.5,1.0329,0.08405,0.04157,0.0153
vr7,50000,0.0,14.0,0.99,0.09691,0.05498,0.0109
vr7,100000,0.0,-5.0,-0.2063,0.01894,0.00705,-0.0651
vr7,100000,0.0,-4.5,-0.1458,0.01344,0.00169,-0.0652
vr7,100000,0.0,-4.0,-0.096,0.01186,-0.00072,-0.063
vr7,100000,0.0,-3.5,-0.0336,0.00911,-0.00257,-0.0631
vr7,100000,0.0,-3.0,0.0089,0.0073,-0.00328,-0.0606
vr7,100000,0.0,-2.5,0.0558,0.00601,-0.00393,-0.0584
vr7,100000,0.0,-2.0,0.0671,0.004,-0.00326,-0.0485
vr7,100000,0.0,-1.5,0.1858,0.00439,-0.00203,-0.0536
vr7,100000,0.0,-1.0,0.313,0.00444,-0.00181,-0.0673
vr7,100000,0.0,-0.5,0.4044,0.00417,-0.00171,-0.0764
vr7,100000,0.0,0.0,0.4229,0.00444,-0.0011,-0.0722
vr7,100000,0.0,0.5,0.4417,0.00482,-0.00016,-0.068
vr7,100000,0.0,1.0,0.4735,0.00516,0.00014,-0.064
vr7,100000,0.0,1.5,0.5018,0.00587,0.00125,-0.0608
vr7,100000,0.0,2.0,0.5409,0.00632,0.00165,-0.0581
vr7,100000,0.0,2.5,0.5768,0.00717,0.00239,-0.0555
vr7,100000,0.0,3.0,0.6157,0.00777,0.00299,-0.0531
vr7,100000,0.0,3.5,0.6635,0.00835,0.0029,-0.0512
vr7,100000,0.0,4.0,0.6952,0.0093,0.00399,-0.0485
vr7,100000,0.0,4.5,0.749,0.00928,0.00338,-0.0471
vr7,100000,0.0,5.0,0.7826,0.01048,0.00422,-0.0445
vr7,100000,0.0,5.5,0.837,0.01029,0.00339,-0.0432
vr7,100000,0.0,6.0,0.8766,0.01119,0.00358,-0.0409
vr7,100000,0.0,6.5,0.9366,0.01059,0.00148,-0.0396
vr7,100000,0.0,7.0,0.9939,0.00893,-0.00222,-0.0367
vr7,100000,0.0,7.5,1.0342,0.00897,-0.00345,-0.0335
vr7,100000,0.0,8.0,1.0674,0.00935,-0.00392,-0.0299
vr7,100000,0.0,8.5,1.0834,0.01,-0.00463,-0.0239
vr7,100000,0.0,9.0,1.0723,0.01148,-0.00496,-0.0145
vr7,100000,0.0,9.5,1.0263,0.01486,-0.00376,-0.0036
vr7,100000,0.0,10.0,0.9761,0.02142,-0.00029,0.0028
vr7,100000,0.0,10.5,0.9456,0.02905,0.0036,0.0064
vr7,100000,0.0,11.0,0.9402,0.03542,0.00631,0.0089
vr7,100000,0.0,11.5,0.9411,0.04147,0.0089,0.0101
vr7,100000,0.0,12.0,0.9426,0.04786,0.01161,0.0107
vr7,100000,0.0,12.5,0.9524,0.05365,0.01421,0.0112
vr7,100000,0.0,13.0,0.9723,0.05853,0.01561,0.0122
vr7,100000,0.0,13.5,1.0622,0.06385,0.02405,0.0151
vr7,100000,0.0,14.0,1.0696,0.06929,0.02744,0.0155
vr7,100000,0.0,14.5,1.0661,0.07598,0.03327,0.0144
vr7,100000,0.0,15.0,1.0577,0.08391,0.0405,0.0125
vr7,200000,0.0,-5.0,-0.2058,0.02977,0.00987,-0.0637
vr7,200000,0.0,-4.5,-0.1549,0.00949,-0.00222,-0.0538
vr7,200000,0.0,-4.0,-0.1039,0.00741,-0.00416,-0.0527
vr7,200000,0.0,-3.5,-0.0518,0.00593,-0.00559,-0.0516
vr7,200000,0.0,-3.0,-0.003,0.00485,-0.0062,-0.0502
vr7,200000,0.0,-2.5,0.0442,0.00414,-0.00644,-0.0488
vr7,200000,0.0,-2.0,0.0901,0.00331,-0.00678,-0.0473
vr7,200000,0.0,-1.5,0.1155,0.00213,-0.00604,-0.0415
vr7,200000,0.0,-1.0,0.1647,0.0021,-0.00526,-0.0384
vr7,200000,0.0,0.0,0.3413,0.00212,-0.00419,-0.0511
vr7,200000,0.0,0.5,0.4309,0.00212,-0.00395,-0.0589
vr7,200000,0.0,1.0,0.4976,0.00207,-0.00375,-0.0625
vr7,200000,0.0,1.5,0.5327,0.00221,-0.00355,-0.0594
vr7,200000,0.0,2.0,0.5712,0.00237,-0.0033,-0.0569
vr7,200000,0.0,2.5,0.6135,0.00248,-0.00321,-0.0547
vr7,200000,0.0,3.0,0.6574,0.0027,-0.00321,-0.0528
vr7,200000,0.0,3.5,0.7019,0.00281,-0.00316,-0.0509
vr7,200000,0.0,4.0,0.7487,0.00296,-0.00347,-0.0493
vr7,200000,0.0,4.5,0.7939,0.00315,-0.00343,-0.0477
vr7,200000,0.0,5.0,0.8407,0.00331,-0.00372,-0.0461
vr7,200000,0.0,5.5,0.8859,0.00344,-0.00413,-0.0443
vr7,200000,0.0,6.0,0.9291,0.00354,-0.00513,-0.0419
vr7,200000,0.0,6.5,0.9714,0.00377,-0.00586,-0.0397
vr7,200000,0.0,7.0,1.0052,0.00413,-0.00656,-0.0362
vr7,200000,0.0,7.5,1.0199,0.00517,-0.00681,-0.0304
vr7,200000,0.0,8.0,1.063,0.00549,-0.00684,-0.0286
vr7,200000,0.0,8.5,1.0513,0.00731,-0.00639,-0.0194
vr7,200000,0.0,9.0,1.0203,0.00966,-0.00552,-0.0086
vr7,200000,0.0,9.5,1.0061,0.01238,-0.00437,-0.0023
vr7,200000,0.0,10.0,1.003,0.01548,-0.00302,0.0015
vr7,200000,0.0,10.5,0.994,0.01997,-0.00082,0.0046
vr7,200000,0.0,11.0,0.9937,0.02459,0.00135,0.0065
vr7,200000,0.0,11.5,0.9923,0.03002,0.00392,0.008
vr7,200000,0.0,12.0,0.9912,0.03608,0.00677,0.0089
vr7,200000,0.0,12.5,0.991,0.04261,0.00981,0.0092
vr7,200000,0.0,13.0,0.9903,0.04975,0.01319,0.0091
vr7,200000,0.0,13.5,0.984,0.05826,0.01718,0.0086
vr7,200000,0.0,14.0,0.9871,0.06559,0.02094,0.0072
vr7,200000,0.0,14.5,0.9864,0.07371,0.02546,0.0052
vr7,200000,0.0,15.0,0.9832,0.0823,0.03079,0.0025
vr7,500000,0.0,-5.0,-0.2138,0.01964,-0.00144,-0.0528
vr7,500000,0.0,-4.5,-0.1627,0.01789,-0.00347,-0.0511
vr7,500000,0.0,-3.5,-0.0606,0.01303,-0.00618,-0.049
vr7,500000,0.0,-3.0,-0.0116,0.01174,-0.00665,-0.0476
vr7,500000,0.0,-2.5,0.0377,0.01095,-0.00675,-0.0463
vr7,500000,0.0,-2.0,0.0894,0.01039,-0.00661,-0.0456
vr7,500000,0.0,-1.5,0.1365,0.00906,-0.00656,-0.0443
vr7,500000,0.0,-1.0,0.1797,0.00782,-0.00608,-0.0426
vr7,500000,0.0,-0.5,0.2287,0.0076,-0.00549,-0.0413
vr7,500000,0.0,0.0,0.2754,0.00708,-0.00493,-0.039
vr7,500000,0.0,0.5,0.3547,0.00711,-0.0043,-0.0434
vr7,500000,0.0,1.0,0.4378,0.00736,-0.0039,-0.0495
vr7,500000,0.0,1.5,0.5113,0.00747,-0.00361,-0.0535
vr7,500000,0.0,2.0,0.5936,0.00756,-0.00354,-0.0595
vr7,500000,0.0,2.5,0.6677,0.00766,-0.00348,-0.0639
vr7,500000,0.0,3.0,0.7082,0.00784,-0.00342,-0.0612
vr7,500000,0.0,3.5,0.752,0.00797,-0.00338,-0.059
vr7,500000,0.0,4.0,0.796,0.00822,-0.00332,-0.0569
vr7,500000,0.0,4.5,0.8413,0.00848,-0.0033,-0.0551
vr7,500000,0.0,5.0,0.8859,0.00882,-0.0033,-0.0531
vr7,500000,0.0,5.5,0.929,0.00929,-0.00331,-0.0509
vr7,500000,0.0,6.0,0.9676,0.01009,-0.00351,-0.048
vr7,500000,0.0,6.5,0.9809,0.01256,-0.00279,-0.0415
vr7,500000,0.0,7.0,0.9995,0.01452,-0.00209,-0.0357
vr7,500000,0.0,7.5,1.0261,0.01576,-0.00176,-0.031
vr7,500000,0.0,8.0,1.0574,0.0166,-0.00169,-0.027
vr7,500000,0.0,8.5,1.0842,0.01731,-0.00158,-0.0222
vr7,500000,0.0,9.0,1.1026,0.01835,-0.00151,-0.0163
vr7,500000,0.0,9.5,1.1207,0.01964,-0.00129,-0.0112
vr7,500000,0.0,10.0,1.1381,0.02127,-0.00081,-0.0068
vr7,500000,0.0,10.5,1.1543,0.02334,-1e-05,-0.0033
vr7,500000,0.0,11.0,1.1688,0.02594,0.00122,-0.0007
vr7,500000,0.0,11.5,1.1789,0.02926,0.00305,0.0014
vr7,500000,0.0,12.0,1.1931,0.03245,0.00465,0.0026
vr7,500000,0.0,12.5,1.2177,0.03476,0.00561,0.0033
vr7,500000,0.0,13.0,1.2336,0.03797,0.0073,0.004
vr7,500000,0.0,13.5,1.2415,0.04209,0.00978,0.0046
vr7,500000,0.0,14.0,1.2396,0.04744,0.01342,0.0048
vr7,500000,0.0,14.5,1.2292,0.05411,0.01837,0.0045
vr7,500000,0.0,15.0,1.2205,0.06101,0.02377,0.0036
vr7,1000000,0.0,-5.0,-0.2226,0.01296,-0.00773,-0.0486
vr7,1000000,0.0,-4.5,-0.1692,0.01346,-0.00661,-0.0487
vr7,1000000,0.0,-4.0,-0.1161,0.01288,-0.00648,-0.0484
vr7,1000000,0.0,-3.5,-0.0665,0.01097,-0.00727,-0.0472
vr7,1000000,0.0,-3.0,-0.0175,0.00983,-0.00753,-0.0459
vr7,1000000,0.0,-2.5,0.0328,0.00916,-0.00749,-0.0449
vr7,1000000,0.0,-2.0,0.086,0.00866,-0.00724,-0.0445
vr7,1000000,0.0,-1.5,0.1404,0.00832,-0.00689,-0.0443
vr7,1000000,0.0,-1.0,0.1917,0.00767,-0.00656,-0.0437
vr7,1000000,0.0,-0.5,0.2382,0.00666,-0.00616,-0.0427
vr7,1000000,0.0,0.0,0.291,0.00628,-0.00566,-0.0424
vr7,1000000,0.0,0.5,0.3445,0.00616,-0.00525,-0.0421
vr7,1000000,0.0,1.0,0.3937,0.00591,-0.00489,-0.0409
vr7,1000000,0.0,1.5,0.4437,0.00568,-0.00449,-0.0394
vr7,1000000,0.0,2.0,0.5274,0.00602,-0.00413,-0.0458
vr7,1000000,0.0,2.5,0.5956,0.00616,-0.00394,-0.0487
vr7,1000000,0.0,3.0,0.668,0.00646,-0.00379,-0.0528
vr7,1000000,0.0,3.5,0.7383,0.00668,-0.0037,-0.0564
vr7,1000000,0.0,4.0,0.8092,0.00697,-0.00365,-0.0601
vr7,1000000,0.0,4.5,0.8537,0.00721,-0.00361,-0.0581
vr7,1000000,0.0,5.0,0.894,0.0078,-0.0035,-0.0555
vr7,1000000,0.0,5.5,0.9334,0.00852,-0.00335,-0.0527
vr7,1000000,0.0,6.0,0.9529,0.01063,-0.00265,-0.0468
vr7,1000000,0.0,6.5,0.9765,0.01242,-0.00203,-0.0415
vr7,1000000,0.0,7.0,1.0175,0.01302,-0.00203,-0.039
vr7,1000000,0.0,7.5,1.0567,0.01368,-0.00201,-0.0362
vr7,1000000,0.0,8.0,1.0962,0.01424,-0.00194,-0.0336
vr7,1000000,0.0,8.5,1.1292,0.01505,-0.00191,-0.0299
vr7,1000000,0.0,9.0,1.1514,0.016,-0.00187,-0.0242
vr7,1000000,0.0,9.5,1.1745,0.01679,-0.00195,-0.019
vr7,1000000,0.0,10.0,1.2043,0.01751,-0.00209,-0.0154
vr7,1000000,0.0,10.5,1.2326,0.01846,-0.00211,-0.0121
vr7,1000000,0.0,11.0,1.2576,0.01978,-0.00207,-0.0091
vr7,1000000,0.0,11.5,1.2748,0.02189,-0.00144,-0.0059
vr7,1000000,0.0,12.0,1.293,0.02428,-0.00052,-0.0036
vr7,1000000,0.0,12.5,1.3079,0.02721,0.00084,-0.0018
vr7,1000000,0.0,13.0,1.319,0.03072,0.0027,-0.0004
vr7,1000000,0.0,13.5,1.3254,0.03481,0.00511,0.0007
vr7,1000000,0.0,14.0,1.3313,0.03911,0.00782,0.0015
vr7,1000000,0.0,14.5,1.3292,0.04435,0.01134,0.002
vr7,1000000,0.0,15.0,1.323,0.05037,0.01564,0.002
2032c,50000,0.0,-5.0,-0.2395,0.1078,0.07379,-0.0172
2032c,50000,0.0,-4.5,-0.2495,0.09915,0.07023,-0.0098
2032c,50000,0.0,-4.0,-0.1979,0.08988,0.06274,-0.0174
2032c,50000,0.0,-3.5,-0.0457,0.08198,0.0517,-0.0569
2032c,50000,0.0,-3.0,-0.0053,0.07145,0.04573,-0.057
2032c,50000,0.0,-2.5,0.1601,0.06219,0.03515,-0.0885
2032c,50000,0.0,-1.0,0.5263,0.03815,0.0143,-0.1338
2032c,50000,0.0,-0.5,0.5984,0.03611,0.01193,-0.1361
2032c,50000,0.0,0.0,0.6811,0.03209,0.01022,-0.139
2032c,50000,0.0,0.5,0.7333,0.03231,0.01101,-0.139
2032c,50000,0.0,1.0,0.7861,0.03184,0.01173,-0.1379
2032c,50000,0.0,1.5,0.8427,0.03159,0.01189,-0.1362
2032c,50000,0.0,2.0,0.8853,0.03342,0.01447,-0.136
2032c,50000,0.0,2.5,0.9246,0.03349,0.01633,-0.1339
2032c,50000,0.0,3.0,0.9725,0.03497,0.01788,-0.1327
2032c,50000,0.0,3.5,1.0111,0.03915,0.0208,-0.1317
2032c,50000,0.0,4.0,1.0294,0.04605,0.02671,-0.1319
2032c,50000,0.0,4.5,1.0467,0.05175,0.03273,-0.1322
2032c,50000,0.0,5.0,1.0373,0.06112,0.04201,-0.133
2032c,50000,0.0,5.5,0.9942,0.07486,0.05529,-0.1349
2032c,50000,0.0,6.0,0.964,0.08729,0.06703,-0.1368
2032c,50000,0.0,6.5,0.9546,0.09646,0.07575,-0.1379
2032c,50000,0.0,7.0,0.9515,0.10442,0.08339,-0.1385
2032c,50000,0.0,7.5,0.9501,0.11515,0.09258,-0.141
2032c,50000,0.0,8.0,0.9176,0.12636,0.10606,-0.1463
2032c,50000,0.0,8.5,0.9681,0.13331,0.11109,-0.1475
2032c,50000,0.0,9.0,1.0113,0.16402,0.11804,-0.1504
2032c,50000,0.0,9.5,1.0143,0.17156,0.12642,-0.1515
2032c,50000,0.0,10.0,1.0175,0.17701,0.1345,-0.1524
2032c,50000,0.0,10.5,1.0028,0.17128,0.14111,-0.1511
2032c,50000,0.0,11.0,0.9794,0.16345,0.14601,-0.1483
2032c,50000,0.0,11.5,0.9974,0.16827,0.15218,-0.1488
2032c,50000,0.0,12.0,1.027,0.17394,0.15766,-0.149
2032c,50000,0.0,12.5,1.0909,0.16784,0.14702,-0.1391
2032c,50000,0.0,13.0,1.0716,0.17818,0.16257,-0.1454
2032c,50000,0.0,13.5,1.2438,0.13357,0.08952,-0.113
2032c,50000,0.0,14.0,1.2516,0.13937,0.0939,-0.113
2032c,50000,0.0,14.5,1.2813,0.14042,0.09079,-0.1089
2032c,50000,0.0,15.0,1.3032,0.14491,0.0936,-0.1063
2032c,100000,0.0,-5.0,-0.0364,0.08003,0.05227,-0.0566
2032c,100000,0.0,-4.5,0.0152,0.07105,0.04593,-0.0626
2032c,100000,0.0,-4.0,0.1817,0.06369,0.03084,-0.1004
2032c,100000,0.0,-3.5,0.1974,0.05294,0.02867,-0.0962
2032c,100000,0.0,-3.0,0.2973,0.04553,0.02039,-0.1114
2032c,100000,0.0,-2.5,0.3645,0.03778,0.0153,-0.1154
2032c,100000,0.0,-2.0,0.425,0.03279,0.01129,-0.1178
2032c,100000,0.0,-1.5,0.4743,0.03029,0.0095,-0.1169
2032c,100000,0.0,-0.5,0.6462,0.02243,0.00144,-0.1289
2032c,100000,0.0,0.0,0.7042,0.01985,0.00033,-0.1289
2032c,100000,0.0,0.5,0.758,0.01923,0.00038,-0.1286
2032c,100000,0.0,1.0,0.8085,0.01889,0.00092,-0.1278
2032c,100000,0.0,1.5,0.8585,0.0195,0.00192,-0.1272
2032c,100000,0.0,2.0,0.9096,0.01971,0.00308,-0.1272
2032c,100000,0.0,2.5,0.9602,0.02017,0.00412,-0.1271
2032c,100000,0.0,4.0,1.0973,0.02503,0.0099,-0.1263
2032c,100000,0.0,4.5,1.1448,0.02628,0.01128,-0.1262
2032c,100000,0.0,5.0,1.1904,0.02782,0.01278,-0.1259
2032c,100000,0.0,5.5,1.2332,0.02979,0.01454,-0.1253
2032c,100000,0.0,6.0,1.2744,0.03181,0.01616,-0.1244
2032c,100000,0.0,6.5,1.3166,0.0334,0.01713,-0.1233
2032c,100000,0.0,7.0,1.3796,0.02902,0.00985,-0.1216
2032c,100000,0.0,7.5,1.4336,0.02549,0.00421,-0.1202
2032c,100000,0.0,8.5,1.4609,0.03213,0.00183,-0.1102
2032c,100000,0.0,9.0,1.4844,0.03491,0.00114,-0.1058
2032c,100000,0.0,9.5,1.4941,0.03831,0.00142,-0.1002
2032c,100000,0.0,10.0,1.4924,0.04307,0.00325,-0.0954
2032c,100000,0.0,10.5,1.4811,0.04972,0.00711,-0.0926
2032c,100000,0.0,11.0,1.4559,0.05932,0.01453,-0.0927
2032c,100000,0.0,11.5,1.4195,0.07185,0.0257,-0.0954
2032c,100000,0.0,12.0,1.3801,0.08565,0.03873,-0.0991
2032c,100000,0.0,12.5,1.3497,0.09807,0.05025,-0.102
2032c,100000,0.0,13.0,1.4103,0.09243,0.03622,-0.0905
2032c,100000,0.0,14.0,1.4331,0.10733,0.0455,-0.0848
2032c,100000,0.0,14.5,1.3878,0.12379,0.06522,-0.0926
2032c,100000,0.0,15.0,1.3463,0.14086,0.08787,-0.1014
2032c,200000,0.0,-3.5,0.2305,0.04491,0.02144,-0.0964
2032c,200000,0.0,-3.0,0.3329,0.03949,0.01107,-0.1094
2032c,200000,0.0,-2.5,0.395,0.02938,0.00706,-0.116
2032c,200000,0.0,-0.5,0.6273,0.01983,0.0026,-0.1238
2032c,200000,0.0,0.5,0.7598,0.01453,-0.00306,-0.1258
2032c,200000,0.0,1.0,0.8133,0.01402,-0.00246,-0.1261
2032c,200000,0.0,1.5,0.8644,0.01413,-0.00159,-0.1261
2032c,200000,0.0,2.0,0.9147,0.01499,-0.00023,-0.1263
2032c,200000,0.0,2.5,0.9674,0.015,0.00051,-0.1267
2032c,200000,0.0,3.0,1.0194,0.01524,0.0013,-0.127
2032c,200000,0.0,3.5,1.0709,0.0157,0.00206,-0.1271
2032c,200000,0.0,4.0,1.1217,0.01631,0.00275,-0.1272
2032c,200000,0.0,4.5,1.1717,0.01705,0.00341,-0.127
2032c,200000,0.0,5.0,1.2188,0.01684,0.00435,-0.1266
2032c,200000,0.0,5.5,1.2656,0.01913,0.00594,-0.1264
2032c,200000,0.0,6.0,1.3167,0.0185,0.00457,-0.1261
2032c,200000,0.0,6.5,1.3652,0.01765,0.00222,-0.1255
2032c,200000,0.0,7.0,1.4108,0.01819,0.00102,-0.1247
2032c,200000,0.0,7.5,1.4217,0.02318,0.00178,-0.1199
2032c,200000,0.0,8.0,1.4655,0.02443,-0.0003,-0.1176
2032c,200000,0.0,8.5,1.5057,0.02612,-0.00258,-0.1143
2032c,200000,0.0,9.0,1.5355,0.02849,-0.00391,-0.11
2032c,200000,0.0,9.5,1.555,0.03099,-0.00545,-0.104
2032c,200000,0.0,10.0,1.5583,0.03461,-0.00626,-0.0969
2032c,200000,0.0,10.5,1.5832,0.03733,-0.00835,-0.0919
2032c,200000,0.0,11.0,1.573,0.04365,-0.00546,-0.0871
2032c,200000,0.0,11.5,1.5583,0.05095,-0.00135,-0.0834
2032c,200000,0.0,12.0,1.5387,0.05936,0.00404,-0.0807
2032c,200000,0.0,12.5,1.5179,0.06901,0.00991,-0.0773
2032c,200000,0.0,14.0,1.4299,0.10293,0.04211,-0.0855
2032c,200000,0.0,14.5,1.4039,0.11494,0.05496,-0.0899
2032c,200000,0.0,15.0,1.2486,0.16874,0.13572,-0.1223
2032c,500000,0.0,-3.5,0.2317,0.046,0.01709,-0.0911
2032c,500000,0.0,-3.0,0.3136,0.03804,0.00928,-0.1017
2032c,500000,0.0,-2.5,0.3964,0.02811,0.00094,-0.1113
c141e,50000,0.0,-5.0,-0.5167,0.05198,0.03343,-0.0211
c141e,50000,0.0,-4.5,-0.4794,0.04563,0.02434,-0.0202
c141e,50000,0.0,-4.0,-0.4399,0.03944,0.01891,-0.0188
c141e,50000,0.0,-3.5,-0.3944,0.03393,0.01406,-0.0177
c141e,50000,0.0,-3.0,-0.349,0.03115,0.01173,-0.0166
c141e,50000,0.0,-2.5,-0.2964,0.02782,0.00904,-0.0158
c141e,50000,0.0,-2.0,-0.2414,0.0257,0.0071,-0.0148
c141e,50000,0.0,-1.5,-0.1906,0.02346,0.00581,-0.014
c141e,50000,0.0,-1.0,-0.1196,0.02157,0.00574,-0.013
c141e,50000,0.0,-0.5,-0.0854,0.02193,0.0057,-0.0104
c141e,50000,0.0,0.0,-0.0489,0.02247,0.00592,-0.0084
c141e,50000,0.0,0.5,-0.0109,0.02316,0.00635,-0.0069
c141e,50000,0.0,1.0,0.0275,0.02401,0.00698,-0.0056
c141e,50000,0.0,1.5,0.066,0.02502,0.00778,-0.0046
c141e,50000,0.0,2.0,0.1041,0.02621,0.00879,-0.0038
c141e,50000,0.0,2.5,0.1414,0.02761,0.00998,-0.0033
c141e,50000,0.0,3.0,0.1775,0.02924,0.01144,-0.0029
c141e,50000,0.0,3.5,0.2637,0.03207,0.01419,-0.0123
c141e,50000,0.0,4.0,0.4037,0.03432,0.01638,-0.0289
c141e,50000,0.0,4.5,0.5142,0.03344,0.01571,-0.036
c141e,50000,0.0,5.0,0.6824,0.02548,0.00849,-0.0409
c141e,50000,0.0,5.5,0.7512,0.02455,0.0047,-0.0323
c141e,50000,0.0,6.0,0.8033,0.02879,0.00728,-0.031
c141e,50000,0.0,6.5,0.8563,0.03348,0.00984,-0.0305
c141e,50000,0.0,7.0,0.8972,0.03659,0.01258,-0.0276
c141e,50000,0.0,7.5,0.9366,0.04279,0.01794,-0.0248
c141e,50000,0.0,8.0,0.9616,0.04887,0.02394,-0.0204
c141e,50000,0.0,8.5,0.9679,0.05651,0.03142,-0.0148
c141e,50000,0.0,9.0,0.9564,0.06518,0.03974,-0.0091
c141e,50000,0.0,9.5,0.9316,0.07473,0.04844,-0.0045
c141e,50000,0.0,10.0,0.9244,0.08676,0.05781,-0.003
c141e,50000,0.0,10.5,0.7703,0.10784,0.08369,-0.016
c141e,50000,0.0,11.0,0.7712,0.1467,0.11338,-0.0369
c141e,50000,0.0,11.5,0.6965,0.14237,0.12165,-0.0406
c141e,50000,0.0,12.0,0.7243,0.1509,0.12943,-0.0404
c141e,50000,0.0,12.5,0.7813,0.17169,0.13785,-0.0393
c141e,50000,0.0,13.0,0.7171,0.16512,0.14695,-0.0451
c141e,50000,0.0,13.5,0.7309,0.17188,0.15538,-0.0461
c141e,50000,0.0,14.0,0.7771,0.19026,0.16392,-0.0444
c141e,50000,0.0,14.5,0.7434,0.18583,0.1738,-0.0502
c141e,50000,0.0,15.0,0.8026,0.20853,0.18136,-0.0457
c141e,100000,0.0,-5.0,-0.538,0.05162,0.03737,-0.0167
c141e,100000,0.0,-4.5,-0.5109,0.04756,0.03294,-0.0142
c141e,100000,0.0,-4.0,-0.4433,0.03323,0.01477,-0.0157
c141e,100000,0.0,-3.5,-0.3952,0.02808,0.01059,-0.0148
c141e,100000,0.0,-3.0,-0.3472,0.02491,0.00843,-0.014
c141e,100000,0.0,-2.5,-0.3007,0.02403,0.00705,-0.0124
c141e,100000,0.0,-2.0,-0.2526,0.02215,0.00614,-0.012
c141e,100000,0.0,-1.5,-0.2027,0.02069,0.00524,-0.0113
c141e,100000,0.0,-0.5,-0.0977,0.01798,0.00552,-0.0093
c141e,100000,0.0,0.0,-0.0522,0.01872,0.00598,-0.0091
c141e,100000,0.0,0.5,0.0291,0.01989,0.00694,-0.0158
c141e,100000,0.0,1.0,0.1079,0.02097,0.00786,-0.0218
c141e,100000,0.0,1.5,0.1805,0.02193,0.00866,-0.0265
c141e,100000,0.0,2.0,0.2969,0.02201,0.00866,-0.0375
c141e,100000,0.0,2.5,0.3777,0.02183,0.00846,-0.0418
c141e,100000,0.0,3.0,0.4712,0.02065,0.00733,-0.0467
c141e,100000,0.0,3.5,0.5658,0.0187,0.00551,-0.0507
c141e,100000,0.0,4.0,0.6667,0.01592,0.00284,-0.0543
c141e,100000,0.0,4.5,0.7203,0.015,0.00156,-0.0506
c141e,100000,0.0,5.0,0.7452,0.01708,0.00093,-0.0426
c141e,100000,0.0,5.5,0.7679,0.0196,0.00195,-0.0368
c141e,100000,0.0,6.0,0.8019,0.0219,0.00306,-0.0331
c141e,100000,0.0,6.5,0.8428,0.02446,0.00461,-0.0303
c141e,100000,0.0,7.0,0.8887,0.02765,0.00663,-0.0285
c141e,100000,0.0,7.5,0.94,0.03291,0.01065,-0.0276
c141e,100000,0.0,8.0,0.9783,0.03822,0.0153,-0.0246
c141e,100000,0.0,8.5,1.0021,0.04481,0.02101,-0.0203
c141e,100000,0.0,9.0,1.0118,0.0521,0.02732,-0.015
c141e,100000,0.0,9.5,1.0195,0.05628,0.03211,-0.0095
c141e,100000,0.0,10.0,1.0134,0.06122,0.0374,-0.0035
c141e,100000,0.0,10.5,0.9772,0.06842,0.04444,0.0035
c141e,100000,0.0,11.0,0.919,0.07876,0.05453,0.0063
c141e,100000,0.0,11.5,0.8518,0.09511,0.07012,0.0004
c141e,100000,0.0,12.0,0.7827,0.13982,0.10917,-0.0206
c141e,100000,0.0,12.5,0.7454,0.14565,0.12576,-0.0323
c141e,100000,0.0,13.0,0.757,0.15115,0.13275,-0.0334
c141e,100000,0.0,14.0,0.7541,0.16932,0.15428,-0.0406
c141e,100000,0.0,14.5,0.7606,0.17661,0.16435,-0.0435
c141e,100000,0.0,15.0,0.7814,0.18393,0.17161,-0.0435
c141e,200000,0.0,-5.0,-0.517,0.0326,0.01755,-0.021
c141e,200000,0.0,-4.5,-0.4499,0.02784,0.01254,-0.0237
c141e,200000,0.0,-4.0,-0.3852,0.02339,0.00847,-0.0257
c141e,200000,0.0,-3.5,-0.315,0.02123,0.00632,-0.0285
c141e,200000,0.0,-3.0,-0.253,0.01909,0.00514,-0.0302
c141e,200000,0.0,-2.5,-0.1835,0.01794,0.00436,-0.0333
c141e,200000,0.0,-2.0,-0.1129,0.01735,0.00403,-0.0368
c141e,200000,0.0,-1.5,-0.0531,0.01658,0.00364,-0.0381
c141e,200000,0.0,-1.0,0.0023,0.01398,0.00399,-0.0377
c141e,200000,0.0,-0.5,0.1169,0.01448,0.00465,-0.0481
c141e,200000,0.0,0.5,0.2868,0.01408,0.00417,-0.0604
c141e,200000,0.0,1.0,0.3656,0.01349,0.00357,-0.0645
c141e,200000,0.0,1.5,0.4746,0.01181,0.00199,-0.0731
c141e,200000,0.0,2.0,0.5228,0.01122,0.00133,-0.0705
c141e,200000,0.0,2.5,0.5792,0.01055,0.00055,-0.0693
c141e,200000,0.0,3.0,0.6336,0.01018,-3e-05,-0.0679
c141e,200000,0.0,3.5,0.6817,0.01011,-0.00074,-0.0648
c141e,200000,0.0,4.0,0.7013,0.01153,-0.00101,-0.0568
c141e,200000,0.0,4.5,0.7178,0.01333,-0.00058,-0.0495
c141e,200000,0.0,5.0,0.7491,0.01459,-0.00014,-0.045
c141e,200000,0.0,5.5,0.7848,0.01576,0.00032,-0.0414
c141e,200000,0.0,6.0,0.8203,0.01712,0.00097,-0.0378
c141e,200000,0.0,6.5,0.8521,0.01927,0.00212,-0.0334
c141e,200000,0.0,7.0,0.8927,0.02171,0.00372,-0.0305
c141e,200000,0.0,7.5,0.9399,0.0243,0.00563,-0.0289
c141e,200000,0.0,8.0,0.9866,0.0273,0.008,-0.0274
c141e,200000,0.0,8.5,1.0272,0.02923,0.00953,-0.0252
c141e,200000,0.0,9.0,1.0652,0.03244,0.01222,-0.0227
c141e,200000,0.0,9.5,1.0966,0.03597,0.01526,-0.0194
c141e,200000,0.0,10.0,1.1213,0.03944,0.01818,-0.0156
c141e,200000,0.0,10.5,1.1389,0.04301,0.02093,-0.0112
c141e,200000,0.0,11.0,1.1295,0.04942,0.02584,-0.0044
c141e,200000,0.0,11.5,1.0707,0.05935,0.03408,0.0053
c141e,200000,0.0,12.0,1.0065,0.0699,0.04368,0.0099
c141e,200000,0.0,12.5,0.9513,0.08161,0.05525,0.0077
c141e,200000,0.0,13.0,0.904,0.09629,0.07077,-0.0011
c141e,200000,0.0,13.5,0.8493,0.12151,0.09879,-0.0177
c141e,200000,0.0,14.0,0.7689,0.16305,0.14104,-0.0333
c141e,200000,0.0,14.5,0.7717,0.17305,0.15371,-0.0378
c141e,200000,0.0,15.0,0.7782,0.18044,0.16776,-0.0438
c141e,500000,0.0,-5.0,-0.3195,0.01568,0.00331,-0.0579
c141e,500000,0.0,-4.0,-0.2094,0.01306,0.00124,-0.0575
c141e,500000,0.0,-3.5,-0.1417,0.01195,0.00068,-0.0602
c141e,500000,0.0,-3.0,-0.0741,0.0111,0.00015,-0.0628
c141e,500000,0.0,-2.5,-0.0147,0.01084,2e-05,-0.0635
c141e,500000,0.0,-2.0,0.0378,0.01028,-0.00024,-0.0627
c141e,500000,0.0,-1.5,0.0991,0.00953,-0.00058,-0.0639
c141e,500000,0.0,-1.0,0.143,0.00743,-0.0009,-0.0618
c141e,500000,0.0,-0.5,0.1909,0.00683,-0.0009,-0.0593
c141e,500000,0.0,0.0,0.2475,0.00648,-0.00102,-0.0579
c141e,500000,0.0,0.5,0.3043,0.00636,-0.00114,-0.0567
c141e,500000,0.0,1.0,0.3759,0.00639,-0.00125,-0.0591
c141e,500000,0.0,1.5,0.4622,0.00653,-0.00125,-0.0653
c141e,500000,0.0,2.0,0.5424,0.00668,-0.00138,-0.0703
c141e,500000,0.0,2.5,0.6025,0.00741,-0.00159,-0.0713
c141e,500000,0.0,3.0,0.6298,0.00872,-0.00149,-0.066
c141e,500000,0.0,3.5,0.6599,0.00987,-0.00126,-0.0614
c141e,500000,0.0,4.0,0.6969,0.01051,-0.00113,-0.0578
c141e,500000,0.0,4.5,0.7331,0.01125,-0.00097,-0.0541
c141e,500000,0.0,5.0,0.7717,0.01189,-0.00078,-0.0508
c141e,500000,0.0,5.5,0.8132,0.0124,-0.00062,-0.048
c141e,500000,0.0,6.0,0.8471,0.01376,-7e-05,-0.0436
c141e,500000,0.0,6.5,0.8877,0.01468,0.00045,-0.0407
c141e,500000,0.0,7.0,0.9266,0.01591,0.0012,-0.0374
c141e,500000,0.0,7.5,0.9693,0.0168,0.00171,-0.0352
c141e,500000,0.0,8.0,1.0088,0.01824,0.00265,-0.0324
c141e,500000,0.0,8.5,1.0488,0.01988,0.00377,-0.0298
c141e,500000,0.0,9.0,1.0891,0.02168,0.00506,-0.0274
c141e,500000,0.0,9.5,1.1284,0.02357,0.00643,-0.025
c141e,500000,0.0,10.0,1.1653,0.02539,0.00774,-0.0224
c141e,500000,0.0,10.5,1.1971,0.02696,0.00879,-0.019
c141e,500000,0.0,11.0,1.2235,0.02846,0.00968,-0.015
c141e,500000,0.0,11.5,1.2193,0.03494,0.01442,-0.008
c141e,1000000,0.0,-5.0,-0.2687,0.00992,-0.00067,-0.0673
c141e,1000000,0.0,-4.5,-0.2136,0.00911,-0.00124,-0.0669
c141e,1000000,0.0,-3.5,-0.106,0.00829,-0.00154,-0.0658
c141e,1000000,0.0,-3.0,-0.0507,0.00802,-0.00161,-0.0656
c141e,1000000,0.0,-2.5,0.0057,0.00763,-0.00182,-0.0656
c141e,1000000,0.0,-2.0,0.0591,0.00739,-0.00191,-0.0649
c141e,1000000,0.0,-1.5,0.1141,0.00702,-0.0021,-0.0645
c141e,1000000,0.0,-1.0,0.1661,0.00637,-0.00224,-0.0638
c141e,1000000,0.0,-0.5,0.2117,0.00509,-0.00243,-0.062
c141e,1000000,0.0,0.0,0.2607,0.00471,-0.00246,-0.0602
c141e,1000000,0.0,0.5,0.3098,0.00455,-0.00244,-0.0581
c141e,1000000,0.0,1.0,0.3599,0.00461,-0.00237,-0.0563
c141e,1000000,0.0,1.5,0.4099,0.00487,-0.00229,-0.0544
c141e,1000000,0.0,2.0,0.4568,0.00566,-0.00218,-0.0522
c141e,1000000,0.0,2.5,0.5186,0.00722,-0.00181,-0.0542
c141e,1000000,0.0,3.0,0.5842,0.00812,-0.00157,-0.057
c141e,1000000,0.0,3.5,0.6498,0.00881,-0.00139,-0.0597
c141e,1000000,0.0,4.0,0.7147,0.0095,-0.0012,-0.0622
c141e,1000000,0.0,4.5,0.7562,0.0098,-0.00115,-0.0594
c141e,1000000,0.0,5.0,0.7953,0.01025,-0.00105,-0.0561
c141e,1000000,0.0,5.5,0.8302,0.0111,-0.00081,-0.0519
c141e,1000000,0.0,6.0,0.8711,0.01166,-0.00059,-0.0487
c141e,1000000,0.0,6.5,0.9131,0.01229,-0.0003,-0.0459
c141e,1000000,0.0,7.0,0.9556,0.01305,9e-05,-0.0433
c141e,1000000,0.0,7.5,0.997,0.01402,0.00064,-0.0406
c141e,1000000,0.0,8.0,1.0376,0.01514,0.00131,-0.0379
c141e,1000000,0.0,8.5,1.077,0.01647,0.00214,-0.0351
c141e,1000000,0.0,9.0,1.115,0.01814,0.00323,-0.0322
c141e,1000000,0.0,9.5,1.1503,0.02064,0.00493,-0.0291
c141e,1000000,0.0,10.0,1.1816,0.02417,0.00746,-0.0259
c141e,1000000,0.0,10.5,1.2236,0.02374,0.00707,-0.0238
c141e,1000000,0.0,11.0,1.2574,0.02451,0.00752,-0.0206
c141e,1000000,0.0,11.5,1.2914,0.02504,0.00774,-0.0175
c141e,1000000,0.0,12.0,1.3292,0.02495,0.00738,-0.0152
c141e,1000000,0.0,12.5,1.369,0.0249,0.00697,-0.0133
c141e,1000000,0.0,13.0,1.4105,0.02492,0.00649,-0.0119
c141e,1000000,0.0,13.5,1.4532,0.02502,0.00581,-0.0107
c141e,1000000,0.0,14.0,1.4595,0.02832,0.00777,-0.0051
c141e,1000000,0.0,14.5,1.4541,0.03276,0.01097,0.0006
c141e,1000000,0.0,15.0,1.4443,0.03783,0.0148,0.0053
goe527,50000,0.0,-5.0,-0.1127,0.10318,0.06573,-0.0455
goe527,50000,0.0,-4.5,-0.1173,0.10157,0.0635,-0.0425
goe527,50000,0.0,-4.0,-0.1612,0.10142,0.06265,-0.035
goe527,50000,0.0,-3.5,-0.2298,0.10144,0.06233,-0.0238
goe527,50000,0.0,-3.0,-0.3001,0.10111,0.06125,-0.0126
goe527,50000,0.0,-2.5,-0.3314,0.09799,0.0578,-0.0082
goe527,50000,0.0,-2.0,-0.3713,0.09193,0.05387,-0.0048
goe527,50000,0.0,-1.5,-0.3321,0.0776,0.02966,-0.0315
goe527,50000,0.0,-1.0,-0.3229,0.07345,0.02658,-0.0279
goe527,50000,0.0,-0.5,-0.3112,0.06661,0.02309,-0.0229
goe527,50000,0.0,0.0,-0.2764,0.06536,0.02111,-0.0214
goe527,50000,0.0,0.5,-0.2274,0.06389,0.02041,-0.0217
goe527,50000,0.0,1.0,-0.1494,0.06751,0.02263,-0.0261
goe527,50000,0.0,1.5,-0.0643,0.07513,0.0256,-0.0331
goe527,50000,0.0,2.0,0.068,0.09142,0.03291,-0.0533
goe527,50000,0.0,2.5,0.0915,0.09269,0.03539,-0.0516
goe527,50000,0.0,3.0,0.1055,0.08816,0.0376,-0.0484
goe527,50000,0.0,3.5,0.1319,0.07724,0.03853,-0.0439
goe527,50000,0.0,4.0,0.2242,0.10274,0.04542,-0.0524
goe527,50000,0.0,4.5,0.2314,0.10444,0.04965,-0.0506
goe527,50000,0.0,5.0,0.2091,0.08737,0.04881,-0.041
goe527,50000,0.0,5.5,0.2394,0.09097,0.05246,-0.0407
goe527,50000,0.0,6.0,0.2843,0.0956,0.05644,-0.0415
goe527,50000,0.0,6.5,0.3491,0.1033,0.06118,-0.0445
goe527,50000,0.0,7.0,0.3834,0.12795,0.06649,-0.0468
goe527,50000,0.0,8.0,0.4041,0.1361,0.07584,-0.0453
goe527,50000,0.0,8.5,0.41,0.1375,0.08038,-0.044
goe527,50000,0.0,9.0,0.3748,0.12128,0.08092,-0.0371
goe527,50000,0.0,9.5,0.3919,0.12233,0.08408,-0.0357
goe527,50000,0.0,10.0,0.4413,0.1268,0.08769,-0.036
goe527,50000,0.0,10.5,0.5071,0.13607,0.09257,-0.0382
goe527,50000,0.0,11.0,0.5433,0.16677,0.09979,-0.0417
goe527,50000,0.0,11.5,0.5515,0.17098,0.10563,-0.0417
goe527,50000,0.0,12.0,0.5554,0.17275,0.11192,-0.0416
goe527,50000,0.0,12.5,0.5309,0.16135,0.11607,-0.0386
goe527,50000,0.0,13.0,0.5287,0.15158,0.11807,-0.0355
goe527,50000,0.0,13.5,0.5721,0.15719,0.12244,-0.0358
goe527,50000,0.0,14.0,0.6361,0.16924,0.12762,-0.0374
goe527,50000,0.0,14.5,0.6547,0.20219,0.13778,-0.0411
goe527,50000,0.0,15.0,0.6625,0.20853,0.14567,-0.0423
goe527,100000,0.0,-5.0,0.0113,0.04661,0.01371,-0.1016
goe527,100000,0.0,-4.5,0.0379,0.03857,0.00612,-0.1007
goe527,100000,0.0,-4.0,0.0211,0.03894,0.00498,-0.0912
goe527,100000,0.0,-3.5,0.0028,0.03882,0.00446,-0.0808
goe527,100000,0.0,-3.0,-0.0263,0.04061,0.00525,-0.0702
goe527,100000,0.0,-2.5,-0.0401,0.04211,0.0058,-0.0621
goe527,100000,0.0,-2.0,-0.0383,0.04289,0.00601,-0.0558
goe527,100000,0.0,-1.5,-0.0203,0.04306,0.00595,-0.0511
goe527,100000,0.0,-1.0,0.015,0.04118,0.0047,-0.0477
goe527,100000,0.0,-0.5,0.0719,0.04012,0.00466,-0.0471
goe527,100000,0.0,0.0,0.1425,0.0392,0.00499,-0.0481
goe527,100000,0.0,0.5,0.37,0.03678,0.00799,-0.0763
goe527,100000,0.0,1.0,0.3512,0.04205,0.01054,-0.0684
goe527,100000,0.0,1.5,0.3261,0.04523,0.01384,-0.0612
goe527,100000,0.0,2.0,0.3041,0.0502,0.018,-0.0559
goe527,100000,0.0,2.5,0.3067,0.05361,0.02103,-0.0524
goe527,100000,0.0,3.0,0.3325,0.05531,0.02276,-0.0499
goe527,100000,0.0,3.5,0.389,0.05509,0.02287,-0.0487
goe527,100000,0.0,4.0,0.4553,0.05421,0.02221,-0.0478
goe527,100000,0.0,4.5,0.5222,0.05373,0.02141,-0.047
goe527,100000,0.0,5.0,0.526,0.05952,0.02361,-0.0431
goe527,100000,0.0,5.5,0.5284,0.06014,0.02613,-0.0397
goe527,100000,0.0,6.0,0.5314,0.06303,0.02921,-0.0366
goe527,100000,0.0,6.5,0.5613,0.0649,0.03081,-0.0347
goe527,100000,0.0,7.0,0.5983,0.06627,0.03173,-0.033
goe527,100000,0.0,7.5,0.6427,0.06712,0.03183,-0.0313
goe527,100000,0.0,8.0,0.6745,0.07066,0.03295,-0.0293
goe527,100000,0.0,8.5,0.6396,0.08095,0.04088,-0.0279
goe527,100000,0.0,9.0,0.6269,0.08589,0.04745,-0.0274
goe527,100000,0.0,9.5,0.5953,0.09451,0.05677,-0.0275
goe527,100000,0.0,10.0,0.5937,0.10014,0.06246,-0.0272
goe527,100000,0.0,10.5,0.6019,0.10484,0.06706,-0.0267
goe527,100000,0.0,11.0,0.6102,0.10994,0.07208,-0.0266
goe527,100000,0.0,11.5,0.6292,0.11375,0.07563,-0.026
goe527,100000,0.0,12.0,0.6726,0.11472,0.07558,-0.0245
goe527,100000,0.0,12.5,0.7243,0.11427,0.07315,-0.022
goe527,100000,0.0,13.0,0.7169,0.12496,0.07867,-0.0214
goe527,100000,0.0,13.5,0.7211,0.1271,0.08491,-0.0221
goe527,100000,0.0,14.0,0.6927,0.13628,0.09818,-0.025
goe527,100000,0.0,14.5,0.679,0.14447,0.10933,-0.0272
goe527,100000,0.0,15.0,0.6732,0.15231,0.11999,-0.0293
goe527,200000,0.0,-5.0,0.0735,0.0221,-0.00928,-0.1105
goe527,200000,0.0,-4.5,0.1175,0.02008,-0.01053,-0.1083
goe527,200000,0.0,-4.0,0.1645,0.01822,-0.01146,-0.1065
goe527,200000,0.0,-3.5,0.2134,0.01692,-0.01176,-0.105
goe527,200000,0.0,-3.0,0.2613,0.01655,-0.01108,-0.1038
goe527,200000,0.0,-2.5,0.2961,0.01793,-0.00945,-0.1011
goe527,200000,0.0,-2.0,0.3386,0.01781,-0.00869,-0.0991
goe527,200000,0.0,-1.5,0.3806,0.018,-0.0078,-0.097
goe527,200000,0.0,-1.0,0.4198,0.01816,-0.00691,-0.0944
goe527,200000,0.0,-0.5,0.4597,0.0179,-0.0062,-0.0919
goe527,200000,0.0,0.0,0.4966,0.01714,-0.00565,-0.0886
goe527,200000,0.0,0.5,0.6142,0.01605,-0.00479,-0.0993
goe527,200000,0.0,1.0,0.7459,0.01628,-0.00396,-0.1148
goe527,200000,0.0,1.5,0.7783,0.01659,-0.0034,-0.1109
goe527,200000,0.0,2.0,0.8174,0.01664,-0.00314,-0.1078
goe527,200000,0.0,2.5,0.8587,0.01674,-0.00305,-0.1051
goe527,200000,0.0,3.0,0.9004,0.01725,-0.00267,-0.1027
goe527,200000,0.0,3.5,0.9111,0.01928,-0.0015,-0.0957
goe527,200000,0.0,4.0,0.9496,0.01885,-0.00186,-0.0922
goe527,200000,0.0,4.5,0.9705,0.01875,-0.00222,-0.0856
goe527,200000,0.0,5.0,0.9854,0.01898,-0.00248,-0.0783
goe527,200000,0.0,5.5,1.0047,0.01949,-0.00254,-0.0722
goe527,200000,0.0,6.0,1.0258,0.02009,-0.00262,-0.0667
goe527,200000,0.0,6.5,1.051,0.0206,-0.00283,-0.062
goe527,200000,0.0,7.0,1.0865,0.0208,-0.00327,-0.0588
goe527,200000,0.0,7.5,1.1133,0.02141,-0.00359,-0.0546
goe527,200000,0.0,8.0,1.1229,0.0238,-0.00266,-0.0491
goe527,200000,0.0,8.5,1.143,0.02443,-0.00295,-0.0447
goe527,200000,0.0,9.0,1.1598,0.02545,-0.00307,-0.0402
goe527,200000,0.0,9.5,1.1634,0.02744,-0.00264,-0.035
goe527,200000,0.0,10.0,1.1888,0.02841,-0.0029,-0.0319
goe527,200000,0.0,10.5,1.2146,0.02933,-0.00327,-0.0288
goe527,200000,0.0,11.0,1.2279,0.03197,-0.00205,-0.0252
goe527,200000,0.0,11.5,1.2017,0.03747,0.00132,-0.0203
goe527,200000,0.0,12.0,1.1949,0.04175,0.0039,-0.0174
goe527,200000,0.0,12.5,0.9787,0.07029,0.02924,-0.0152
goe527,200000,0.0,13.0,0.9594,0.07848,0.03651,-0.0149
goe527,200000,0.0,13.5,0.9434,0.0872,0.04464,-0.0152
goe527,200000,0.0,14.0,0.9072,0.09896,0.0566,-0.0169
goe527,200000,0.0,14.5,0.9137,0.10335,0.06058,-0.0167
goe527,200000,0.0,15.0,0.9459,0.10354,0.0596,-0.0152
goe527,500000,0.0,-5.0,0.085,0.01435,-0.01511,-0.1106
goe527,500000,0.0,-4.5,0.133,0.01299,-0.01552,-0.1091
goe527,500000,0.0,-4.0,0.1819,0.01211,-0.01544,-0.1077
goe527,500000,0.0,-3.5,0.2317,0.0116,-0.01505,-0.1065
goe527,500000,0.0,-3.0,0.2807,0.01134,-0.01455,-0.1052
goe527,500000,0.0,-2.5,0.3274,0.01128,-0.01395,-0.1033
goe527,500000,0.0,-2.0,0.3791,0.01113,-0.01304,-0.1028
goe527,500000,0.0,-1.5,0.433,0.01119,-0.01204,-0.1029
goe527,500000,0.0,-1.0,0.487,0.01141,-0.01107,-0.1029
goe527,500000,0.0,-0.5,0.5394,0.01171,-0.01014,-0.1027
goe527,500000,0.0,0.5,0.6449,0.01165,-0.00891,-0.102
goe527,500000,0.0,1.0,0.6953,0.01129,-0.00843,-0.1014
goe527,500000,0.0,1.5,0.7442,0.01071,-0.00822,-0.1003
goe527,500000,0.0,2.0,0.7884,0.01012,-0.00797,-0.0983
goe527,500000,0.0,2.5,0.9166,0.00971,-0.0074,-0.1131
goe527,500000,0.0,3.0,0.998,0.00989,-0.00715,-0.1188
goe527,500000,0.0,3.5,1.0353,0.01005,-0.00698,-0.1155
goe527,500000,0.0,4.0,1.0673,0.01026,-0.00692,-0.111
goe527,500000,0.0,4.5,1.0827,0.01057,-0.00701,-0.1032
goe527,500000,0.0,5.0,1.0853,0.01097,-0.00718,-0.093
goe527,500000,0.0,5.5,1.1202,0.01136,-0.0071,-0.0894
goe527,500000,0.0,6.0,1.1561,0.01164,-0.00714,-0.086
goe527,500000,0.0,6.5,1.1907,0.01197,-0.00723,-0.0825
goe527,500000,0.0,7.0,1.2225,0.01237,-0.0074,-0.0786
goe527,500000,0.0,7.5,1.2434,0.01296,-0.00769,-0.0729
goe527,500000,0.0,8.0,1.253,0.01392,-0.00807,-0.0657
goe527,500000,0.0,8.5,1.242,0.01564,-0.00822,-0.0561
goe527,500000,0.0,9.0,1.2654,0.01669,-0.00826,-0.052
goe527,500000,0.0,9.5,1.2981,0.01749,-0.00836,-0.0494
goe527,500000,0.0,10.0,1.3259,0.01854,-0.00842,-0.0463
goe527,500000,0.0,10.5,1.3262,0.02104,-0.00786,-0.0408
goe527,500000,0.0,12.0,1.268,0.03455,-0.0022,-0.0249
goe527,500000,0.0,13.0,1.2085,0.04839,0.007,-0.0192
goe527,500000,0.0,13.5,1.2201,0.05164,0.0087,-0.0177
goe527,500000,0.0,14.0,1.24,0.05422,0.00984,-0.0166
goe527,500000,0.0,14.5,1.2528,0.05767,0.0118,-0.0156
goe527,500000,0.0,15.0,1.1726,0.07253,0.02503,-0.0165
goe527,1000000,0.0,-4.5,0.1314,0.01077,-0.01661,-0.1087
goe527,1000000,0.0,-4.0,0.1762,0.01051,-0.01612,-0.1066
goe527,1000000,0.0,-3.5,0.2282,0.01019,-0.01548,-0.1059
goe527,1000000,0.0,-3.0,0.2821,0.00985,-0.01484,-0.1056
goe527,1000000,0.0,-2.5,0.3365,0.00959,-0.01417,-0.1054
goe527,1000000,0.0,-2.0,0.3913,0.00939,-0.01349,-0.1052
goe527,1000000,0.0,-1.5,0.4461,0.00916,-0.01286,-0.1049
goe527,1000000,0.0,-1.0,0.5003,0.00898,-0.01213,-0.1049
goe527,1000000,0.0,-0.5,0.5552,0.00894,-0.01144,-0.1049
goe527,1000000,0.0,0.0,0.6093,0.00885,-0.01084,-0.1048
goe527,1000000,0.0,0.5,0.6626,0.00877,-0.01034,-0.1045
goe527,1000000,0.0,1.0,0.7159,0.00878,-0.00984,-0.1042
goe527,1000000,0.0,1.5,0.7681,0.00881,-0.00941,-0.1038
goe527,1000000,0.0,2.0,0.8165,0.0088,-0.00908,-0.1026
goe527,1000000,0.0,2.5,0.8523,0.00841,-0.00887,-0.0993
goe527,1000000,0.0,3.0,0.8739,0.00831,-0.00881,-0.0927
goe527,1000000,0.0,3.5,0.8963,0.00776,-0.00871,-0.0858
goe527,1000000,0.0,4.0,1.0297,0.0083,-0.00792,-0.1028
goe527,1000000,0.0,4.5,1.1034,0.00858,-0.00769,-0.107
goe527,1000000,0.0,5.0,1.1289,0.00874,-0.0077,-0.1013
goe527,1000000,0.0,5.5,1.1573,0.00904,-0.00776,-0.0962
goe527,1000000,0.0,6.0,1.1688,0.00984,-0.0079,-0.0883
goe527,1000000,0.0,6.5,1.1919,0.01047,-0.008,-0.0827
goe527,1000000,0.0,7.0,1.2109,0.01116,-0.00818,-0.0767
goe527,1000000,0.0,7.5,1.2294,0.01203,-0.00832,-0.0709
goe527,1000000,0.0,8.0,1.2269,0.01356,-0.00834,-0.0624
goe527,1000000,0.0,8.5,1.2512,0.01459,-0.00833,-0.0583
goe527,1000000,0.0,9.0,1.2806,0.01553,-0.00835,-0.0552
goe527,1000000,0.0,9.5,1.3123,0.01642,-0.0084,-0.0525
goe527,1000000,0.0,10.0,1.3361,0.01772,-0.00832,-0.0491
goe527,1000000,0.0,10.5,1.3362,0.02039,-0.00764,-0.0438
goe527,1000000,0.0,11.5,1.2737,0.03117,-0.00247,-0.0311
goe527,1000000,0.0,12.0,1.2683,0.03505,-0.00064,-0.0273
goe527,1000000,0.0,12.5,1.242,0.04226,0.00433,-0.025
goe527,1000000,0.0,13.5,1.2008,0.05422,0.01246,-0.0195
goe527,1000000,0.0,14.0,1.1148,0.07008,0.02674,-0.0205
goe527,1000000,0.0,14.5,1.1297,0.07332,0.02861,-0.0197
goe527,1000000,0.0,15.0,1.1493,0.07607,0.02999,-0.019
ls417,50000,0.0,-5.0,-0.5431,0.03605,0.01518,-0.0313
ls417,50000,0.0,-4.5,-0.5101,0.03228,0.01554,-0.0256
ls417,50000,0.0,-4.0,-0.5068,0.03739,0.02084,-0.0073
ls417,50000,0.0,-3.5,-0.4937,0.04036,0.02355,0.0059
ls417,50000,0.0,-3.0,-0.4879,0.04249,0.02537,0.0218
ls417,50000,0.0,-2.5,-0.4687,0.04283,0.02523,0.032
ls417,50000,0.0,-2.0,-0.3912,0.04336,0.02515,0.0307
ls417,50000,0.0,-1.5,-0.2143,0.04523,0.02675,0.0058
ls417,50000,0.0,-1.0,-0.0967,0.04624,0.02765,-0.011
ls417,50000,0.0,-0.5,-0.0919,0.04571,0.02701,-0.007
ls417,50000,0.0,0.0,-0.0868,0.04531,0.0265,-0.0029
ls417,50000,0.0,0.5,-0.0817,0.045,0.02609,0.0012
ls417,50000,0.0,1.0,-0.0767,0.04477,0.02577,0.0053
ls417,50000,0.0,1.5,-0.0714,0.04463,0.02555,0.0091
ls417,50000,0.0,2.0,-0.065,0.04465,0.02549,0.0126
ls417,50000,0.0,2.5,-0.0521,0.04514,0.02591,0.0145
ls417,50000,0.0,3.0,-0.0282,0.0465,0.02716,0.0141
ls417,50000,0.0,3.5,0.0172,0.04932,0.0299,0.0092
ls417,50000,0.0,4.0,0.2359,0.05556,0.0355,-0.0184
ls417,50000,0.0,4.5,0.3126,0.05725,0.03684,-0.0236
ls417,50000,0.0,5.0,0.3918,0.05821,0.03746,-0.028
ls417,50000,0.0,5.5,0.4768,0.05786,0.0368,-0.0316
ls417,50000,0.0,6.0,0.5673,0.05596,0.03467,-0.034
ls417,50000,0.0,6.5,0.6831,0.05051,0.02926,-0.0358
ls417,50000,0.0,7.0,0.7897,0.0426,0.0216,-0.0341
ls417,50000,0.0,7.5,0.9027,0.03484,0.01357,-0.0323
ls417,50000,0.0,8.0,0.9822,0.03507,0.01231,-0.033
ls417,50000,0.0,8.5,1.0539,0.03809,0.01401,-0.0357
ls417,50000,0.0,9.0,1.1028,0.04235,0.01723,-0.0368
ls417,50000,0.0,9.5,1.1679,0.04851,0.02105,-0.0404
ls417,50000,0.0,10.0,1.1711,0.05366,0.026,-0.0366
ls417,50000,0.0,10.5,1.1498,0.06089,0.03269,-0.032
ls417,50000,0.0,11.0,1.0827,0.0724,0.04362,-0.0281
ls417,50000,0.0,11.5,0.8943,0.10582,0.0771,-0.0366
ls417,50000,0.0,12.0,0.8409,0.12857,0.10078,-0.0471
ls417,50000,0.0,12.5,0.8205,0.1436,0.11854,-0.0551
ls417,50000,0.0,13.5,0.7748,0.18368,0.16867,-0.0815
ls417,50000,0.0,14.0,0.7699,0.18452,0.17987,-0.0852
ls417,50000,0.0,14.5,0.8604,0.20908,0.18633,-0.0853
ls417,50000,0.0,15.0,0.8092,0.19828,0.20195,-0.0922
ls417,100000,0.0,-5.0,-0.3931,0.0279,0.01214,-0.061
ls417,100000,0.0,-4.5,-0.3352,0.02861,0.01476,-0.0607
ls417,100000,0.0,-4.0,-0.3125,0.03046,0.0169,-0.0536
ls417,100000,0.0,-3.5,-0.2911,0.03276,0.01922,-0.0448
ls417,100000,0.0,-3.0,-0.2492,0.03483,0.02114,-0.0407
ls417,100000,0.0,-2.5,-0.2226,0.03679,0.02286,-0.0319
ls417,100000,0.0,-2.0,-0.2044,0.03774,0.02381,-0.0238
ls417,100000,0.0,-1.5,-0.1613,0.03887,0.02456,-0.0192
ls417,100000,0.0,-1.0,-0.135,0.03889,0.0245,-0.014
ls417,100000,0.0,-0.5,-0.0719,0.03931,0.02464,-0.0164
ls417,100000,0.0,0.0,-0.0317,0.03954,0.02462,-0.0154
ls417,100000,0.0,0.5,0.0437,0.03977,0.02428,-0.0181
ls417,100000,0.0,1.0,0.0669,0.03976,0.02455,-0.0153
ls417,100000,0.0,1.5,0.1172,0.03966,0.02426,-0.0152
ls417,100000,0.0,2.0,0.2153,0.03966,0.02379,-0.0225
ls417,100000,0.0,2.5,0.2611,0.03937,0.02363,-0.0221
ls417,100000,0.0,3.0,0.3171,0.03902,0.02318,-0.0228
ls417,100000,0.0,3.5,0.3817,0.03847,0.02247,-0.0246
ls417,100000,0.0,4.5,0.5694,0.03343,0.01756,-0.0321
ls417,100000,0.0,5.0,0.6358,0.03143,0.01564,-0.0325
ls417,100000,0.0,5.5,0.7187,0.02772,0.0121,-0.0334
ls417,100000,0.0,6.5,0.8638,0.02259,0.00672,-0.0348
ls417,100000,0.0,7.0,0.9213,0.02178,0.00462,-0.0337
ls417,100000,0.0,7.5,0.943,0.02394,0.00511,-0.03
ls417,100000,0.0,8.0,0.9747,0.02644,0.0062,-0.0286
ls417,100000,0.0,8.5,1.0199,0.0287,0.0075,-0.0291
ls417,100000,0.0,9.0,1.0803,0.03155,0.00906,-0.0313
ls417,100000,0.0,9.5,1.1308,0.0337,0.0104,-0.0327
ls417,100000,0.0,10.0,1.1876,0.03658,0.01216,-0.0349
ls417,100000,0.0,10.5,1.2357,0.03913,0.01383,-0.0361
ls417,100000,0.0,11.0,1.2929,0.04314,0.01625,-0.0387
ls417,100000,0.0,11.5,1.3163,0.04603,0.01855,-0.0372
ls417,100000,0.0,12.0,1.3577,0.04905,0.02011,-0.0378
ls417,100000,0.0,12.5,1.3735,0.05501,0.0245,-0.0363
ls417,100000,0.0,13.0,1.3657,0.06034,0.02923,-0.0329
ls417,100000,0.0,13.5,1.352,0.06672,0.0348,-0.0303
ls417,100000,0.0,14.0,1.3313,0.07395,0.04122,-0.0284
ls417,100000,0.0,14.5,1.3193,0.08114,0.04731,-0.0278
ls417,100000,0.0,15.0,1.2653,0.09386,0.05969,-0.0288
ls417,200000,0.0,-5.0,-0.1247,0.01642,0.00539,-0.1044
ls417,200000,0.0,-4.5,-0.0632,0.01716,0.00625,-0.1045
ls417,200000,0.0,-4.0,-0.0262,0.01869,0.00803,-0.1011
ls417,200000,0.0,-3.5,0.0295,0.01942,0.0088,-0.1003
ls417,200000,0.0,-3.0,0.079,0.02043,0.00984,-0.0971
ls417,200000,0.0,-2.5,0.1278,0.02161,0.01084,-0.094
ls417,200000,0.0,-2.0,0.1465,0.02343,0.01275,-0.0876
ls417,200000,0.0,-1.5,0.1948,0.02398,0.01332,-0.0841
ls417,200000,0.0,-1.0,0.2667,0.02368,0.01292,-0.0876
ls417,200000,0.0,-0.5,0.2855,0.02481,0.01406,-0.0808
ls417,200000,0.0,0.0,0.3591,0.02443,0.01354,-0.0841
ls417,200000,0.0,0.5,0.4171,0.02395,0.01321,-0.083
ls417,200000,0.0,1.0,0.4582,0.02409,0.01328,-0.0805
ls417,200000,0.0,1.5,0.547,0.02216,0.01138,-0.0848
ls417,200000,0.0,2.0,0.6114,0.02122,0.01043,-0.0863
ls417,200000,0.0,2.5,0.6727,0.02007,0.00941,-0.0858
ls417,200000,0.0,3.0,0.7276,0.01943,0.00867,-0.0851
ls417,200000,0.0,3.5,0.7953,0.01814,0.00722,-0.0865
ls417,200000,0.0,4.0,0.8617,0.01735,0.00621,-0.0884
ls417,200000,0.0,4.5,0.9189,0.01686,0.00547,-0.0889
ls417,200000,0.0,5.0,0.9653,0.01636,0.0047,-0.0866
ls417,200000,0.0,5.5,0.999,0.01672,0.00385,-0.082
ls417,200000,0.0,6.0,1.0113,0.01841,0.00406,-0.0749
ls417,200000,0.0,6.5,1.0211,0.0204,0.00467,-0.0686
ls417,200000,0.0,7.0,1.043,0.02226,0.00556,-0.0646
ls417,200000,0.0,7.5,1.0636,0.02424,0.00655,-0.0604
ls417,200000,0.0,8.0,1.0888,0.02628,0.00752,-0.0574
ls417,200000,0.0,8.5,1.1179,0.02845,0.00858,-0.0552
ls417,200000,0.0,9.0,1.1549,0.0301,0.00949,-0.0537
ls417,200000,0.0,9.5,1.1835,0.03166,0.01026,-0.0508
ls417,200000,0.0,10.0,1.2217,0.0336,0.01104,-0.0491
ls417,200000,0.0,10.5,1.2559,0.03524,0.01207,-0.048
ls417,200000,0.0,11.0,1.2833,0.03687,0.01296,-0.0452
ls417,200000,0.0,11.5,1.3123,0.03894,0.01399,-0.0433
ls417,200000,0.0,12.0,1.3473,0.04128,0.01505,-0.0409
ls417,200000,0.0,12.5,1.3649,0.0432,0.01635,-0.0376
ls417,200000,0.0,13.0,1.3846,0.04581,0.01812,-0.0359
ls417,200000,0.0,13.5,1.4088,0.04925,0.02043,-0.036
ls417,200000,0.0,14.0,1.4273,0.05333,0.02297,-0.0356
ls417,200000,0.0,14.5,1.4341,0.05942,0.0274,-0.0345
ls417,200000,0.0,15.0,1.4406,0.0641,0.03121,-0.0343
ls417,500000,0.0,-5.0,-0.1072,0.01113,0.00018,-0.0986
ls417,500000,0.0,-4.5,-0.0415,0.01003,-2e-05,-0.1024
ls417,500000,0.0,-4.0,0.0281,0.00889,-0.0,-0.1068
ls417,500000,0.0,-3.0,0.1513,0.0093,0.00076,-0.109
ls417,500000,0.0,-2.5,0.2121,0.00945,0.00104,-0.1099
ls417,500000,0.0,-2.0,0.2725,0.00968,0.00135,-0.1108
ls417,500000,0.0,-1.5,0.3327,0.00985,0.00161,-0.1115
ls417,500000,0.0,-1.0,0.3908,0.01017,0.00187,-0.1115
ls417,500000,0.0,-0.5,0.4504,0.01025,0.00198,-0.1121
ls417,500000,0.0,0.0,0.5079,0.01013,0.00187,-0.1119
ls417,500000,0.0,0.5,0.5658,0.01018,0.0018,-0.1119
ls417,500000,0.0,1.0,0.627,0.01019,0.00172,-0.113
ls417,500000,0.0,1.5,0.687,0.01006,0.00152,-0.1138
ls417,500000,0.0,2.0,0.7445,0.00993,0.00134,-0.114
ls417,500000,0.0,2.5,0.8031,0.00991,0.00124,-0.1145
ls417,500000,0.0,3.0,0.8612,0.00991,0.00107,-0.115
ls417,500000,0.0,3.5,0.9165,0.01005,0.00082,-0.1149
ls417,500000,0.0,4.0,0.9589,0.01099,0.00079,-0.1126
ls417,500000,0.0,4.5,0.9958,0.01238,0.00117,-0.1097
ls417,500000,0.0,5.0,1.0296,0.01365,0.00167,-0.1063
ls417,500000,0.0,5.5,1.0652,0.01474,0.00207,-0.1031
ls417,500000,0.0,6.0,1.0962,0.01583,0.00246,-0.0991
ls417,500000,0.0,6.5,1.1214,0.01709,0.00294,-0.0942
ls417,500000,0.0,7.0,1.155,0.01835,0.0035,-0.0912
ls417,500000,0.0,7.5,1.1876,0.01979,0.00417,-0.0883
ls417,500000,0.0,8.0,1.223,0.02097,0.00478,-0.0859
ls417,500000,0.0,8.5,1.2491,0.02282,0.00577,-0.0823
ls417,500000,0.0,9.0,1.2871,0.02397,0.00634,-0.0805
ls417,500000,0.0,9.5,1.3224,0.02536,0.00704,-0.0785
ls417,500000,0.0,10.0,1.3546,0.02696,0.00786,-0.0763
ls417,500000,0.0,10.5,1.3823,0.02885,0.00889,-0.0736
ls417,500000,0.0,11.0,1.4017,0.03146,0.0104,-0.0701
ls417,500000,0.0,11.5,1.4272,0.03367,0.01163,-0.0676
ls417,500000,0.0,12.0,1.4619,0.03516,0.01239,-0.0663
ls417,500000,0.0,12.5,1.4922,0.03694,0.01334,-0.0645
ls417,500000,0.0,13.0,1.5197,0.03903,0.01446,-0.0627
ls417,500000,0.0,13.5,1.5453,0.04134,0.01571,-0.0609
ls417,500000,0.0,14.0,1.5641,0.04426,0.0174,-0.0588
ls417,500000,0.0,14.5,1.5601,0.04948,0.02093,-0.0552
ls417,500000,0.0,15.0,1.5871,0.05182,0.02223,-0.0542
ls417,1000000,0.0,-5.0,-0.1071,0.00963,-0.00076,-0.0968
ls417,1000000,0.0,-4.5,-0.0441,0.00915,-0.00087,-0.0991
ls417,1000000,0.0,-4.0,0.0214,0.00832,-0.00102,-0.1022
ls417,1000000,0.0,-3.5,0.0895,0.00738,-0.00118,-0.1061
ls417,1000000,0.0,-3.0,0.1592,0.00652,-0.00115,-0.11
ls417,1000000,0.0,-2.5,0.2217,0.00652,-0.00099,-0.1114
ls417,1000000,0.0,-2.0,0.2836,0.00663,-0.00087,-0.1127
ls417,1000000,0.0,-1.5,0.3451,0.0067,-0.00074,-0.1138
ls417,1000000,0.0,-1.0,0.4063,0.00667,-0.00075,-0.1148
ls417,1000000,0.0,-0.5,0.4664,0.00672,-0.00075,-0.1155
ls417,1000000,0.0,0.0,0.5275,0.0068,-0.00067,-0.1165
ls417,1000000,0.0,0.5,0.5881,0.00685,-0.00062,-0.1175
ls417,1000000,0.0,1.0,0.6476,0.00693,-0.00056,-0.1181
ls417,1000000,0.0,1.5,0.7071,0.00706,-0.00056,-0.1188
ls417,1000000,0.0,2.0,0.7668,0.00717,-0.00059,-0.1196
ls417,1000000,0.0,2.5,0.8237,0.00747,-0.00064,-0.1199
ls417,1000000,0.0,3.0,0.8727,0.00831,-0.00045,-0.119
ls417,1000000,0.0,3.5,0.9183,0.00942,-7e-05,-0.1176
ls417,1000000,0.0,4.0,0.9637,0.01045,0.00031,-0.1161
ls417,1000000,0.0,4.5,1.0102,0.01131,0.00063,-0.1147
ls417,1000000,0.0,5.0,1.056,0.01212,0.00092,-0.1133
ls417,1000000,0.0,5.5,1.0978,0.01308,0.00125,-0.1111
ls417,1000000,0.0,6.0,1.1423,0.01378,0.00149,-0.1094
ls417,1000000,0.0,6.5,1.1831,0.01447,0.00175,-0.107
ls417,1000000,0.0,7.0,1.2132,0.01541,0.00211,-0.1026
ls417,1000000,0.0,7.5,1.2531,0.01618,0.00242,-0.1003
ls417,1000000,0.0,8.0,1.2898,0.01719,0.00286,-0.0976
ls417,1000000,0.0,8.5,1.3247,0.01839,0.00342,-0.0948
ls417,1000000,0.0,9.0,1.3587,0.01967,0.00402,-0.092
ls417,1000000,0.0,9.5,1.3994,0.02053,0.0044,-0.0904
ls417,1000000,0.0,10.0,1.4381,0.02155,0.00485,-0.0886
ls417,1000000,0.0,10.5,1.4747,0.02275,0.00537,-0.0867
ls417,1000000,0.0,11.0,1.5087,0.02413,0.00597,-0.0845
ls417,1000000,0.0,11.5,1.541,0.02564,0.00667,-0.0822
ls417,1000000,0.0,12.0,1.5693,0.02748,0.00756,-0.0797
ls417,1000000,0.0,12.5,1.5945,0.02958,0.00862,-0.0769
ls417,1000000,0.0,13.0,1.6159,0.032,0.00991,-0.0739
ls417,1000000,0.0,13.5,1.6488,0.03356,0.01055,-0.0724
ls417,1000000,0.0,14.0,1.6767,0.03553,0.01139,-0.0704
ls417,1000000,0.0,14.5,1.6886,0.03892,0.01318,-0.0674
ls417,1000000,0.0,15.0,1.7079,0.04177,0.01477,-0.0652
fx66a175,50000,0.0,-5.0,-0.1042,0.03547,0.01827,-0.1077
fx66a175,50000,0.0,-4.5,-0.1299,0.04075,0.0261,-0.091
fx66a175,50000,0.0,-4.0,-0.1332,0.04596,0.03134,-0.0758
fx66a175,50000,0.0,-3.5,-0.1344,0.04916,0.03474,-0.0589
fx66a175,50000,0.0,-3.0,-0.1345,0.05046,0.03569,-0.0493
fx66a175,50000,0.0,-2.5,-0.1811,0.0519,0.03708,-0.0403
fx66a175,50000,0.0,-2.0,-0.1795,0.05266,0.03759,-0.0357
fx66a175,50000,0.0,-1.5,-0.1621,0.05347,0.03812,-0.034
fx66a175,50000,0.0,-0.5,-0.3046,0.05132,0.03619,-0.0123
fx66a175,50000,0.0,0.0,-0.2371,0.05375,0.03835,-0.0196
fx66a175,50000,0.0,0.5,-0.1626,0.05772,0.04133,-0.0282
fx66a175,50000,0.0,1.5,-0.0566,0.06125,0.04534,-0.0371
fx66a175,50000,0.0,2.0,0.0233,0.06648,0.04941,-0.0464
fx66a175,50000,0.0,2.5,0.0713,0.06824,0.05179,-0.0499
fx66a175,50000,0.0,3.0,0.1268,0.0709,0.05468,-0.0552
fx66a175,50000,0.0,3.5,0.1784,0.07391,0.05767,-0.0604
fx66a175,50000,0.0,4.0,0.2225,0.07709,0.06073,-0.0647
fx66a175,50000,0.0,4.5,0.3065,0.08448,0.06623,-0.075
fx66a175,50000,0.0,5.0,0.3295,0.08568,0.06848,-0.0753
fx66a175,50000,0.0,5.5,0.3638,0.08921,0.07162,-0.0775
fx66a175,50000,0.0,6.0,0.4285,0.09531,0.0764,-0.0833
fx66a175,50000,0.0,6.5,0.4396,0.09741,0.07894,-0.0821
fx66a175,50000,0.0,7.0,0.502,0.10414,0.0839,-0.0869
fx66a175,50000,0.0,7.5,0.5061,0.10583,0.08644,-0.0846
fx66a175,50000,0.0,8.0,0.5677,0.11335,0.09166,-0.0889
fx66a175,50000,0.0,8.5,0.5621,0.11457,0.09437,-0.086
fx66a175,50000,0.0,9.0,0.6239,0.12251,0.09971,-0.0898
fx66a175,50000,0.0,9.5,0.6132,0.12384,0.10297,-0.0872
fx66a175,50000,0.0,10.0,0.66,0.13045,0.10808,-0.0894
fx66a175,50000,0.0,10.5,0.6619,0.13389,0.11249,-0.0886
fx66a175,50000,0.0,11.0,0.6987,0.13967,0.11759,-0.09
fx66a175,50000,0.0,11.5,0.7199,0.14678,0.1234,-0.0912
fx66a175,50000,0.0,12.0,0.7349,0.14949,0.12828,-0.0912
fx66a175,50000,0.0,12.5,0.8125,0.16731,0.13619,-0.0965
fx66a175,50000,0.0,13.0,0.7682,0.15993,0.1404,-0.093
fx66a175,50000,0.0,13.5,0.8437,0.17874,0.14831,-0.0976
fx66a175,50000,0.0,14.0,0.801,0.17118,0.15422,-0.0957
fx66a175,50000,0.0,14.5,0.8651,0.18924,0.162,-0.099
fx66a175,50000,0.0,15.0,0.8354,0.18335,0.16971,-0.099
fx66a175,100000,0.0,-5.0,-0.0611,0.02409,0.00851,-0.0993
fx66a175,100000,0.0,-4.5,-0.0315,0.02535,0.01261,-0.0932
fx66a175,100000,0.0,-4.0,0.0121,0.02828,0.01576,-0.0875
fx66a175,100000,0.0,-3.5,0.0527,0.02966,0.01758,-0.0815
fx66a175,100000,0.0,-3.0,0.0993,0.03018,0.0177,-0.0799
fx66a175,100000,0.0,-2.5,0.1388,0.03055,0.01841,-0.0773
fx66a175,100000,0.0,-2.0,0.1853,0.03099,0.01874,-0.079
fx66a175,100000,0.0,-1.5,0.2265,0.03116,0.01942,-0.0779
fx66a175,100000,0.0,-1.0,0.2784,0.03121,0.01938,-0.0787
fx66a175,100000,0.0,-0.5,0.3318,0.03181,0.0193,-0.0798
fx66a175,100000,0.0,0.0,0.3685,0.03372,0.02113,-0.0806
fx66a175,100000,0.0,0.5,0.3872,0.03657,0.02431,-0.0798
fx66a175,100000,0.0,1.0,0.4117,0.03934,0.02694,-0.0795
fx66a175,100000,0.0,1.5,0.435,0.04273,0.02995,-0.0798
fx66a175,100000,0.0,2.0,0.4706,0.04545,0.03215,-0.0805
fx66a175,100000,0.0,2.5,0.536,0.04622,0.03217,-0.0822
fx66a175,100000,0.0,3.0,0.5746,0.04968,0.03403,-0.0823
fx66a175,100000,0.0,3.5,0.5651,0.05726,0.04058,-0.0822
fx66a175,100000,0.0,4.5,0.4431,0.0771,0.06135,-0.0824
fx66a175,100000,0.0,5.0,0.5136,0.08181,0.06365,-0.0855
fx66a175,100000,0.0,5.5,0.4749,0.08332,0.06734,-0.0809
fx66a175,100000,0.0,6.0,0.5233,0.08647,0.06987,-0.082
fx66a175,100000,0.0,6.5,0.5858,0.0907,0.07226,-0.0838
fx66a175,100000,0.0,7.0,0.5558,0.09303,0.07619,-0.0809
fx66a175,100000,0.0,7.5,0.6074,0.09697,0.0791,-0.0833
fx66a175,100000,0.0,8.0,0.6861,0.10286,0.08155,-0.0869
fx66a175,100000,0.0,8.5,0.6389,0.10547,0.0869,-0.0837
fx66a175,100000,0.0,9.0,0.6869,0.1096,0.08975,-0.0848
fx66a175,100000,0.0,9.5,0.7604,0.11615,0.09231,-0.0872
fx66a175,100000,0.0,10.0,0.7088,0.11853,0.09858,-0.0846
fx66a175,100000,0.0,10.5,0.7717,0.12311,0.1006,-0.0857
fx66a175,100000,0.0,11.0,0.8496,0.13357,0.10334,-0.0882
fx66a175,100000,0.0,11.5,0.7878,0.13201,0.11034,-0.0857
fx66a175,100000,0.0,12.0,0.8919,0.14083,0.10987,-0.0871
fx66a175,100000,0.0,12.5,0.8269,0.14093,0.11917,-0.0863
fx66a175,100000,0.0,13.0,0.9269,0.12904,0.10336,-0.0794
fx66a175,100000,0.0,14.0,1.0401,0.11021,0.0746,-0.0669
fx66a175,100000,0.0,14.5,1.044,0.11646,0.08037,-0.0675
fx66a175,100000,0.0,15.0,1.062,0.11958,0.08221,-0.0665
fx66a175,200000,0.0,-5.0,-0.06,0.01858,0.00421,-0.0964
fx66a175,200000,0.0,-4.5,-0.0266,0.01521,0.00363,-0.0949
fx66a175,200000,0.0,-4.0,0.0286,0.01651,0.0052,-0.0937
fx66a175,200000,0.0,-3.5,0.0825,0.01812,0.00691,-0.0919
fx66a175,200000,0.0,-3.0,0.1346,0.0192,0.00806,-0.0906
fx66a175,200000,0.0,-2.5,0.189,0.01954,0.00835,-0.0904
fx66a175,200000,0.0,-2.0,0.2415,0.01926,0.00859,-0.0902
fx66a175,200000,0.0,-1.5,0.2956,0.0193,0.0087,-0.0903
fx66a175,200000,0.0,-1.0,0.351,0.01931,0.00867,-0.0909
fx66a175,200000,0.0,-0.5,0.407,0.01952,0.00859,-0.0915
fx66a175,200000,0.0,0.0,0.4596,0.02009,0.00881,-0.0919
fx66a175,200000,0.0,0.5,0.5126,0.02007,0.00916,-0.0922
fx66a175,200000,0.0,1.0,0.5654,0.02025,0.00951,-0.0924
fx66a175,200000,0.0,1.5,0.6183,0.02051,0.0098,-0.0926
fx66a175,200000,0.0,2.0,0.6714,0.02091,0.01015,-0.0929
fx66a175,200000,0.0,2.5,0.725,0.02136,0.01046,-0.0933
fx66a175,200000,0.0,3.0,0.7788,0.02194,0.01077,-0.0937
fx66a175,200000,0.0,3.5,0.8301,0.02287,0.0113,-0.094
fx66a175,200000,0.0,4.0,0.8738,0.02459,0.01251,-0.0934
fx66a175,200000,0.0,4.5,0.9191,0.02558,0.01359,-0.0929
fx66a175,200000,0.0,5.0,0.9602,0.02703,0.015,-0.0921
fx66a175,200000,0.0,5.5,0.9969,0.02881,0.01667,-0.0909
fx66a175,200000,0.0,6.0,1.0324,0.03067,0.0183,-0.0897
fx66a175,200000,0.0,7.0,1.121,0.03264,0.01954,-0.0883
fx66a175,200000,0.0,7.5,1.2353,0.02326,0.01004,-0.0911
fx66a175,200000,0.0,8.0,1.3045,0.01902,0.00483,-0.0913
fx66a175,200000,0.0,8.5,1.293,0.01988,0.00274,-0.0808
fx66a175,200000,0.0,9.0,1.2372,0.02615,0.00662,-0.0703
fx66a175,200000,0.0,9.5,1.1867,0.03573,0.01374,-0.0679
fx66a175,200000,0.0,10.0,1.1387,0.04602,0.02184,-0.0666
fx66a175,200000,0.0,10.5,1.1135,0.05409,0.02801,-0.0655
fx66a175,200000,0.0,11.0,1.1088,0.06035,0.03266,-0.0649
fx66a175,200000,0.0,11.5,1.1052,0.06678,0.03747,-0.0645
fx66a175,200000,0.0,12.0,1.0998,0.07376,0.04291,-0.0645
fx66a175,200000,0.0,12.5,1.0911,0.08137,0.04913,-0.0648
fx66a175,200000,0.0,13.0,1.0836,0.08873,0.0552,-0.065
fx66a175,200000,0.0,13.5,1.0848,0.09466,0.05963,-0.0646
fx66a175,200000,0.0,14.0,1.1003,0.09813,0.06121,-0.0631
fx66a175,200000,0.0,14.5,1.1263,0.10006,0.06109,-0.061
fx66a175,200000,0.0,15.0,1.1552,0.10186,0.06101,-0.0591
fx66a175,500000,0.0,-5.0,-0.0642,0.01341,0.00127,-0.095
fx66a175,500000,0.0,-4.5,-0.012,0.01246,0.00087,-0.0947
fx66a175,500000,0.0,-4.0,0.0307,0.01006,0.00026,-0.0943
fx66a175,500000,0.0,-3.5,0.0869,0.01023,0.00079,-0.0943
fx66a175,500000,0.0,-3.0,0.1442,0.0106,0.00116,-0.0945
fx66a175,500000,0.0,-2.5,0.2003,0.01116,0.00187,-0.0943
fx66a175,500000,0.0,-2.0,0.2566,0.01156,0.0024,-0.0945
fx66a175,500000,0.0,-1.5,0.3135,0.01153,0.00248,-0.0948
fx66a175,500000,0.0,-1.0,0.3703,0.01158,0.00258,-0.0951
fx66a175,500000,0.0,-0.5,0.4271,0.01162,0.00263,-0.0955
fx66a175,500000,0.0,0.0,0.4837,0.01161,0.00261,-0.096
fx66a175,500000,0.0,0.5,0.5402,0.01162,0.00257,-0.0964
fx66a175,500000,0.0,1.0,0.5963,0.01176,0.00258,-0.0967
fx66a175,500000,0.0,1.5,0.6521,0.01212,0.00279,-0.0973
fx66a175,500000,0.0,2.0,0.7081,0.01209,0.00284,-0.0978
fx66a175,500000,0.0,2.5,0.7639,0.01214,0.00292,-0.0981
fx66a175,500000,0.0,3.0,0.8195,0.01228,0.00302,-0.0985
fx66a175,500000,0.0,3.5,0.875,0.01246,0.00313,-0.0989
fx66a175,500000,0.0,4.0,0.9302,0.01267,0.00324,-0.0992
fx66a175,500000,0.0,4.5,0.9852,0.01293,0.00335,-0.0996
fx66a175,500000,0.0,5.0,1.0401,0.01322,0.00345,-0.0999
fx66a175,500000,0.0,5.5,1.0942,0.01333,0.00342,-0.1001
fx66a175,500000,0.0,6.0,1.1459,0.01258,0.00221,-0.0994
fx66a175,500000,0.0,6.5,1.1976,0.01243,0.00163,-0.0989
fx66a175,500000,0.0,7.0,1.2428,0.01261,0.00098,-0.0975
fx66a175,500000,0.0,7.5,1.2177,0.01709,0.00301,-0.0862
fx66a175,500000,0.0,8.0,1.1659,0.02265,0.00639,-0.0736
fx66a175,500000,0.0,9.5,1.179,0.03605,0.01562,-0.0697
fx66a175,500000,0.0,10.0,1.1714,0.04239,0.02023,-0.0688
fx66a175,500000,0.0,10.5,1.159,0.0491,0.02526,-0.0678
fx66a175,500000,0.0,11.0,1.1449,0.05627,0.03077,-0.067
fx66a175,500000,0.0,11.5,1.1319,0.06369,0.03655,-0.0665
fx66a175,500000,0.0,13.0,1.1289,0.08259,0.05097,-0.0659
fx66a175,500000,0.0,13.5,1.1411,0.08716,0.05421,-0.0656
fx66a175,500000,0.0,14.0,1.1566,0.09124,0.05678,-0.065
fx66a175,1000000,0.0,-5.0,-0.062,0.011,0.00027,-0.0956
fx66a175,1000000,0.0,-4.5,-0.0074,0.01045,7e-05,-0.0956
fx66a175,1000000,0.0,-4.0,0.0444,0.00944,-0.00022,-0.0955
fx66a175,1000000,0.0,-3.5,0.093,0.00799,-0.00057,-0.0953
fx66a175,1000000,0.0,-3.0,0.1491,0.00787,-0.00031,-0.0956
fx66a175,1000000,0.0,-2.5,0.2061,0.00794,-0.0001,-0.0959
fx66a175,1000000,0.0,-2.0,0.2634,0.0082,0.0002,-0.0962
fx66a175,1000000,0.0,-1.5,0.32,0.00846,0.0006,-0.0964
fx66a175,1000000,0.0,-1.0,0.3778,0.00845,0.00065,-0.0969
fx66a175,1000000,0.0,-0.5,0.4355,0.0085,0.00074,-0.0974
fx66a175,1000000,0.0,0.0,0.4929,0.00855,0.0008,-0.0979
fx66a175,1000000,0.0,0.5,0.5502,0.00859,0.00083,-0.0984
fx66a175,1000000,0.0,1.0,0.607,0.00865,0.00085,-0.0988
fx66a175,1000000,0.0,1.5,0.6633,0.00876,0.00088,-0.0992
fx66a175,1000000,0.0,2.0,0.7189,0.00894,0.00095,-0.0994
fx66a175,1000000,0.0,2.5,0.7746,0.00909,0.00104,-0.0998
fx66a175,1000000,0.0,3.0,0.8312,0.0091,0.00104,-0.1003
fx66a175,1000000,0.0,3.5,0.8876,0.00917,0.00106,-0.1008
fx66a175,1000000,0.0,4.0,0.9438,0.00927,0.00108,-0.1012
fx66a175,1000000,0.0,4.5,0.9998,0.0094,0.00111,-0.1017
fx66a175,1000000,0.0,5.0,1.0549,0.00932,0.00074,-0.1018
fx66a175,1000000,0.0,5.5,1.1091,0.00949,0.00061,-0.102
fx66a175,1000000,0.0,6.5,1.2031,0.01071,0.00053,-0.1001
fx66a175,1000000,0.0,7.0,1.156,0.01672,0.00376,-0.085
fx66a175,1000000,0.0,7.5,1.1882,0.01769,0.00399,-0.0819
fx66a175,1000000,0.0,8.0,1.2177,0.0189,0.00434,-0.0788
fx66a175,1000000,0.0,9.0,1.2515,0.02352,0.00661,-0.0724
fx66a175,1000000,0.0,9.5,1.2564,0.02812,0.00956,-0.0712
fx66a175,1000000,0.0,10.0,1.2521,0.03416,0.01375,-0.0705
fx66a175,1000000,0.0,11.0,1.2218,0.04764,0.02422,-0.0683
fx66a175,1000000,0.0,11.5,1.2024,0.05535,0.03007,-0.0673
fx66a175,1000000,0.0,12.0,1.1868,0.06296,0.03584,-0.0667
fx66a175,1000000,0.0,12.5,1.1711,0.07066,0.04154,-0.0659
lrn1015,50000,0.0,-5.0,-0.5173,0.10282,0.08213,0.0176
lrn1015,50000,0.0,-3.0,-0.5178,0.07222,0.05036,0.0062
lrn1015,50000,0.0,-2.5,-0.3287,0.04904,0.02259,-0.0377
lrn1015,50000,0.0,-2.0,-0.2782,0.04633,0.01962,-0.0377
lrn1015,50000,0.0,-1.5,-0.2305,0.04536,0.01796,-0.037
lrn1015,50000,0.0,-1.0,-0.183,0.04382,0.01734,-0.0355
lrn1015,50000,0.0,-0.5,-0.1358,0.04395,0.01761,-0.0347
lrn1015,50000,0.0,0.0,-0.09,0.04475,0.01827,-0.0355
lrn1015,50000,0.0,0.5,-0.0702,0.04213,0.01832,-0.0264
lrn1015,50000,0.0,1.0,-0.0297,0.04415,0.02008,-0.0271
lrn1015,50000,0.0,1.5,0.0091,0.04638,0.02231,-0.028
lrn1015,50000,0.0,2.0,0.0466,0.04882,0.02481,-0.0289
lrn1015,50000,0.0,4.0,0.2928,0.06636,0.04288,-0.0514
lrn1015,50000,0.0,4.5,0.3473,0.07078,0.04725,-0.0551
lrn1015,50000,0.0,5.0,0.3964,0.0753,0.05151,-0.0579
lrn1015,50000,0.0,6.0,0.5315,0.08782,0.06032,-0.0668
lrn1015,50000,0.0,6.5,0.563,0.08284,0.05776,-0.0608
lrn1015,50000,0.0,7.0,0.6136,0.08468,0.05893,-0.061
lrn1015,50000,0.0,7.5,0.6644,0.0865,0.06007,-0.0611
lrn1015,50000,0.0,8.0,0.7381,0.08714,0.05955,-0.0619
lrn1015,50000,0.0,8.5,0.7967,0.08702,0.05842,-0.0611
lrn1015,50000,0.0,9.0,0.808,0.09051,0.06169,-0.0593
lrn1015,50000,0.0,9.5,0.8195,0.09532,0.06604,-0.0583
lrn1015,50000,0.0,10.5,0.9535,0.09094,0.05937,-0.0534
lrn1015,50000,0.0,11.0,0.9128,0.10335,0.07196,-0.0541
lrn1015,50000,0.0,11.5,0.9109,0.11115,0.07959,-0.0542
lrn1015,50000,0.0,12.5,0.8997,0.12967,0.09894,-0.0571
lrn1015,50000,0.0,13.0,1.0025,0.12024,0.08496,-0.0494
lrn1015,50000,0.0,13.5,0.9168,0.14599,0.11558,-0.0599
lrn1015,50000,0.0,14.0,0.9037,0.16004,0.1316,-0.0649
lrn1015,50000,0.0,15.0,1.2674,0.09396,0.04913,-0.0314
lrn1015,100000,0.0,-5.0,-0.3352,0.07074,0.04805,-0.0698
lrn1015,100000,0.0,-4.5,-0.48,0.07284,0.05093,-0.038
lrn1015,100000,0.0,-4.0,-0.429,0.06656,0.04476,-0.0441
lrn1015,100000,0.0,-2.5,-0.1984,0.04537,0.02073,-0.0574
lrn1015,100000,0.0,-2.0,-0.1236,0.04407,0.01935,-0.0605
lrn1015,100000,0.0,-1.5,-0.0667,0.04391,0.01958,-0.0616
lrn1015,100000,0.0,-1.0,-0.0111,0.04366,0.02017,-0.0625
lrn1015,100000,0.0,-0.5,0.0631,0.04564,0.02176,-0.067
lrn1015,100000,0.0,0.0,0.0602,0.04271,0.02237,-0.0533
lrn1015,100000,0.0,0.5,0.134,0.04559,0.02464,-0.0582
lrn1015,100000,0.0,1.0,0.2008,0.04734,0.02684,-0.0616
lrn1015,100000,0.0,1.5,0.2651,0.04682,0.02692,-0.0615
lrn1015,100000,0.0,2.0,0.3325,0.04745,0.02761,-0.063
lrn1015,100000,0.0,2.5,0.4087,0.04852,0.02874,-0.0663
lrn1015,100000,0.0,3.0,0.4385,0.04973,0.03,-0.0644
lrn1015,100000,0.0,3.5,0.5151,0.0502,0.03048,-0.0671
lrn1015,100000,0.0,4.5,0.6162,0.05146,0.03159,-0.0668
lrn1015,100000,0.0,5.0,0.7158,0.05016,0.02951,-0.0701
lrn1015,100000,0.0,5.5,0.7188,0.05186,0.03146,-0.0659
lrn1015,100000,0.0,6.0,0.8144,0.04911,0.02826,-0.0679
lrn1015,100000,0.0,7.0,0.9199,0.04688,0.0252,-0.0654
lrn1015,100000,0.0,8.0,1.0391,0.04213,0.01973,-0.0624
lrn1015,100000,0.0,8.5,1.0887,0.04054,0.01755,-0.0603
lrn1015,100000,0.0,9.0,1.2035,0.03322,0.01016,-0.0613
lrn1015,100000,0.0,9.5,1.2504,0.03246,0.00808,-0.0587
lrn1015,100000,0.0,10.0,1.279,0.03357,0.00726,-0.0552
lrn1015,100000,0.0,10.5,1.2778,0.03704,0.0088,-0.0508
lrn1015,100000,0.0,11.0,1.2662,0.04137,0.01089,-0.0464
lrn1015,100000,0.0,11.5,1.2666,0.04544,0.01298,-0.0435
lrn1015,100000,0.0,12.0,1.2797,0.04892,0.01489,-0.0417
lrn1015,100000,0.0,12.5,1.2939,0.0524,0.0167,-0.04
lrn1015,100000,0.0,13.0,1.3041,0.05641,0.01898,-0.0386
lrn1015,100000,0.0,13.5,1.3179,0.06033,0.02133,-0.0376
lrn1015,100000,0.0,14.0,1.3255,0.06493,0.02421,-0.0368
lrn1015,100000,0.0,14.5,1.3323,0.06991,0.02768,-0.0364
lrn1015,100000,0.0,15.0,1.3274,0.07649,0.03258,-0.0367
lrn1015,200000,0.0,-5.0,-0.0074,0.03487,0.01317,-0.1089
lrn1015,200000,0.0,-4.5,0.0291,0.03184,0.00902,-0.1049
lrn1015,200000,0.0,-4.0,0.0689,0.02951,0.00731,-0.1024
lrn1015,200000,0.0,-3.5,0.1152,0.02807,0.00618,-0.1006
lrn1015,200000,0.0,-3.0,0.1655,0.02597,0.00529,-0.0995
lrn1015,200000,0.0,-2.5,0.2207,0.02555,0.00502,-0.0992
lrn1015,200000,0.0,-2.0,0.2596,0.02622,0.0056,-0.0972
lrn1015,200000,0.0,-1.5,0.2627,0.02771,0.00788,-0.0919
lrn1015,200000,0.0,-1.0,0.2796,0.02583,0.00909,-0.0836
lrn1015,200000,0.0,-0.5,0.2974,0.02613,0.00969,-0.0731
lrn1015,200000,0.0,0.0,0.3725,0.02622,0.01029,-0.0737
lrn1015,200000,0.0,0.5,0.4751,0.02623,0.01083,-0.0825
lrn1015,200000,0.0,1.5,0.5081,0.02892,0.01373,-0.0764
lrn1015,200000,0.0,2.0,0.5817,0.02825,0.01351,-0.0789
lrn1015,200000,0.0,2.5,0.6575,0.02722,0.01281,-0.0812
lrn1015,200000,0.0,3.0,0.7355,0.02599,0.01169,-0.0835
lrn1015,200000,0.0,3.5,0.7187,0.02906,0.0144,-0.077
lrn1015,200000,0.0,4.0,0.8,0.02724,0.01291,-0.0794
lrn1015,200000,0.0,4.5,0.89,0.02462,0.01075,-0.0826
lrn1015,200000,0.0,5.0,0.9759,0.02225,0.0087,-0.0856
lrn1015,200000,0.0,5.5,0.9814,0.02421,0.00965,-0.08
lrn1015,200000,0.0,6.0,1.065,0.02147,0.00709,-0.0823
lrn1015,200000,0.0,6.5,1.1592,0.01862,0.00449,-0.0864
lrn1015,200000,0.0,7.0,1.1843,0.01881,0.00392,-0.0818
lrn1015,200000,0.0,7.5,1.2392,0.0179,0.00254,-0.0809
lrn1015,200000,0.0,8.0,1.2693,0.01813,0.00118,-0.0767
lrn1015,200000,0.0,8.5,1.2539,0.02165,0.00219,-0.069
lrn1015,200000,0.0,9.0,1.2408,0.02571,0.00405,-0.0629
lrn1015,200000,0.0,9.5,1.2404,0.02929,0.00582,-0.0585
lrn1015,200000,0.0,10.0,1.2515,0.03233,0.00731,-0.0554
lrn1015,200000,0.0,10.5,1.2679,0.03508,0.00862,-0.053
lrn1015,200000,0.0,11.0,1.2786,0.03843,0.0102,-0.0505
lrn1015,200000,0.0,11.5,1.2926,0.04179,0.01186,-0.0485
lrn1015,200000,0.0,12.0,1.3094,0.045,0.01342,-0.0469
lrn1015,200000,0.0,12.5,1.3243,0.04851,0.01524,-0.0454
lrn1015,200000,0.0,13.0,1.3352,0.05253,0.01748,-0.044
lrn1015,200000,0.0,13.5,1.3439,0.05693,0.01998,-0.0428
lrn1015,200000,0.0,14.0,1.3446,0.06239,0.02357,-0.0417
lrn1015,200000,0.0,14.5,1.3434,0.06828,0.02782,-0.0408
lrn1015,200000,0.0,15.0,1.3455,0.07405,0.03193,-0.0405
lrn1015,500000,0.0,-5.0,0.0344,0.01789,-0.00308,-0.1044
lrn1015,500000,0.0,-4.5,0.0868,0.01736,-0.0026,-0.1046
lrn1015,500000,0.0,-4.0,0.1383,0.01536,-0.00402,-0.1035
lrn1015,500000,0.0,-3.5,0.1852,0.015,-0.00424,-0.1022
lrn1015,500000,0.0,-3.0,0.2388,0.01454,-0.00398,-0.1022
lrn1015,500000,0.0,-2.5,0.2901,0.01364,-0.00393,-0.1017
lrn1015,500000,0.0,-2.0,0.3436,0.01327,-0.00345,-0.1016
lrn1015,500000,0.0,-1.5,0.3852,0.01102,-0.00324,-0.1006
lrn1015,500000,0.0,-1.0,0.4317,0.01079,-0.00214,-0.0984
lrn1015,500000,0.0,-0.5,0.4798,0.01112,-0.00109,-0.0962
lrn1015,500000,0.0,0.0,0.5312,0.01119,-0.00044,-0.095
lrn1015,500000,0.0,0.5,0.5863,0.01113,-0.0,-0.0948
lrn1015,500000,0.0,1.0,0.6435,0.011,0.00026,-0.0952
lrn1015,500000,0.0,1.5,0.695,0.01115,0.00055,-0.0945
lrn1015,500000,0.0,2.0,0.7506,0.01078,0.00065,-0.0946
lrn1015,500000,0.0,2.5,0.8065,0.01049,0.00072,-0.0949
lrn1015,500000,0.0,3.0,0.8625,0.01006,0.00056,-0.0949
lrn1015,500000,0.0,3.5,0.9197,0.00979,0.00033,-0.0953
lrn1015,500000,0.0,4.0,0.9737,0.00972,0.00022,-0.0952
lrn1015,500000,0.0,4.5,1.0248,0.00953,9e-05,-0.0945
lrn1015,500000,0.0,5.0,1.0779,0.0093,-0.00039,-0.0942
lrn1015,500000,0.0,5.5,1.115,0.00956,-0.00134,-0.0909
lrn1015,500000,0.0,6.0,1.119,0.01208,-0.00066,-0.084
lrn1015,500000,0.0,6.5,1.127,0.01427,0.00018,-0.0783
lrn1015,500000,0.0,7.0,1.143,0.01671,0.00132,-0.075
lrn1015,500000,0.0,7.5,1.163,0.01896,0.00237,-0.0721
lrn1015,500000,0.0,8.0,1.2015,0.02007,0.00286,-0.071
lrn1015,500000,0.0,8.5,1.217,0.0226,0.00402,-0.0677
lrn1015,500000,0.0,9.0,1.2347,0.02502,0.00509,-0.0647
lrn1015,500000,0.0,9.5,1.252,0.02753,0.00623,-0.0619
lrn1015,500000,0.0,10.0,1.2699,0.03008,0.00741,-0.0593
lrn1015,500000,0.0,10.5,1.2894,0.03259,0.00852,-0.0569
lrn1015,500000,0.0,11.0,1.2915,0.03662,0.01068,-0.0536
lrn1015,500000,0.0,11.5,1.2907,0.0412,0.01346,-0.0503
lrn1015,500000,0.0,12.0,1.3144,0.04388,0.01467,-0.049
lrn1015,500000,0.0,12.5,1.3344,0.04704,0.01629,-0.0478
lrn1015,500000,0.0,13.0,1.3551,0.05011,0.01775,-0.0467
lrn1015,500000,0.0,13.5,1.3759,0.05327,0.0192,-0.0457
lrn1015,500000,0.0,14.0,1.3924,0.05701,0.02127,-0.0449
lrn1015,500000,0.0,14.5,1.4064,0.06118,0.02362,-0.0442
lrn1015,500000,0.0,15.0,1.4198,0.06543,0.026,-0.0436
lrn1015,1000000,0.0,-5.0,0.0412,0.01242,-0.00776,-0.104
lrn1015,1000000,0.0,-4.5,0.0939,0.01153,-0.00776,-0.1038
lrn1015,1000000,0.0,-4.0,0.1481,0.01094,-0.00748,-0.1038
lrn1015,1000000,0.0,-3.5,0.1999,0.00992,-0.00758,-0.1034
lrn1015,1000000,0.0,-3.0,0.2552,0.00959,-0.00722,-0.1036
lrn1015,1000000,0.0,-2.5,0.3106,0.00928,-0.00669,-0.1039
lrn1015,1000000,0.0,-2.0,0.3661,0.00908,-0.00616,-0.1041
lrn1015,1000000,0.0,-1.5,0.4195,0.00884,-0.00562,-0.1042
lrn1015,1000000,0.0,-1.0,0.4623,0.00687,-0.00514,-0.1031
lrn1015,1000000,0.0,-0.5,0.5159,0.00676,-0.00431,-0.1027
lrn1015,1000000,0.0,0.0,0.5712,0.00682,-0.0036,-0.1025
lrn1015,1000000,0.0,0.5,0.6287,0.00678,-0.00315,-0.103
lrn1015,1000000,0.0,1.0,0.6857,0.0066,-0.00285,-0.1033
lrn1015,1000000,0.0,1.5,0.7421,0.00659,-0.00253,-0.1036
lrn1015,1000000,0.0,2.0,0.7983,0.00676,-0.00219,-0.104
lrn1015,1000000,0.0,2.5,0.855,0.00671,-0.00192,-0.1046
lrn1015,1000000,0.0,3.0,0.9111,0.00666,-0.00176,-0.1049
lrn1015,1000000,0.0,3.5,0.9664,0.00668,-0.00169,-0.1051
lrn1015,1000000,0.0,4.0,1.0198,0.00682,-0.00162,-0.105
lrn1015,1000000,0.0,5.0,1.067,0.00954,-0.00107,-0.0942
lrn1015,1000000,0.0,5.5,1.0715,0.01145,-0.00041,-0.086
lrn1015,1000000,0.0,6.0,1.0825,0.01293,0.00012,-0.0792
lrn1015,1000000,0.0,6.5,1.1023,0.01452,0.00085,-0.0752
lrn1015,1000000,0.0,7.0,1.1358,0.01646,0.0018,-0.0747
lrn1015,1000000,0.0,8.0,1.2067,0.01908,0.00291,-0.072
lrn1015,1000000,0.0,8.5,1.2238,0.02146,0.00398,-0.0687
lrn1015,1000000,0.0,9.0,1.2434,0.02374,0.00501,-0.0658
lrn1015,1000000,0.0,9.5,1.2638,0.02599,0.006,-0.0631
lrn1015,1000000,0.0,10.0,1.264,0.02974,0.0081,-0.0587
lrn1015,1000000,0.0,10.5,1.2928,0.03159,0.00882,-0.0571
lrn1015,1000000,0.0,11.0,1.3208,0.03359,0.00946,-0.0555
lrn1015,1000000,0.0,11.5,1.3438,0.0361,0.01058,-0.0539
lrn1015,1000000,0.0,12.0,1.3692,0.03849,0.01153,-0.0525
lrn1015,1000000,0.0,12.5,1.3948,0.04091,0.01243,-0.0512
lrn1015,1000000,0.0,13.0,1.4184,0.04357,0.0135,-0.0499
lrn1015,1000000,0.0,13.5,1.4348,0.04706,0.01536,-0.0486
lrn1015,1000000,0.0,14.0,1.4546,0.05019,0.01674,-0.0474
lrn1015,1000000,0.0,14.5,1.4716,0.05366,0.01835,-0.0463
lrn1015,1000000,0.0,15.0,1.4795,0.05841,0.02113,-0.0453
goe563,50000,0.0,-5.0,-0.3558,0.07123,0.04571,0.0121
goe563,50000,0.0,-4.5,-0.3844,0.06894,0.04394,0.023
goe563,50000,0.0,-4.0,-0.4231,0.04565,0.01969,-0.0147
goe563,50000,0.0,-3.5,-0.3891,0.04097,0.01359,-0.0135
goe563,50000,0.0,-3.0,-0.3602,0.03571,0.00916,-0.0114
goe563,50000,0.0,-2.5,-0.3267,0.03189,0.00541,-0.0089
goe563,50000,0.0,-2.0,-0.2909,0.02905,0.00243,-0.0062
goe563,50000,0.0,-1.5,-0.2533,0.027,0.00022,-0.0035
goe563,50000,0.0,-1.0,-0.2122,0.02562,-0.00143,-0.0011
goe563,50000,0.0,-0.5,-0.1018,0.02187,-0.00284,-0.0101
goe563,50000,0.0,0.0,-0.0745,0.02253,-0.0025,-0.0071
goe563,50000,0.0,0.5,-0.0475,0.02336,-0.00197,-0.0045
goe563,50000,0.0,1.0,-0.0208,0.02434,-0.00131,-0.0021
goe563,50000,0.0,1.5,0.0057,0.02548,-0.00053,0.0
goe563,50000,0.0,2.0,0.0536,0.02694,0.00093,-0.0023
goe563,50000,0.0,2.5,0.1755,0.03026,0.00399,-0.018
goe563,50000,0.0,3.0,0.2733,0.03239,0.00599,-0.028
goe563,50000,0.0,3.5,0.301,0.0327,0.00677,-0.025
goe563,50000,0.0,4.0,0.4238,0.03367,0.0078,-0.0364
goe563,50000,0.0,4.5,0.4798,0.03383,0.00805,-0.036
goe563,50000,0.0,5.0,0.6606,0.02944,0.00461,-0.0489
goe563,50000,0.0,5.5,0.7759,0.0243,-0.00059,-0.0495
goe563,50000,0.0,6.0,0.8205,0.02369,-0.00278,-0.0437
goe563,50000,0.0,6.5,0.8493,0.02494,-0.00337,-0.0376
goe563,50000,0.0,7.0,0.8684,0.0297,-0.00127,-0.0302
goe563,50000,0.0,7.5,0.9109,0.03562,0.00205,-0.0277
goe563,50000,0.0,8.0,0.9413,0.04131,0.00684,-0.0239
goe563,50000,0.0,8.5,0.954,0.04668,0.01137,-0.0186
goe563,50000,0.0,9.5,0.9708,0.05317,0.01346,-0.008
goe563,50000,0.0,10.0,0.9824,0.05845,0.01475,-0.0038
goe563,50000,0.0,10.5,0.9459,0.06381,0.01958,0.0052
goe563,50000,0.0,11.0,0.9043,0.07047,0.02569,0.0107
goe563,50000,0.0,11.5,0.862,0.07894,0.03373,0.0122
goe563,50000,0.0,12.0,0.8223,0.08986,0.04414,0.0099
goe563,50000,0.0,12.5,0.6962,0.12452,0.08758,-0.0143
goe563,50000,0.0,13.0,0.6888,0.13233,0.09692,-0.0177
goe563,50000,0.0,13.5,0.6864,0.14152,0.10739,-0.0209
goe563,50000,0.0,14.0,0.6822,0.15237,0.12011,-0.025
goe563,50000,0.0,14.5,0.6775,0.16566,0.13603,-0.0307
goe563,50000,0.0,15.0,0.6886,0.17322,0.14607,-0.0322
goe563,100000,0.0,-5.0,-0.4699,0.06053,0.03624,-0.0085
goe563,100000,0.0,-4.5,-0.449,0.05868,0.03202,-0.0064
goe563,100000,0.0,-4.0,-0.4128,0.06197,0.02871,-0.0031
goe563,100000,0.0,-3.5,-0.4042,0.03651,0.01057,-0.0105
goe563,100000,0.0,-3.0,-0.377,0.03099,0.00603,-0.0074
goe563,100000,0.0,-2.5,-0.34,0.02626,0.00113,-0.0049
goe563,100000,0.0,-2.0,-0.2709,0.02427,-0.00125,-0.0077
goe563,100000,0.0,-1.5,-0.2073,0.02314,-0.00212,-0.0101
goe563,100000,0.0,-1.0,-0.1383,0.02214,-0.00258,-0.0136
goe563,100000,0.0,0.0,-0.0311,0.01969,-0.00251,-0.0149
goe563,100000,0.0,0.5,0.1468,0.01997,-0.00039,-0.0395
goe563,100000,0.0,1.0,0.2653,0.01993,9e-05,-0.0516
goe563,100000,0.0,1.5,0.2732,0.02009,0.00034,-0.0433
goe563,100000,0.0,2.0,0.3247,0.02021,0.00061,-0.0431
goe563,100000,0.0,2.5,0.4121,0.01969,0.00047,-0.0486
goe563,100000,0.0,3.0,0.5584,0.01693,-0.0017,-0.062
goe563,100000,0.0,3.5,0.6145,0.01492,-0.00358,-0.0586
goe563,100000,0.0,4.0,0.6825,0.01407,-0.00508,-0.059
goe563,100000,0.0,4.5,0.7344,0.01413,-0.00609,-0.0572
goe563,100000,0.0,5.0,0.7751,0.0148,-0.0068,-0.0538
goe563,100000,0.0,5.5,0.8089,0.01591,-0.00725,-0.0497
goe563,100000,0.0,6.0,0.8389,0.01725,-0.00752,-0.0452
goe563,100000,0.0,6.5,0.848,0.0201,-0.00712,-0.0374
goe563,100000,0.0,7.0,0.8742,0.02345,-0.0055,-0.0319
goe563,100000,0.0,7.5,0.9115,0.02547,-0.00493,-0.029
goe563,100000,0.0,8.0,0.9377,0.02731,-0.00497,-0.0253
goe563,100000,0.0,8.5,0.9719,0.02944,-0.00442,-0.0221
goe563,100000,0.0,9.0,0.999,0.03383,-0.00306,-0.0188
goe563,100000,0.0,9.5,1.0192,0.0384,-0.00087,-0.013
goe563,100000,0.0,10.0,1.0132,0.04493,0.00378,-0.0046
goe563,100000,0.0,10.5,0.9838,0.05077,0.00844,0.0052
goe563,100000,0.0,11.0,0.9447,0.05688,0.01379,0.0129
goe563,100000,0.0,11.5,0.9009,0.06401,0.02052,0.0168
goe563,100000,0.0,12.0,0.8538,0.07294,0.02947,0.0163
goe563,100000,0.0,12.5,0.8043,0.08522,0.04248,0.0104
goe563,100000,0.0,13.0,0.756,0.103,0.06224,-0.0
goe563,100000,0.0,13.5,0.7258,0.12016,0.08142,-0.0081
goe563,100000,0.0,14.0,0.7101,0.13406,0.09628,-0.0133
goe563,100000,0.0,14.5,0.6859,0.15606,0.12513,-0.0228
goe563,100000,0.0,15.0,0.6907,0.16685,0.13664,-0.0257
goe563,200000,0.0,-5.0,-0.3936,0.05473,0.02446,-0.028
goe563,200000,0.0,-4.5,-0.3731,0.0383,0.01711,-0.0335
goe563,200000,0.0,-4.0,-0.3132,0.03413,0.01378,-0.0373
goe563,200000,0.0,-3.5,-0.2442,0.02234,-2e-05,-0.0392
goe563,200000,0.0,-3.0,-0.1692,0.01985,-0.00277,-0.0429
goe563,200000,0.0,-2.5,-0.1292,0.01836,-0.00332,-0.0397
goe563,200000,0.0,-2.0,-0.0661,0.01733,-0.00357,-0.0416
goe563,200000,0.0,-1.5,0.0099,0.01587,-0.00392,-0.0459
goe563,200000,0.0,0.0,0.2523,0.01146,-0.00544,-0.0575
goe563,200000,0.0,0.5,0.3081,0.01011,-0.00535,-0.0585
goe563,200000,0.0,1.0,0.3525,0.0091,-0.00515,-0.0561
goe563,200000,0.0,1.5,0.4871,0.00889,-0.00566,-0.0727
goe563,200000,0.0,2.0,0.5414,0.00888,-0.00613,-0.0723
goe563,200000,0.0,2.5,0.5841,0.00906,-0.00633,-0.07
goe563,200000,0.0,3.0,0.6262,0.00943,-0.00676,-0.0672
goe563,200000,0.0,3.5,0.6636,0.01007,-0.00714,-0.0638
goe563,200000,0.0,4.0,0.6974,0.01098,-0.00745,-0.0599
goe563,200000,0.0,4.5,0.732,0.01189,-0.00771,-0.0563
goe563,200000,0.0,5.0,0.7646,0.01305,-0.00794,-0.0525
goe563,200000,0.0,5.5,0.7914,0.01473,-0.00798,-0.0479
goe563,200000,0.0,6.0,0.8251,0.0161,-0.00797,-0.0442
goe563,200000,0.0,6.5,0.8588,0.01726,-0.00801,-0.0404
goe563,200000,0.0,7.0,0.8841,0.019,-0.00775,-0.0353
goe563,200000,0.0,7.5,0.9174,0.02013,-0.00786,-0.0318
goe563,200000,0.0,8.0,0.9495,0.02143,-0.00791,-0.0281
goe563,200000,0.0,8.5,0.9765,0.02269,-0.0081,-0.0236
goe563,200000,0.0,9.0,0.9927,0.02419,-0.00857,-0.0175
goe563,200000,0.0,9.5,1.0155,0.0311,-0.00566,-0.0128
goe563,200000,0.0,10.0,1.0154,0.03755,-0.00175,-0.0051
goe563,200000,0.0,10.5,0.9838,0.04427,0.00306,0.0051
goe563,200000,0.0,11.0,0.9362,0.05159,0.00892,0.0136
goe563,500000,0.0,-5.0,-0.2512,0.02596,0.00632,-0.0658
goe563,500000,0.0,-4.5,-0.192,0.02322,0.00392,-0.067
goe563,500000,0.0,-4.0,-0.1352,0.0194,0.00158,-0.068
goe563,500000,0.0,-3.5,-0.0872,0.01793,0.00094,-0.0671
goe563,500000,0.0,-3.0,-0.0378,0.01697,0.00017,-0.0663
goe563,500000,0.0,-2.5,0.014,0.01022,-0.00661,-0.0621
goe563,500000,0.0,-2.0,0.0648,0.00949,-0.00689,-0.0611
goe563,500000,0.0,-1.5,0.1157,0.00909,-0.00698,-0.0602
goe563,500000,0.0,-1.0,0.167,0.00892,-0.00693,-0.0595
goe563,500000,0.0,-0.5,0.2182,0.00892,-0.00684,-0.059
goe563,500000,0.0,0.0,0.2617,0.00948,-0.00675,-0.057
goe563,500000,0.0,1.0,0.3581,0.0102,-0.00656,-0.0552
goe563,500000,0.0,1.5,0.4091,0.01039,-0.00655,-0.0548
goe563,500000,0.0,2.0,0.4598,0.01035,-0.00662,-0.0545
goe563,500000,0.0,2.5,0.5053,0.01047,-0.00667,-0.0535
goe563,500000,0.0,3.0,0.5394,0.01142,-0.00643,-0.0508
goe563,500000,0.0,3.5,0.6302,0.01084,-0.00661,-0.059
goe563,500000,0.0,4.0,0.6801,0.01121,-0.0069,-0.0584
goe563,500000,0.0,4.5,0.724,0.01158,-0.00723,-0.0564
goe563,500000,0.0,5.0,0.7672,0.01201,-0.00758,-0.0544
goe563,500000,0.0,5.5,0.8089,0.01255,-0.00793,-0.052
goe563,500000,0.0,6.0,0.8488,0.0132,-0.00827,-0.0494
goe563,500000,0.0,6.5,0.8874,0.01391,-0.00862,-0.0465
goe563,500000,0.0,7.0,0.9239,0.01475,-0.00893,-0.0433
goe563,500000,0.0,7.5,0.9569,0.01581,-0.00915,-0.0395
goe563,500000,0.0,8.0,0.9807,0.01762,-0.0089,-0.0342
goe563,500000,0.0,8.5,1.0339,0.01675,-0.01104,-0.0348
goe563,500000,0.0,9.0,1.0534,0.01793,-0.01266,-0.0287
goe563,500000,0.0,9.5,1.0402,0.02153,-0.01183,-0.0167
goe563,500000,0.0,10.0,1.0553,0.02425,-0.01158,-0.0102
goe563,1000000,0.0,-5.0,-0.2234,0.01448,0.00352,-0.0617
ag37,50000,0.0,-5.0,-0.2622,0.03222,0.01747,-0.039
ag37,50000,0.0,-4.5,-0.2085,0.02736,0.01227,-0.0378
ag37,50000,0.0,-4.0,-0.1566,0.02378,0.00904,-0.0361
ag37,50000,0.0,-3.5,-0.1032,0.02082,0.00659,-0.0342
ag37,50000,0.0,-3.0,-0.0443,0.01549,0.00427,-0.0311
ag37,50000,0.0,-2.5,0.0008,0.01563,0.00388,-0.0295
ag37,50000,0.0,-2.0,0.0454,0.01591,0.00385,-0.0282
ag37,50000,0.0,-1.5,0.0889,0.01638,0.00411,-0.0272
ag37,50000,0.0,-1.0,0.1304,0.01711,0.0047,-0.0265
ag37,50000,0.0,-0.5,0.168,0.0183,0.00578,-0.0264
ag37,50000,0.0,0.0,0.2008,0.02013,0.00751,-0.0272
ag37,50000,0.0,0.5,0.3427,0.02167,0.00911,-0.0464
ag37,50000,0.0,1.0,0.4609,0.02206,0.00963,-0.0584
ag37,50000,0.0,1.5,0.5551,0.02184,0.00947,-0.0633
ag37,50000,0.0,2.0,0.6218,0.02197,0.00951,-0.0624
ag37,50000,0.0,2.5,0.6744,0.02253,0.00984,-0.0591
ag37,50000,0.0,3.0,0.7218,0.02335,0.01038,-0.0553
ag37,50000,0.0,3.5,0.7701,0.02414,0.0107,-0.0514
ag37,50000,0.0,4.0,0.8158,0.02552,0.01157,-0.0478
ag37,50000,0.0,4.5,0.8603,0.02683,0.01225,-0.0439
ag37,50000,0.0,5.0,0.9034,0.02759,0.01216,-0.0397
ag37,50000,0.0,5.5,0.9434,0.02882,0.01204,-0.0355
ag37,50000,0.0,6.0,0.9806,0.03173,0.01353,-0.0318
ag37,50000,0.0,6.5,1.0209,0.03594,0.01635,-0.0292
ag37,50000,0.0,7.0,1.0602,0.04119,0.02049,-0.027
ag37,50000,0.0,7.5,1.0935,0.04756,0.02566,-0.0247
ag37,50000,0.0,8.0,1.1012,0.0569,0.03524,-0.0216
ag37,50000,0.0,8.5,1.1089,0.06556,0.04274,-0.0195
ag37,50000,0.0,9.0,1.0845,0.07685,0.05367,-0.0182
ag37,50000,0.0,9.5,0.9875,0.09523,0.07345,-0.0258
ag37,50000,0.0,10.5,0.7148,0.14997,0.11512,-0.0541
ag37,50000,0.0,11.0,0.7108,0.15718,0.12171,-0.0544
ag37,50000,0.0,11.5,0.6953,0.16207,0.12713,-0.0545
ag37,50000,0.0,12.0,0.6885,0.16709,0.1332,-0.0549
ag37,50000,0.0,12.5,0.6914,0.17312,0.14003,-0.0553
ag37,50000,0.0,13.0,0.688,0.17749,0.14631,-0.0559
ag37,50000,0.0,13.5,0.6917,0.18318,0.15337,-0.0566
ag37,50000,0.0,14.5,0.6868,0.19124,0.16734,-0.0593
ag37,50000,0.0,15.0,0.6862,0.19591,0.17489,-0.061
ag37,100000,0.0,-5.0,-0.2526,0.02551,0.01321,-0.0377
ag37,100000,0.0,-4.5,-0.2006,0.02141,0.00883,-0.0359
ag37,100000,0.0,-4.0,-0.1493,0.0188,0.00626,-0.0341
ag37,100000,0.0,-3.5,-0.0989,0.01652,0.00469,-0.0328
ag37,100000,0.0,-3.0,-0.0477,0.01218,0.00341,-0.032
ag37,100000,0.0,-2.5,0.0054,0.01152,0.00324,-0.03
ag37,100000,0.0,-2.0,0.051,0.01188,0.00336,-0.0289
ag37,100000,0.0,-1.5,0.095,0.01246,0.00379,-0.0282
ag37,100000,0.0,-1.0,0.1927,0.01296,0.00421,-0.0381
ag37,100000,0.0,0.0,0.3926,0.0124,0.00366,-0.0543
ag37,100000,0.0,0.5,0.4559,0.01226,0.00331,-0.0538
ag37,100000,0.0,1.0,0.5077,0.01262,0.00331,-0.0515
ag37,100000,0.0,1.5,0.5575,0.01312,0.00346,-0.0494
ag37,100000,0.0,2.0,0.6077,0.01363,0.00359,-0.0475
ag37,100000,0.0,2.5,0.658,0.01435,0.00381,-0.0458
ag37,100000,0.0,3.0,0.7082,0.01528,0.00427,-0.0443
ag37,100000,0.0,3.5,0.7581,0.01613,0.00467,-0.0429
ag37,100000,0.0,4.0,0.8071,0.01676,0.00485,-0.0414
ag37,100000,0.0,4.5,0.8548,0.01738,0.0049,-0.0398
ag37,100000,0.0,5.0,0.9004,0.01834,0.00514,-0.0381
ag37,100000,0.0,5.5,0.9421,0.01991,0.0057,-0.0362
ag37,100000,0.0,6.0,0.9801,0.02269,0.00708,-0.0339
ag37,100000,0.0,6.5,1.0207,0.02597,0.00896,-0.0319
ag37,100000,0.0,7.0,1.0645,0.02945,0.01128,-0.0302
ag37,100000,0.0,7.5,1.1085,0.03374,0.01424,-0.0288
ag37,100000,0.0,8.0,1.1457,0.03886,0.01857,-0.0265
ag37,100000,0.0,8.5,1.1722,0.04561,0.02404,-0.0239
ag37,100000,0.0,9.0,1.1756,0.0537,0.03198,-0.0196
ag37,100000,0.0,9.5,1.1565,0.06289,0.04087,-0.0155
ag37,100000,0.0,10.0,1.1156,0.0719,0.04963,-0.0123
ag37,100000,0.0,10.5,1.0706,0.08323,0.06059,-0.0155
ag37,100000,0.0,11.0,1.0382,0.097,0.07337,-0.0218
ag37,100000,0.0,12.5,0.7161,0.1655,0.13328,-0.0502
ag37,100000,0.0,13.0,0.7052,0.16947,0.13993,-0.0517
ag37,100000,0.0,13.5,0.697,0.17483,0.14749,-0.0538
ag37,100000,0.0,14.0,0.7347,0.18539,0.15388,-0.0518
ag37,100000,0.0,14.5,0.6944,0.18548,0.16287,-0.0575
ag37,100000,0.0,15.0,0.7253,0.19555,0.16947,-0.056
ag37,200000,0.0,-4.5,-0.2043,0.00821,0.00526,-0.0316
ag37,200000,0.0,-4.0,-0.1559,0.00664,0.00358,-0.03
ag37,200000,0.0,-3.5,-0.106,0.00524,0.00256,-0.0292
ag37,200000,0.0,-3.0,-0.0313,0.00408,0.00166,-0.0336
ag37,200000,0.0,-2.5,0.0434,0.0028,0.00188,-0.037
ag37,200000,0.0,-2.0,0.1365,0.00279,0.00158,-0.0448
ag37,200000,0.0,-1.5,0.2178,0.00275,0.00125,-0.0496
ag37,200000,0.0,-1.0,0.2798,0.00273,0.00092,-0.05
ag37,200000,0.0,-0.5,0.3339,0.00283,0.0006,-0.0484
ag37,200000,0.0,0.0,0.3833,0.00305,0.00052,-0.0464
ag37,200000,0.0,0.5,0.4336,0.00329,0.00047,-0.045
ag37,200000,0.0,1.0,0.4847,0.00354,0.00043,-0.0439
ag37,200000,0.0,1.5,0.5359,0.00388,0.00051,-0.043
ag37,200000,0.0,2.0,0.5876,0.00422,0.00064,-0.0423
ag37,200000,0.0,2.5,0.6392,0.00453,0.00074,-0.0416
ag37,200000,0.0,3.0,0.6908,0.00479,0.00079,-0.0409
ag37,200000,0.0,3.5,0.7415,0.00508,0.00076,-0.0402
ag37,200000,0.0,4.0,0.7911,0.00549,0.0008,-0.0394
ag37,200000,0.0,4.5,0.8398,0.00602,0.00092,-0.0387
ag37,200000,0.0,5.0,0.887,0.0067,0.0011,-0.0378
ag37,200000,0.0,5.5,0.9305,0.0079,0.00157,-0.0366
ag37,200000,0.0,6.0,0.9696,0.0098,0.00259,-0.0348
ag37,200000,0.0,6.5,1.0084,0.01186,0.00374,-0.0328
ag37,200000,0.0,7.0,1.0454,0.01445,0.0051,-0.0306
ag37,200000,0.0,7.5,1.1169,0.02525,0.00957,-0.0324
ag37,200000,0.0,8.0,1.1564,0.02869,0.01196,-0.0305
ag37,200000,0.0,8.5,1.1932,0.0333,0.01485,-0.0289
ag37,200000,0.0,9.0,1.2228,0.03732,0.01856,-0.0258
ag37,200000,0.0,9.5,1.2458,0.04177,0.02219,-0.0229
ag37,200000,0.0,10.0,1.2532,0.04894,0.02752,-0.0196
ag37,200000,0.0,10.5,1.2271,0.05614,0.03401,-0.0138
ag37,200000,0.0,11.0,1.1906,0.06362,0.04114,-0.0111
ag37,200000,0.0,11.5,1.1498,0.07458,0.05157,-0.0147
ag37,200000,0.0,13.5,0.9191,0.18139,0.17952,-0.0769
ag37,200000,0.0,14.5,0.7091,0.1805,0.15798,-0.0565
ag37,200000,0.0,15.0,0.7331,0.18693,0.16118,-0.0543
ag37,500000,0.0,-5.0,-0.2452,0.01298,0.00466,-0.0339
ag37,500000,0.0,-4.5,-0.1683,0.01114,0.00314,-0.0381
ag37,500000,0.0,-4.0,-0.0911,0.01004,0.0023,-0.0426
ag37,500000,0.0,-3.5,-0.014,0.00886,0.00153,-0.0469
ag37,500000,0.0,-2.5,0.1106,0.00621,0.00095,-0.0501
ag37,500000,0.0,-2.0,0.1611,0.00501,0.00088,-0.0471
ag37,500000,0.0,-1.5,0.2197,0.00524,0.00072,-0.0472
ag37,500000,0.0,-1.0,0.2717,0.00553,0.00066,-0.046
ag37,500000,0.0,-0.5,0.3241,0.00588,0.00061,-0.0451
ag37,500000,0.0,0.0,0.3773,0.00632,0.00064,-0.0445
ag37,500000,0.0,0.5,0.4318,0.00667,0.00073,-0.0443
ag37,500000,0.0,1.0,0.4869,0.00695,0.00081,-0.0441
ag37,500000,0.0,1.5,0.5421,0.00723,0.00089,-0.044
ag37,500000,0.0,2.0,0.5972,0.00751,0.00096,-0.044
ag37,500000,0.0,2.5,0.6518,0.00786,0.00102,-0.0439
ag37,500000,0.0,3.0,0.7056,0.00836,0.00114,-0.0438
ag37,500000,0.0,3.5,0.7591,0.00891,0.00131,-0.0437
ag37,500000,0.0,4.0,0.8122,0.00954,0.00153,-0.0435
ag37,500000,0.0,4.5,0.8644,0.01029,0.00181,-0.0434
ag37,500000,0.0,5.0,0.9152,0.01127,0.00222,-0.0431
ag37,500000,0.0,5.5,0.9644,0.0125,0.00282,-0.0426
ag37,500000,0.0,6.0,1.013,0.01378,0.00356,-0.042
ag37,500000,0.0,6.5,1.0615,0.01498,0.00431,-0.0413
ag37,500000,0.0,7.0,1.1082,0.01635,0.0052,-0.0403
ag37,500000,0.0,7.5,1.1514,0.0181,0.00634,-0.0389
ag37,500000,0.0,8.0,1.1959,0.0195,0.00727,-0.0378
ag37,500000,0.0,8.5,1.2327,0.02185,0.00886,-0.0356
ag37,500000,0.0,9.0,1.273,0.02346,0.00999,-0.0341
ag37,500000,0.0,9.5,1.2981,0.02696,0.01235,-0.0309
ag37,500000,0.0,10.0,1.3301,0.02905,0.01398,-0.0285
ag37,500000,0.0,10.5,1.3556,0.03129,0.01561,-0.0257
ag37,500000,0.0,11.0,1.3548,0.03543,0.0186,-0.0202
ag37,500000,0.0,11.5,1.3455,0.04084,0.02297,-0.0161
ag37,500000,0.0,12.0,1.3387,0.04672,0.02803,-0.0154
ag37,500000,0.0,12.5,1.3247,0.05482,0.03516,-0.0177
ag37,500000,0.0,13.0,1.3042,0.06535,0.0447,-0.023
ag37,500000,0.0,13.5,1.2735,0.07842,0.05698,-0.03
ag37,500000,0.0,14.0,1.2283,0.09506,0.07342,-0.0391
ag37,500000,0.0,14.5,1.1691,0.11666,0.09646,-0.051
ag37,500000,0.0,15.0,1.0979,0.14424,0.12968,-0.0664
ag37,1000000,0.0,-5.0,-0.1768,0.00884,0.00217,-0.0477
ag37,1000000,0.0,-4.5,-0.1114,0.00813,0.00161,-0.0495
ag37,1000000,0.0,-4.0,-0.0554,0.00757,0.00121,-0.0491
ag37,1000000,0.0,-3.5,-0.0032,0.00716,0.00087,-0.0477
ag37,1000000,0.0,-3.0,0.0475,0.00683,0.00055,-0.046
ag37,1000000,0.0,-2.0,0.1556,0.00571,0.00041,-0.0457
ag37,1000000,0.0,-1.5,0.2011,0.00477,0.00045,-0.0434
ag37,1000000,0.0,-1.0,0.2648,0.00491,0.00044,-0.0448
ag37,1000000,0.0,-0.5,0.3201,0.00513,0.00047,-0.0446
ag37,1000000,0.0,0.0,0.3759,0.00532,0.0005,-0.0445
ag37,1000000,0.0,0.5,0.432,0.0055,0.00053,-0.0446
ag37,1000000,0.0,1.0,0.488,0.00571,0.00057,-0.0446
ag37,1000000,0.0,1.5,0.5438,0.00596,0.00061,-0.0447
ag37,1000000,0.0,2.0,0.5991,0.00632,0.00069,-0.0448
ag37,1000000,0.0,2.5,0.654,0.00675,0.00081,-0.0448
ag37,1000000,0.0,3.0,0.7088,0.00719,0.00095,-0.0449
ag37,1000000,0.0,3.5,0.763,0.00771,0.00112,-0.045
ag37,1000000,0.0,4.0,0.8168,0.00831,0.00135,-0.045
ag37,1000000,0.0,4.5,0.8695,0.00906,0.00166,-0.0449
ag37,1000000,0.0,5.0,0.9213,0.00994,0.00208,-0.0447
ag37,1000000,0.0,5.5,0.9728,0.01081,0.00254,-0.0445
ag37,1000000,0.0,6.0,1.0241,0.01166,0.00303,-0.0442
ag37,1000000,0.0,6.5,1.0749,0.01255,0.00357,-0.0438
ag37,1000000,0.0,7.0,1.1258,0.01331,0.00404,-0.0435
ag37,1000000,0.0,7.5,1.1751,0.01427,0.00467,-0.043
ag37,1000000,0.0,8.0,1.221,0.01566,0.00556,-0.0421
ag37,1000000,0.0,8.5,1.2697,0.01648,0.00612,-0.0416
ag37,1000000,0.0,9.0,1.3136,0.01787,0.00703,-0.0405
ag37,1000000,0.0,9.5,1.3565,0.01924,0.00799,-0.0393
ag37,1000000,0.0,10.0,1.3991,0.02048,0.00883,-0.0382
ag37,1000000,0.0,10.5,1.4309,0.02276,0.01043,-0.0357
ag37,1000000,0.0,11.0,1.4676,0.02425,0.0115,-0.0339
ag37,1000000,0.0,11.5,1.4986,0.02604,0.01277,-0.0316
ag37,1000000,0.0,12.0,1.5044,0.02912,0.01497,-0.0262
ag37,1000000,0.0,12.5,1.5027,0.03285,0.0178,-0.0214
ag37,1000000,0.0,13.0,1.5049,0.03718,0.02121,-0.0196
ag37,1000000,0.0,13.5,1.4994,0.0436,0.02647,-0.0205
ag37,1000000,0.0,14.0,1.4859,0.05266,0.03415,-0.0245
ag37,1000000,0.0,14.5,1.4601,0.06463,0.04465,-0.0306
ag37,1000000,0.0,15.0,1.4189,0.0793,0.05799,-0.0376
goe427,50000,0.0,-5.0,-0.317,0.0883,0.05933,-0.0081
goe427,50000,0.0,-4.5,-0.2964,0.08587,0.05425,-0.0142
goe427,50000,0.0,-4.0,-0.2567,0.08187,0.04837,-0.0246
goe427,50000,0.0,-3.5,-0.2321,0.06972,0.04175,-0.0216
goe427,50000,0.0,-3.0,-0.1435,0.06173,0.03379,-0.0379
goe427,50000,0.0,-2.5,-0.0872,0.0523,0.0265,-0.0408
goe427,50000,0.0,-2.0,-0.0231,0.04408,0.01971,-0.0458
goe427,50000,0.0,-1.5,0.0249,0.03677,0.01252,-0.0441
goe427,50000,0.0,-1.0,0.2272,0.03194,0.00708,-0.077
goe427,50000,0.0,-0.5,0.311,0.02961,0.00447,-0.0823
goe427,50000,0.0,0.0,0.3523,0.02738,0.00372,-0.0804
goe427,50000,0.0,0.5,0.4171,0.02579,0.00321,-0.0823
goe427,50000,0.0,1.0,0.493,0.02436,0.00303,-0.0862
goe427,50000,0.0,1.5,0.5784,0.02143,0.00294,-0.0922
goe427,50000,0.0,2.0,0.6525,0.02189,0.00408,-0.0975
goe427,50000,0.0,2.5,0.6684,0.02297,0.00526,-0.0917
goe427,50000,0.0,3.0,0.7194,0.02352,0.00623,-0.0923
goe427,50000,0.0,3.5,0.7921,0.02364,0.00682,-0.0964
goe427,50000,0.0,4.0,0.8762,0.02401,0.00731,-0.1026
goe427,50000,0.0,4.5,0.9031,0.02568,0.00859,-0.0991
goe427,50000,0.0,5.0,0.9372,0.02705,0.00963,-0.0965
goe427,50000,0.0,5.5,1.0253,0.02439,0.00624,-0.097
goe427,50000,0.0,6.0,1.0486,0.02406,0.00365,-0.0869
goe427,50000,0.0,6.5,1.0337,0.02827,0.00454,-0.0754
goe427,50000,0.0,7.0,1.0588,0.03172,0.00629,-0.0699
goe427,50000,0.0,7.5,1.075,0.0358,0.00782,-0.0651
goe427,50000,0.0,8.0,1.1589,0.04399,0.00987,-0.0675
goe427,50000,0.0,8.5,1.2058,0.05484,0.01623,-0.0647
goe427,50000,0.0,9.0,1.2077,0.06543,0.0236,-0.0589
goe427,50000,0.0,9.5,1.1954,0.07203,0.03007,-0.0513
goe427,50000,0.0,10.0,1.149,0.07766,0.03638,-0.0428
goe427,50000,0.0,10.5,1.1026,0.08518,0.0446,-0.0392
goe427,50000,0.0,11.0,1.0578,0.09479,0.05522,-0.0404
goe427,50000,0.0,11.5,1.0156,0.10696,0.06905,-0.0459
goe427,50000,0.0,12.0,0.9791,0.1222,0.08684,-0.0548
goe427,50000,0.0,12.5,0.9583,0.13824,0.10451,-0.0626
goe427,50000,0.0,13.0,0.9497,0.1519,0.12291,-0.07
goe427,50000,0.0,13.5,0.9265,0.17044,0.1462,-0.0813
goe427,50000,0.0,14.0,0.9595,0.18807,0.16132,-0.0842
goe427,50000,0.0,14.5,0.9534,0.21812,0.17528,-0.0903
goe427,50000,0.0,15.0,0.9589,0.22354,0.1868,-0.0927
goe427,100000,0.0,-5.0,-0.1277,0.06887,0.04261,-0.0543
goe427,100000,0.0,-4.5,-0.0382,0.0617,0.03272,-0.0751
goe427,100000,0.0,-4.0,0.0047,0.05213,0.02756,-0.0767
goe427,100000,0.0,-3.5,0.0762,0.05285,0.01943,-0.0812
goe427,100000,0.0,-3.0,0.106,0.03889,0.01628,-0.0837
goe427,100000,0.0,-2.5,0.1791,0.03206,0.0098,-0.0883
goe427,100000,0.0,-1.0,0.4187,0.01858,-0.00186,-0.1035
goe427,100000,0.0,-0.5,0.475,0.01654,-0.00278,-0.104
goe427,100000,0.0,0.0,0.5438,0.01532,-0.00304,-0.1071
goe427,100000,0.0,0.5,0.5959,0.01491,-0.00251,-0.1074
goe427,100000,0.0,1.0,0.648,0.01472,-0.00201,-0.1076
goe427,100000,0.0,1.5,0.6996,0.01474,-0.00145,-0.1079
goe427,100000,0.0,2.5,0.8004,0.01484,-0.00022,-0.1083
goe427,200000,0.0,-5.0,0.0102,0.04053,0.02644,-0.0786
goe427,200000,0.0,-4.5,0.0757,0.03618,0.01882,-0.0892
goe427,200000,0.0,-4.0,0.1344,0.02897,0.01212,-0.0954
goe427,200000,0.0,-3.5,0.1999,0.03182,0.00871,-0.1095
goe427,200000,0.0,-3.0,0.2599,0.02465,0.00106,-0.1106
goe427,200000,0.0,-2.5,0.3224,0.01783,-0.00568,-0.111
goe427,200000,0.0,-1.5,0.4178,0.01634,-0.00457,-0.1109
goe427,200000,0.0,-1.0,0.467,0.01472,-0.00524,-0.1104
goe427,200000,0.0,-0.5,0.5076,0.01461,-0.00514,-0.1085
goe427,200000,0.0,0.0,0.5559,0.01435,-0.00439,-0.1083
goe427,200000,0.0,0.5,0.6048,0.01416,-0.00354,-0.1084
goe427,200000,0.0,1.0,0.6386,0.01572,-0.00233,-0.106
goe427,1000000,0.0,-5.0,0.0433,0.05138,0.02412,-0.0944
goe427,1000000,0.0,-4.5,0.0903,0.04433,0.01729,-0.0994
goe427,1000000,0.0,-4.0,0.1468,0.03656,0.00931,-0.1044
naca653618,50000,0.0,-5.0,-0.7702,0.05243,0.02095,-0.0111
naca653618,50000,0.0,-4.5,-0.7427,0.04844,0.01699,-0.0087
naca653618,50000,0.0,-4.0,-0.7099,0.04511,0.01377,-0.0062
naca653618,50000,0.0,-3.5,-0.6747,0.0428,0.01154,-0.0034
naca653618,50000,0.0,-3.0,-0.6396,0.04157,0.01015,-0.0002
naca653618,50000,0.0,-2.5,-0.6116,0.04008,0.00912,0.0042
naca653618,50000,0.0,-2.0,-0.5858,0.03865,0.00774,0.008
naca653618,50000,0.0,-1.5,-0.6066,0.03921,0.00963,0.0277
naca653618,50000,0.0,-1.0,-0.2731,0.06642,0.02817,0.0067
naca653618,50000,0.0,-0.5,-0.1997,0.06753,0.02922,-0.0028
naca653618,50000,0.0,0.0,-0.1675,0.06885,0.02936,-0.0044
naca653618,50000,0.0,0.5,-0.1289,0.07102,0.03001,-0.0072
naca653618,50000,0.0,1.0,-0.0938,0.0729,0.03079,-0.0093
naca653618,50000,0.0,1.5,-0.0627,0.07021,0.03158,-0.0107
naca653618,50000,0.0,2.0,-0.0224,0.06987,0.03302,-0.0139
naca653618,50000,0.0,2.5,0.0337,0.08131,0.03548,-0.0201
naca653618,50000,0.0,3.0,0.0211,0.07115,0.03453,-0.0129
naca653618,50000,0.0,3.5,0.0434,0.07058,0.0353,-0.0121
naca653618,50000,0.0,4.0,0.0883,0.07692,0.03758,-0.0157
naca653618,50000,0.0,4.5,0.0711,0.07369,0.03661,-0.0084
naca653618,50000,0.0,5.0,0.0832,0.07184,0.03674,-0.0055
naca653618,50000,0.0,5.5,0.1303,0.0824,0.03935,-0.009
naca653618,50000,0.0,6.0,0.0703,0.07081,0.03549,0.0053
naca653618,50000,0.0,6.5,0.0938,0.0718,0.0366,0.0063
naca653618,50000,0.0,7.0,0.1703,0.08655,0.04197,-0.0019
naca653618,50000,0.0,7.5,0.1512,0.07606,0.04132,0.0046
naca653618,50000,0.0,8.0,0.221,0.08386,0.04626,-0.0017
naca653618,50000,0.0,8.5,0.2351,0.08711,0.04916,-0.0016
naca653618,50000,0.0,9.0,0.2864,0.08937,0.05246,-0.0043
naca653618,50000,0.0,9.5,0.3283,0.09931,0.05761,-0.0081
naca653618,50000,0.0,10.0,0.3317,0.09546,0.05963,-0.0059
naca653618,50000,0.0,11.0,0.4523,0.11072,0.06834,-0.0135
naca653618,50000,0.0,11.5,0.4583,0.10416,0.06792,-0.0095
naca653618,50000,0.0,12.0,0.5079,0.10661,0.06981,-0.0103
naca653618,50000,0.0,12.5,0.5648,0.10807,0.0705,-0.0105
naca653618,50000,0.0,13.0,0.6291,0.1075,0.06908,-0.0095
naca653618,50000,0.0,13.5,0.6838,0.1047,0.06603,-0.0067
naca653618,50000,0.0,14.0,0.9025,0.07104,0.0265,0.0126
naca653618,50000,0.0,14.5,0.9238,0.07683,0.03155,0.0131
naca653618,50000,0.0,15.0,0.9289,0.08511,0.03926,0.0127
naca653618,100000,0.0,-5.0,-0.4713,0.04039,0.01277,-0.0522
naca653618,100000,0.0,-4.5,-0.4292,0.0393,0.01195,-0.0507
naca653618,100000,0.0,-4.0,-0.3815,0.0387,0.01141,-0.0499
naca653618,100000,0.0,-3.5,-0.3333,0.03822,0.01093,-0.0492
naca653618,100000,0.0,-3.0,-0.3228,0.03706,0.01114,-0.0436
naca653618,100000,0.0,-2.5,-0.3551,0.03736,0.01242,-0.0295
naca653618,100000,0.0,-2.0,-0.3528,0.03974,0.01428,-0.0196
naca653618,100000,0.0,-1.5,-0.3454,0.04256,0.01603,-0.0105
naca653618,100000,0.0,-1.0,-0.3595,0.05299,0.01845,-0.0039
naca653618,100000,0.0,-0.5,-0.3978,0.0451,0.01677,0.0131
naca653618,100000,0.0,0.0,-0.3756,0.04705,0.01735,0.0223
naca653618,100000,0.0,0.5,-0.3264,0.05045,0.01831,0.0251
naca653618,100000,0.0,1.0,-0.2542,0.05473,0.01969,0.0191
naca653618,100000,0.0,1.5,-0.2174,0.05967,0.02028,0.0187
naca653618,100000,0.0,2.0,-0.2543,0.05033,0.01763,0.0313
naca653618,100000,0.0,2.5,-0.2008,0.05129,0.01836,0.0293
naca653618,100000,0.0,3.0,-0.1308,0.05411,0.01988,0.0247
naca653618,100000,0.0,3.5,-0.0448,0.06387,0.02234,0.0168
naca653618,100000,0.0,4.0,-0.0382,0.06269,0.023,0.0196
naca653618,100000,0.0,4.5,-0.0099,0.05651,0.02237,0.022
naca653618,100000,0.0,5.0,0.0321,0.05761,0.02305,0.0211
naca653618,100000,0.0,5.5,0.1714,0.05836,0.02445,0.0092
naca653618,100000,0.0,6.0,0.2112,0.06004,0.02751,0.0046
naca653618,100000,0.0,6.5,0.3123,0.06071,0.02895,-0.0041
naca653618,100000,0.0,7.0,0.4105,0.06037,0.02767,-0.0092
naca653618,100000,0.0,7.5,0.3461,0.06194,0.03029,-0.0012
naca653618,100000,0.0,8.0,0.4256,0.06211,0.03027,-0.005
naca653618,100000,0.0,8.5,0.5371,0.06116,0.02814,-0.01
naca653618,100000,0.0,9.0,0.4987,0.06541,0.03299,-0.0062
naca653618,100000,0.0,9.5,0.5911,0.06359,0.03061,-0.0086
naca653618,100000,0.0,10.0,0.6977,0.06073,0.02638,-0.0111
naca653618,100000,0.0,11.0,0.8508,0.04858,0.0145,-0.0076
naca653618,100000,0.0,11.5,0.8525,0.05095,0.01592,-0.0043
naca653618,100000,0.0,12.0,0.9387,0.04487,0.00883,-0.0024
naca653618,100000,0.0,12.5,0.9174,0.04906,0.01052,0.0028
naca653618,100000,0.0,13.0,0.8801,0.05664,0.01618,0.0068
naca653618,100000,0.0,13.5,0.8878,0.06092,0.01906,0.0082
naca653618,100000,0.0,14.0,0.9177,0.06365,0.02076,0.0093
naca653618,100000,0.0,14.5,0.9591,0.06633,0.02206,0.0099
naca653618,100000,0.0,15.0,1.0085,0.07149,0.0254,0.0097
naca653618,200000,0.0,-5.0,-0.1009,0.01961,0.0008,-0.1012
naca653618,200000,0.0,-4.5,-0.0671,0.01799,0.00031,-0.099
naca653618,200000,0.0,-4.0,-0.0296,0.01627,0.00144,-0.0974
naca653618,200000,0.0,-3.5,0.0229,0.01743,0.00254,-0.0959
naca653618,200000,0.0,-3.0,0.058,0.01912,0.00388,-0.0917
naca653618,200000,0.0,-2.5,0.0756,0.02057,0.00549,-0.083
naca653618,200000,0.0,-2.0,0.0915,0.0225,0.00676,-0.0748
naca653618,200000,0.0,-1.5,0.107,0.02297,0.00742,-0.0671
naca653618,200000,0.0,-1.0,0.1528,0.02306,0.00747,-0.0657
naca653618,200000,0.0,-0.5,0.226,0.02278,0.00733,-0.0693
naca653618,200000,0.0,0.0,0.2997,0.02253,0.00708,-0.0735
naca653618,200000,0.0,1.5,0.2085,0.02985,0.01048,-0.0398
naca653618,200000,0.0,2.0,0.2719,0.02943,0.01011,-0.041
naca653618,200000,0.0,2.5,0.3382,0.02908,0.00972,-0.0427
naca653618,200000,0.0,3.0,0.4012,0.02918,0.00951,-0.0443
naca653618,200000,0.0,3.5,0.2901,0.03559,0.01325,-0.0259
naca653618,200000,0.0,4.0,0.3389,0.03613,0.01354,-0.0262
naca653618,200000,0.0,4.5,0.3967,0.03602,0.01339,-0.0272
naca653618,200000,0.0,5.0,0.4611,0.03538,0.01255,-0.0279
naca653618,200000,0.0,5.5,0.5329,0.03451,0.0114,-0.0294
naca653618,200000,0.0,6.0,0.5984,0.03459,0.01063,-0.0306
naca653618,200000,0.0,7.0,0.567,0.0388,0.01285,-0.0153
naca653618,200000,0.0,7.5,0.6417,0.0369,0.01068,-0.0162
naca653618,200000,0.0,8.0,0.7103,0.03471,0.00803,-0.0158
naca653618,200000,0.0,8.5,0.9459,0.02213,-0.00163,-0.0315
naca653618,200000,0.0,9.0,0.8836,0.02765,0.00139,-0.0216
naca653618,200000,0.0,9.5,1.0202,0.02197,-0.00351,-0.0294
naca653618,200000,0.0,10.0,1.0361,0.02308,-0.00419,-0.0257
naca653618,200000,0.0,10.5,1.0108,0.02678,-0.00297,-0.0182
naca653618,200000,0.0,11.0,0.9795,0.03159,-0.00051,-0.0115
naca653618,200000,0.0,11.5,0.9506,0.03688,0.00268,-0.0061
naca653618,200000,0.0,12.0,0.9223,0.04277,0.00661,-0.0018
naca653618,200000,0.0,12.5,0.9005,0.04895,0.01119,0.0016
naca653618,200000,0.0,13.0,0.9112,0.05265,0.01388,0.0031
naca653618,200000,0.0,13.5,0.9222,0.05654,0.01672,0.0045
naca653618,200000,0.0,14.0,0.9406,0.05992,0.01911,0.0056
naca653618,200000,0.0,14.5,0.9678,0.06278,0.02102,0.0065
naca653618,200000,0.0,15.0,0.9979,0.06593,0.02327,0.007
naca653618,500000,0.0,-5.0,-0.0579,0.01225,-0.00347,-0.1059
naca653618,500000,0.0,-4.5,-0.0074,0.01185,-0.00353,-0.1057
naca653618,500000,0.0,-4.0,0.0371,0.01021,-0.00376,-0.1063
naca653618,500000,0.0,-3.5,0.0907,0.00892,-0.00346,-0.1078
naca653618,500000,0.0,-3.0,0.1477,0.00902,-0.00298,-0.1082
naca653618,500000,0.0,-2.5,0.2051,0.0092,-0.00263,-0.1088
naca653618,500000,0.0,-2.0,0.2601,0.00951,-0.00205,-0.1085
naca653618,500000,0.0,-1.5,0.3161,0.00996,-0.00162,-0.1084
naca653618,500000,0.0,-1.0,0.3733,0.01011,-0.00152,-0.1091
naca653618,500000,0.0,-0.5,0.4309,0.00983,-0.00161,-0.1103
naca653618,500000,0.0,0.0,0.488,0.00992,-0.00153,-0.1112
naca653618,500000,0.0,0.5,0.5437,0.01031,-0.00129,-0.1119
naca653618,500000,0.0,1.0,0.5989,0.01039,-0.00119,-0.1123
naca653618,500000,0.0,1.5,0.6538,0.01048,-0.00111,-0.1127
naca653618,500000,0.0,2.0,0.7082,0.01061,-0.00106,-0.113
naca653618,500000,0.0,2.5,0.7622,0.01077,-0.00102,-0.1133
naca653618,500000,0.0,3.0,0.8161,0.01095,-0.00101,-0.1136
naca653618,500000,0.0,3.5,0.871,0.01095,-0.0012,-0.114
naca653618,500000,0.0,4.0,0.9259,0.01062,-0.00177,-0.1141
naca653618,500000,0.0,4.5,0.9791,0.01081,-0.00203,-0.1141
naca653618,500000,0.0,5.0,1.0206,0.01051,-0.00261,-0.1114
naca653618,500000,0.0,5.5,1.0567,0.0104,-0.00329,-0.1076
naca653618,500000,0.0,6.0,1.0752,0.01054,-0.00383,-0.1005
naca653618,500000,0.0,6.5,1.1002,0.01075,-0.00434,-0.0949
naca653618,500000,0.0,7.0,1.1093,0.01124,-0.00484,-0.0867
naca653618,500000,0.0,7.5,1.0977,0.01233,-0.00529,-0.0751
naca653618,500000,0.0,8.0,1.0652,0.0144,-0.00533,-0.0614
naca653618,500000,0.0,8.5,1.028,0.01713,-0.00479,-0.0485
naca653618,500000,0.0,9.0,0.9956,0.0203,-0.00381,-0.0375
naca653618,500000,0.0,9.5,0.9727,0.02357,-0.00256,-0.0289
naca653618,500000,0.0,10.5,0.9393,0.02996,0.0001,-0.0147
naca653618,500000,0.0,11.0,0.9314,0.03409,0.00252,-0.0108
naca653618,500000,0.0,11.5,0.9268,0.03821,0.00516,-0.007
naca653618,500000,0.0,12.0,0.9501,0.04049,0.00639,-0.0057
naca653618,500000,0.0,12.5,0.9585,0.04409,0.00877,-0.0038
naca653618,500000,0.0,13.0,0.969,0.04758,0.01112,-0.002
naca653618,500000,0.0,13.5,0.9811,0.05103,0.01351,-0.0005
naca653618,500000,0.0,14.0,0.9934,0.05462,0.01606,0.0009
naca653618,500000,0.0,14.5,1.0051,0.05845,0.01889,0.002
naca653618,500000,0.0,15.0,1.021,0.06205,0.02159,0.0029
naca653618,1000000,0.0,-5.0,-0.0588,0.0101,-0.00426,-0.1059
naca653618,1000000,0.0,-4.5,-0.0049,0.00967,-0.00433,-0.1062
naca653618,1000000,0.0,-4.0,0.05,0.00935,-0.00434,-0.1067
naca653618,1000000,0.0,-3.5,0.1014,0.00803,-0.00452,-0.1078
naca653618,1000000,0.0,-3.0,0.1588,0.00672,-0.00447,-0.1103
naca653618,1000000,0.0,-2.5,0.2182,0.00673,-0.0042,-0.1114
naca653618,1000000,0.0,-2.0,0.2772,0.0067,-0.00397,-0.1124
naca653618,1000000,0.0,-1.5,0.3361,0.00688,-0.00369,-0.1133
naca653618,1000000,0.0,-1.0,0.3944,0.00683,-0.00356,-0.1142
naca653618,1000000,0.0,-0.5,0.4525,0.00685,-0.00345,-0.1151
naca653618,1000000,0.0,0.0,0.5104,0.00688,-0.00342,-0.116
naca653618,1000000,0.0,0.5,0.5677,0.00694,-0.0034,-0.1167
naca653618,1000000,0.0,1.0,0.6239,0.00706,-0.00337,-0.1173
naca653618,1000000,0.0,1.5,0.6802,0.00724,-0.0033,-0.1179
naca653618,1000000,0.0,2.0,0.738,0.00749,-0.00321,-0.1189
naca653618,1000000,0.0,2.5,0.7943,0.00754,-0.00331,-0.1195
naca653618,1000000,0.0,3.0,0.8481,0.00736,-0.0036,-0.1195
naca653618,1000000,0.0,3.5,0.8999,0.00735,-0.00385,-0.1192
naca653618,1000000,0.0,4.0,0.9436,0.00759,-0.00403,-0.1172
naca653618,1000000,0.0,4.5,0.9943,0.00767,-0.00421,-0.1167
naca653618,1000000,0.0,5.0,1.0237,0.008,-0.00451,-0.1118
naca653618,1000000,0.0,5.5,1.0384,0.00835,-0.00483,-0.1039
naca653618,1000000,0.0,6.0,1.028,0.00954,-0.00504,-0.0919
naca653618,1000000,0.0,6.5,1.0121,0.01097,-0.00513,-0.0797
naca653618,1000000,0.0,7.0,0.9997,0.01263,-0.00504,-0.069
naca653618,1000000,0.0,7.5,0.9826,0.01473,-0.00467,-0.0585
naca653618,1000000,0.0,8.0,0.973,0.017,-0.00413,-0.05
naca653618,1000000,0.0,8.5,0.9598,0.01964,-0.00327,-0.0417
naca653618,1000000,0.0,9.0,0.9471,0.02257,-0.0021,-0.0343
naca653618,1000000,0.0,9.5,0.9507,0.025,-0.00112,-0.0292
naca653618,1000000,0.0,10.0,0.9588,0.02732,-0.0001,-0.0249
naca653618,1000000,0.0,10.5,0.9775,0.02916,0.0006,-0.0218
naca653618,1000000,0.0,11.0,0.986,0.03137,0.00146,-0.0174
naca653618,1000000,0.0,11.5,0.9821,0.03442,0.00301,-0.0123
naca653618,1000000,0.0,12.0,0.9951,0.03722,0.00458,-0.0098
naca653618,1000000,0.0,12.5,1.0057,0.04036,0.00646,-0.0074
naca653618,1000000,0.0,13.0,1.001,0.04494,0.00965,-0.0046
naca653618,1000000,0.0,13.5,1.0004,0.04921,0.01267,-0.002
naca653618,1000000,0.0,14.0,1.0259,0.05157,0.01406,-0.0015
naca653618,1000000,0.0,14.5,1.0467,0.05439,0.01586,-0.0009
naca653618,1000000,0.0,15.0,1.054,0.05867,0.01906,-0.0002
e224,50000,0.0,-5.0,-0.4372,0.02982,0.007,-0.0364
e224,50000,0.0,-4.5,-0.3967,0.02601,0.00471,-0.0334
e224,50000,0.0,-4.0,-0.3666,0.02209,0.00425,-0.0301
e224,50000,0.0,-3.5,-0.339,0.02093,0.00475,-0.0225
e224,50000,0.0,-3.0,-0.3108,0.02028,0.00477,-0.0148
e224,50000,0.0,-2.5,-0.2933,0.01989,0.00483,-0.004
e224,50000,0.0,-2.0,-0.2112,0.01973,0.00474,-0.0047
e224,50000,0.0,-1.5,-0.1267,0.01873,0.00384,-0.0169
e224,50000,0.0,-1.0,-0.108,0.01861,0.00355,-0.015
e224,50000,0.0,-0.5,-0.0707,0.0191,0.00388,-0.015
e224,50000,0.0,0.0,-0.0323,0.01986,0.00452,-0.0151
e224,50000,0.0,0.5,0.0056,0.02086,0.00541,-0.0152
e224,50000,0.0,1.0,0.0423,0.0221,0.00655,-0.0156
e224,50000,0.0,1.5,0.1412,0.02454,0.00889,-0.0273
e224,50000,0.0,2.0,0.2341,0.02642,0.0108,-0.037
e224,50000,0.0,2.5,0.338,0.02812,0.01239,-0.0473
e224,50000,0.0,3.0,0.4115,0.02922,0.01348,-0.0514
e224,50000,0.0,3.5,0.4896,0.03003,0.01426,-0.0551
e224,50000,0.0,4.0,0.5733,0.03016,0.01438,-0.0581
e224,50000,0.0,4.5,0.6513,0.02964,0.01377,-0.0583
e224,50000,0.0,5.0,0.7245,0.02862,0.01259,-0.0562
e224,50000,0.0,5.5,0.7949,0.02721,0.01063,-0.0528
e224,50000,0.0,6.0,0.8451,0.02717,0.00977,-0.048
e224,50000,0.0,6.5,0.8942,0.02743,0.0086,-0.043
e224,50000,0.0,7.0,0.9322,0.02924,0.00876,-0.0379
e224,50000,0.0,7.5,0.9664,0.03236,0.00983,-0.0334
e224,50000,0.0,8.0,0.9945,0.03593,0.01224,-0.0287
e224,50000,0.0,8.5,1.0262,0.0421,0.01573,-0.025
e224,50000,0.0,9.0,1.0384,0.049,0.01986,-0.0202
e224,50000,0.0,9.5,1.0392,0.05705,0.02738,-0.0153
e224,50000,0.0,10.0,1.0191,0.06589,0.03578,-0.0113
e224,50000,0.0,10.5,0.9696,0.07535,0.04553,-0.0093
e224,50000,0.0,11.0,0.9125,0.08872,0.05943,-0.015
e224,50000,0.0,11.5,0.8641,0.10671,0.07778,-0.0256
e224,50000,0.0,12.0,0.8447,0.12327,0.09313,-0.0324
e224,50000,0.0,12.5,0.8037,0.1446,0.12013,-0.0485
e224,50000,0.0,13.0,0.8215,0.17243,0.14462,-0.0585
e224,50000,0.0,13.5,0.823,0.18697,0.15644,-0.0624
e224,50000,0.0,14.0,0.7857,0.18328,0.1675,-0.0699
e224,50000,0.0,14.5,0.7958,0.19059,0.17807,-0.0725
e224,50000,0.0,15.0,0.8358,0.21008,0.18794,-0.0712
e224,100000,0.0,-5.0,-0.4451,0.0247,0.00365,-0.0332
e224,100000,0.0,-4.5,-0.4035,0.02144,0.0017,-0.0306
e224,100000,0.0,-4.0,-0.3607,0.0184,0.00041,-0.0286
e224,100000,0.0,-3.5,-0.315,0.01552,4e-05,-0.0282
e224,100000,0.0,-3.0,-0.2767,0.0146,0.00107,-0.026
e224,100000,0.0,-2.5,-0.2418,0.01451,0.00186,-0.0218
e224,100000,0.0,-2.0,-0.2109,0.01455,0.00243,-0.0168
e224,100000,0.0,-1.5,-0.1614,0.01493,0.00314,-0.0146
e224,100000,0.0,-1.0,-0.0366,0.01531,0.00383,-0.0288
e224,100000,0.0,-0.5,0.0571,0.01567,0.00424,-0.0386
e224,100000,0.0,0.0,0.144,0.0159,0.00458,-0.0458
e224,100000,0.0,0.5,0.2266,0.01601,0.0048,-0.0516
e224,100000,0.0,1.0,0.3149,0.01587,0.00479,-0.0578
e224,100000,0.0,1.5,0.4063,0.01539,0.00439,-0.0635
e224,100000,0.0,2.0,0.4642,0.01518,0.00417,-0.0629
e224,100000,0.0,2.5,0.5197,0.01503,0.00389,-0.0617
e224,100000,0.0,3.0,0.5739,0.01495,0.00357,-0.0601
e224,100000,0.0,3.5,0.6266,0.01493,0.00321,-0.0581
e224,100000,0.0,4.0,0.6774,0.01502,0.00285,-0.0559
e224,100000,0.0,4.5,0.7267,0.01523,0.00253,-0.0535
e224,100000,0.0,5.0,0.7746,0.01558,0.00212,-0.0509
e224,100000,0.0,5.5,0.8208,0.01625,0.00179,-0.0483
e224,100000,0.0,6.0,0.8622,0.01697,0.00174,-0.0453
e224,100000,0.0,6.5,0.9007,0.0182,0.00176,-0.042
e224,100000,0.0,7.0,0.9353,0.02009,0.00228,-0.0386
e224,100000,0.0,7.5,0.9669,0.02263,0.00322,-0.035
e224,100000,0.0,8.0,0.9938,0.02487,0.00377,-0.0316
e224,100000,0.0,8.5,1.014,0.02964,0.00581,-0.027
e224,100000,0.0,9.0,1.0379,0.03271,0.00708,-0.0236
e224,100000,0.0,9.5,1.0653,0.03656,0.0091,-0.0203
e224,100000,0.0,10.0,1.0796,0.04248,0.0125,-0.0165
e224,100000,0.0,11.0,1.0462,0.0591,0.02566,-0.0076
e224,100000,0.0,11.5,1.0164,0.06754,0.03358,-0.0071
e224,100000,0.0,12.5,0.9515,0.08994,0.05653,-0.0175
e224,100000,0.0,13.0,0.924,0.10374,0.07198,-0.0269
e224,100000,0.0,13.5,0.8556,0.1371,0.11311,-0.0475
e224,100000,0.0,14.0,0.837,0.15464,0.13413,-0.0558
e224,100000,0.0,14.5,0.8321,0.16807,0.15073,-0.0619
e224,100000,0.0,15.0,0.8338,0.18003,0.16585,-0.0671
e224,200000,0.0,-5.0,-0.4583,0.02036,0.00167,-0.0299
e224,200000,0.0,-4.5,-0.4051,0.01767,0.00029,-0.0298
e224,200000,0.0,-4.0,-0.327,0.01505,-0.00059,-0.0346
e224,200000,0.0,-3.5,-0.2515,0.01341,-0.00062,-0.0391
e224,200000,0.0,-3.0,-0.1769,0.01207,-0.00018,-0.0445
e224,200000,0.0,-2.5,-0.1071,0.01098,0.00063,-0.0477
e224,200000,0.0,-2.0,-0.0392,0.01066,0.00097,-0.0496
e224,200000,0.0,-1.5,0.0387,0.01031,0.00119,-0.0532
e224,200000,0.0,-1.0,0.095,0.01009,0.00136,-0.052
e224,200000,0.0,-0.5,0.1615,0.0098,0.0013,-0.0525
e224,200000,0.0,0.0,0.2203,0.0096,0.00124,-0.0517
e224,200000,0.0,0.5,0.3112,0.00938,0.00102,-0.0582
e224,200000,0.0,1.0,0.4098,0.00909,0.00062,-0.0667
e224,200000,0.0,1.5,0.449,0.00906,0.00047,-0.0636
e224,200000,0.0,2.0,0.4913,0.00915,0.00037,-0.061
e224,200000,0.0,2.5,0.5369,0.00932,0.00024,-0.0588
e224,200000,0.0,3.0,0.5847,0.00956,0.00011,-0.057
e224,200000,0.0,3.5,0.6333,0.00987,-2e-05,-0.0553
e224,200000,0.0,4.0,0.6816,0.01026,-0.00015,-0.0537
e224,200000,0.0,4.5,0.7294,0.01074,-0.00026,-0.0519
e224,200000,0.0,5.0,0.7764,0.01132,-0.00042,-0.0502
e224,200000,0.0,5.5,0.8213,0.01211,-0.00048,-0.0483
e224,200000,0.0,6.0,0.8654,0.01299,-0.0005,-0.0464
e224,200000,0.0,6.5,0.9023,0.01455,-0.00042,-0.044
e224,200000,0.0,7.0,0.9398,0.01635,-7e-05,-0.0419
e224,200000,0.0,7.5,0.9812,0.01784,0.0003,-0.0402
e224,200000,0.0,8.0,1.0218,0.01938,0.00087,-0.0382
e224,200000,0.0,8.5,1.0494,0.02238,0.00201,-0.0342
e224,200000,0.0,9.0,1.0795,0.02482,0.00285,-0.0308
e224,200000,0.0,9.5,1.0924,0.02923,0.00493,-0.0253
e224,200000,0.0,10.0,1.0977,0.03621,0.00904,-0.0196
e224,200000,0.0,10.5,1.0965,0.04243,0.01342,-0.0144
e224,200000,0.0,11.0,1.0813,0.0491,0.01875,-0.0102
e224,200000,0.0,11.5,1.0513,0.05779,0.02633,-0.0086
e224,200000,0.0,12.0,1.0266,0.06664,0.03468,-0.0107
e224,200000,0.0,12.5,1.0007,0.07729,0.04528,-0.0159
e224,200000,0.0,13.0,0.9745,0.09008,0.05858,-0.0239
e224,200000,0.0,13.5,0.9485,0.1049,0.07478,-0.0337
e224,200000,0.0,14.0,0.9236,0.12189,0.09432,-0.0444
e224,200000,0.0,14.5,0.8975,0.14172,0.11864,-0.0552
e224,200000,0.0,15.0,0.8536,0.17177,0.15755,-0.0677
e224,500000,0.0,-5.0,-0.3259,0.01218,-0.00158,-0.0547
e224,500000,0.0,-4.5,-0.2622,0.01081,-0.00193,-0.0561
e224,500000,0.0,-4.0,-0.191,0.0101,-0.00181,-0.0591
e224,500000,0.0,-3.5,-0.1284,0.00936,-0.00175,-0.0605
e224,500000,0.0,-3.0,-0.069,0.00817,-0.0018,-0.0618
e224,500000,0.0,-2.5,-0.0209,0.00677,-0.00158,-0.061
e224,500000,0.0,-2.0,0.0345,0.00647,-0.00146,-0.0606
e224,500000,0.0,-1.5,0.0884,0.00622,-0.00134,-0.0599
e224,500000,0.0,-1.0,0.1409,0.00605,-0.00121,-0.0589
e224,500000,0.0,-0.5,0.1937,0.00595,-0.00108,-0.0579
e224,500000,0.0,0.0,0.2457,0.00595,-0.001,-0.0566
e224,500000,0.0,0.5,0.2966,0.00594,-0.00092,-0.0551
e224,500000,0.0,1.0,0.3458,0.00598,-0.00086,-0.0532
e224,500000,0.0,1.5,0.395,0.00609,-0.00089,-0.0512
e224,500000,0.0,2.0,0.4581,0.00627,-0.00098,-0.0526
e224,500000,0.0,2.5,0.5342,0.00648,-0.00109,-0.0572
e224,500000,0.0,3.0,0.5844,0.00676,-0.00115,-0.0563
e224,500000,0.0,3.5,0.6321,0.00714,-0.0012,-0.0549
e224,500000,0.0,4.0,0.6812,0.0076,-0.00125,-0.0538
e224,500000,0.0,4.5,0.7305,0.00814,-0.00127,-0.0527
e224,500000,0.0,5.0,0.7731,0.00935,-0.00125,-0.0509
e224,500000,0.0,5.5,0.8147,0.01087,-0.00097,-0.0492
e224,500000,0.0,6.0,0.8615,0.01187,-0.00079,-0.0481
e224,500000,0.0,6.5,0.9094,0.01275,-0.00064,-0.0472
e224,500000,0.0,7.0,0.9541,0.01396,-0.00032,-0.0458
e224,500000,0.0,7.5,1.0008,0.01492,-0.00015,-0.0446
e224,500000,0.0,8.0,1.0484,0.01572,-2e-05,-0.0436
e224,500000,0.0,8.5,1.0928,0.01684,7e-05,-0.042
e224,500000,0.0,9.0,1.1323,0.01845,0.0003,-0.0396
e224,500000,0.0,9.5,1.1642,0.02067,0.00099,-0.0361
e224,500000,0.0,10.0,1.1849,0.02383,0.00242,-0.0312
e224,500000,0.0,10.5,1.1914,0.0282,0.00486,-0.0245
e224,500000,0.0,11.0,1.1857,0.03435,0.00896,-0.0176
e224,500000,0.0,11.5,1.1637,0.04189,0.01476,-0.0118
e224,500000,0.0,12.0,1.1312,0.05068,0.02225,-0.0092
e224,500000,0.0,12.5,1.0944,0.06119,0.03195,-0.0111
e224,500000,0.0,13.0,1.0571,0.07396,0.04444,-0.0174
e224,500000,0.0,13.5,1.0207,0.08933,0.06024,-0.0272
e224,500000,0.0,14.0,0.9854,0.10721,0.07965,-0.0389
e224,500000,0.0,14.5,0.9483,0.1284,0.10414,-0.0515
e224,500000,0.0,15.0,0.8998,0.15564,0.13816,-0.0644
e224,1000000,0.0,-5.0,-0.2875,0.00929,-0.0026,-0.0616
e224,1000000,0.0,-4.5,-0.2317,0.00853,-0.0026,-0.0613
e224,1000000,0.0,-4.0,-0.1755,0.00806,-0.00243,-0.0611
e224,1000000,0.0,-3.5,-0.1202,0.0078,-0.0022,-0.0607
e224,1000000,0.0,-3.0,-0.0666,0.00735,-0.00214,-0.0603
e224,1000000,0.0,-2.5,-0.0189,0.00566,-0.00222,-0.0597
e224,1000000,0.0,-2.0,0.0345,0.00538,-0.00209,-0.0593
e224,1000000,0.0,-1.5,0.0893,0.00521,-0.00195,-0.059
e224,1000000,0.0,-1.0,0.1433,0.00504,-0.00182,-0.0587
e224,1000000,0.0,-0.5,0.1969,0.00499,-0.00171,-0.0581
e224,1000000,0.0,0.0,0.251,0.00493,-0.0016,-0.0577
e224,1000000,0.0,0.5,0.3051,0.00493,-0.0015,-0.0572
e224,1000000,0.0,1.0,0.3578,0.00501,-0.00142,-0.0565
e224,1000000,0.0,1.5,0.4097,0.00515,-0.00137,-0.0555
e224,1000000,0.0,2.0,0.4619,0.00527,-0.00134,-0.0547
e224,1000000,0.0,2.5,0.5108,0.00544,-0.00134,-0.053
e224,1000000,0.0,3.0,0.5633,0.00569,-0.00139,-0.0522
e224,1000000,0.0,3.5,0.633,0.00608,-0.00144,-0.0556
e224,1000000,0.0,4.0,0.6832,0.00663,-0.00144,-0.0549
e224,1000000,0.0,4.5,0.7302,0.00751,-0.00137,-0.0536
e224,1000000,0.0,5.0,0.7699,0.0093,-0.00093,-0.0516
e224,1000000,0.0,5.5,0.8184,0.01018,-0.00074,-0.0507
e224,1000000,0.0,6.0,0.8671,0.01105,-0.00052,-0.0498
e224,1000000,0.0,6.5,0.9184,0.01156,-0.00052,-0.0493
e224,1000000,0.0,7.0,0.9688,0.01217,-0.00051,-0.0486
e224,1000000,0.0,7.5,1.0189,0.01278,-0.0006,-0.0479
e224,1000000,0.0,8.0,1.0684,0.01342,-0.00059,-0.0472
e224,1000000,0.0,8.5,1.1134,0.01461,-0.00072,-0.0454
e224,1000000,0.0,9.0,1.1531,0.01629,-0.00044,-0.0429
e224,1000000,0.0,9.5,1.1888,0.01822,8e-05,-0.0399
e224,1000000,0.0,10.0,1.2208,0.02035,0.00079,-0.0365
e224,1000000,0.0,10.5,1.2424,0.02336,0.00219,-0.0317
e224,1000000,0.0,11.0,1.1755,0.03853,0.01284,-0.0163
goe464,50000,0.0,-5.0,-0.1375,0.11827,0.08107,-0.0241
goe464,50000,0.0,-4.5,-0.1172,0.11121,0.07561,-0.0254
goe464,50000,0.0,-4.0,-0.044,0.1037,0.06717,-0.0387
goe464,50000,0.0,-3.5,-0.0567,0.10149,0.06545,-0.0346
goe464,50000,0.0,-3.0,-0.0253,0.09794,0.06106,-0.0395
goe464,50000,0.0,-2.5,0.0652,0.09472,0.05384,-0.0558
goe464,50000,0.0,-2.0,0.2487,0.09288,0.04095,-0.0862
goe464,50000,0.0,-1.5,0.2917,0.08984,0.03538,-0.0889
goe464,50000,0.0,0.0,0.4792,0.06439,0.02871,-0.1061
goe464,50000,0.0,0.5,0.5483,0.06585,0.02898,-0.1126
goe464,50000,0.0,1.0,0.5271,0.06884,0.03246,-0.1073
goe464,50000,0.0,1.5,0.5482,0.0749,0.03471,-0.1068
goe464,50000,0.0,2.0,0.5866,0.07276,0.03678,-0.1092
goe464,50000,0.0,2.5,0.6513,0.06897,0.0361,-0.1121
goe464,50000,0.0,3.0,0.7579,0.06687,0.0344,-0.1192
goe464,50000,0.0,3.5,0.7179,0.0736,0.04069,-0.1138
goe464,50000,0.0,4.0,0.7006,0.07874,0.04624,-0.1117
goe464,50000,0.0,5.0,0.712,0.08671,0.05492,-0.112
goe464,50000,0.0,5.5,0.7266,0.09257,0.06037,-0.1139
goe464,50000,0.0,6.0,0.74,0.09798,0.06572,-0.1148
goe464,50000,0.0,6.5,0.8033,0.09882,0.06873,-0.1166
goe464,50000,0.0,7.0,0.9213,0.10218,0.06718,-0.1198
goe464,50000,0.0,7.5,0.8995,0.1065,0.07518,-0.1191
goe464,50000,0.0,8.0,0.8859,0.11314,0.0836,-0.1196
goe464,50000,0.0,8.5,0.886,0.1201,0.09188,-0.1207
goe464,50000,0.0,9.0,0.8871,0.12863,0.10151,-0.1228
goe464,50000,0.0,9.5,0.8847,0.13849,0.11239,-0.1258
goe464,50000,0.0,10.0,0.9026,0.14423,0.11944,-0.1268
goe464,50000,0.0,10.5,0.9059,0.15217,0.12892,-0.1292
goe464,50000,0.0,11.0,0.9322,0.15772,0.13573,-0.1301
goe464,50000,0.0,11.5,0.9768,0.16479,0.14182,-0.1307
goe464,50000,0.0,12.0,1.058,0.1812,0.14697,-0.1318
goe464,50000,0.0,12.5,1.0454,0.20734,0.15986,-0.136
goe464,50000,0.0,13.5,0.9698,0.21497,0.1821,-0.1601
goe464,50000,0.0,14.0,1.0036,0.22225,0.18809,-0.1607
goe464,50000,0.0,14.5,1.069,0.26514,0.19443,-0.1607
goe464,50000,0.0,15.0,1.0545,0.20478,0.20433,-0.1409
goe464,100000,0.0,-5.0,0.0914,0.08652,0.05388,-0.0607
goe464,100000,0.0,-4.5,0.1514,0.08114,0.04735,-0.071
goe464,100000,0.0,-4.0,0.2914,0.08054,0.03657,-0.1003
goe464,100000,0.0,-3.5,0.3617,0.07628,0.02958,-0.1101
goe464,100000,0.0,-3.0,0.4121,0.06891,0.02299,-0.1137
goe464,200000,0.0,-5.0,0.2685,0.05139,0.02638,-0.0877
goe464,200000,0.0,-4.5,0.2955,0.04654,0.02246,-0.0902
goe464,200000,0.0,-4.0,0.4117,0.06064,0.01914,-0.1197
goe464,200000,0.0,-3.5,0.424,0.04972,0.01663,-0.1167
goe464,200000,0.0,-1.5,0.67,0.02395,-0.00112,-0.1297
goe464,200000,0.0,-1.0,0.7298,0.02113,-0.00206,-0.1342
goe464,200000,0.0,-0.5,0.7873,0.01742,-0.00271,-0.1383
goe464,200000,0.0,0.0,0.837,0.01309,-0.00249,-0.1416
goe464,200000,0.0,0.5,0.9068,0.0109,-0.00507,-0.1462
goe464,200000,0.0,1.0,0.97,0.00951,-0.007,-0.1486
goe464,200000,0.0,1.5,1.0242,0.00948,-0.00675,-0.1496
goe464,200000,0.0,2.0,1.0791,0.00875,-0.00682,-0.1502
goe464,200000,0.0,2.5,1.131,0.00825,-0.00662,-0.1504
goe464,200000,0.0,3.0,1.1801,0.0081,-0.00601,-0.1499
goe464,200000,0.0,3.5,1.227,0.00832,-0.00539,-0.1487
goe464,200000,0.0,4.0,1.2732,0.00888,-0.00464,-0.1476
goe464,200000,0.0,4.5,1.3197,0.00961,-0.0037,-0.1468
goe464,200000,0.0,5.0,1.3659,0.00962,-0.00377,-0.1455
goe464,200000,0.0,5.5,1.4232,0.02056,0.00059,-0.1455
goe464,200000,0.0,6.0,1.4622,0.02125,0.00209,-0.1438
goe464,200000,0.0,6.5,1.5016,0.02208,0.00224,-0.1416
goe464,500000,0.0,-4.5,0.3769,0.05654,0.01934,-0.1125
goe464,500000,0.0,-4.0,0.4145,0.05121,0.01457,-0.1158
goe464,500000,0.0,-3.5,0.4616,0.04517,0.00907,-0.1208
fx74cl5140,50000,0.0,-5.0,-0.1619,0.15204,0.13753,-0.0547
fx74cl5140,50000,0.0,-4.0,-0.2924,0.15795,0.14298,-0.0313
fx74cl5140,50000,0.0,-3.5,-0.3027,0.15482,0.13934,-0.036
fx74cl5140,50000,0.0,-3.0,-0.2773,0.14849,0.134,-0.0407
fx74cl5140,50000,0.0,-2.5,-0.2172,0.14992,0.12845,-0.0606
fx74cl5140,50000,0.0,-2.0,-0.2316,0.13927,0.12454,-0.05
fx74cl5140,50000,0.0,-1.5,-0.2008,0.13558,0.11994,-0.0578
fx74cl5140,50000,0.0,-1.0,-0.1459,0.13153,0.1152,-0.066
fx74cl5140,50000,0.0,-0.5,-0.1034,0.12621,0.1116,-0.0781
fx74cl5140,50000,0.0,0.5,-0.003,0.12027,0.10595,-0.0945
fx74cl5140,100000,0.0,-5.0,0.4176,0.07417,0.06277,-0.1409
fx74cl5140,100000,0.0,-4.5,0.4406,0.07266,0.06005,-0.1474
fx74cl5140,100000,0.0,-4.0,0.4733,0.06918,0.0569,-0.1567
fx74cl5140,100000,0.0,-3.5,0.4838,0.06627,0.05533,-0.1509
fx74cl5140,100000,0.0,-2.5,0.5752,0.05998,0.04883,-0.1656
fx74cl5140,100000,0.0,-2.0,0.635,0.05798,0.04601,-0.1759
fx74cl5140,100000,0.0,-1.5,0.5965,0.06133,0.04975,-0.1665
fx74cl5140,100000,0.0,-1.0,0.2326,0.0954,0.08152,-0.1184
fx74cl5140,100000,0.0,-0.5,0.3289,0.09487,0.07961,-0.1397
fx74cl5140,100000,0.0,0.0,0.4199,0.09404,0.07769,-0.1541
fx74cl5140,100000,0.0,0.5,0.3158,0.10554,0.09082,-0.1446
fx74cl5140,100000,0.0,1.0,0.4609,0.10632,0.08854,-0.167
fx74cl5140,100000,0.0,1.5,0.4235,0.10605,0.09188,-0.1619
fx74cl5140,200000,0.0,-5.0,0.4414,0.06527,0.05462,-0.1441
fx74cl5140,200000,0.0,-4.5,0.4922,0.06077,0.04869,-0.1607
fx74cl5140,200000,0.0,-4.0,0.5178,0.05678,0.04638,-0.1589
fx74cl5140,200000,0.0,-3.5,0.5652,0.05266,0.04245,-0.166
fx74cl5140,200000,0.0,-3.0,0.6805,0.04833,0.03321,-0.1916
fx74cl5140,200000,0.0,-2.5,0.7147,0.04268,0.03224,-0.1927
fx74cl5140,200000,0.0,-2.0,0.811,0.03937,0.02699,-0.2077
fx74cl5140,200000,0.0,-1.5,0.8821,0.03895,0.0236,-0.2131
fx74cl5140,200000,0.0,-1.0,0.9505,0.03384,0.02215,-0.2205
fx74cl5140,200000,0.0,-0.5,1.0199,0.03207,0.02019,-0.2257
fx74cl5140,500000,0.0,-5.0,0.4448,0.05986,0.05052,-0.145
fx74cl5140,1000000,0.0,-4.5,0.5044,0.05293,0.04193,-0.1574
fx74cl5140,1000000,0.0,-4.0,0.5538,0.04787,0.03703,-0.1662
eh2070,50000,0.0,-4.5,-0.3283,0.05284,0.04277,0.0495
eh2070,100000,0.0,-4.5,-0.4025,0.04622,0.0333,-0.0132
eh2070,100000,0.0,-4.0,-0.3645,0.03956,0.02807,-0.0125
eh2070,100000,0.0,-3.5,-0.3256,0.03413,0.02317,-0.0113
eh2070,100000,0.0,-3.0,-0.241,0.02402,0.01072,-0.0095
eh2070,100000,0.0,-2.5,-0.1872,0.01941,0.0062,-0.0072
eh2070,100000,0.0,-2.0,-0.1398,0.01689,0.00417,-0.0053
eh2070,100000,0.0,-1.5,-0.1006,0.01425,0.00279,-0.0035
eh2070,100000,0.0,-1.0,0.0376,0.01092,0.0021,-0.017
eh2070,100000,0.0,-0.5,0.1385,0.01103,0.00207,-0.0261
eh2070,100000,0.0,0.0,0.1829,0.01139,0.00221,-0.0229
eh2070,100000,0.0,0.5,0.2257,0.01181,0.0024,-0.0198
eh2070,100000,0.0,1.0,0.2707,0.01228,0.00259,-0.0172
eh2070,100000,0.0,1.5,0.3178,0.01276,0.00286,-0.0154
eh2070,100000,0.0,2.0,0.3652,0.01328,0.00312,-0.0136
eh2070,100000,0.0,2.5,0.4133,0.01383,0.0034,-0.0119
eh2070,100000,0.0,3.0,0.4622,0.01444,0.00375,-0.0105
eh2070,100000,0.0,3.5,0.5115,0.01507,0.00412,-0.0092
eh2070,100000,0.0,4.0,0.5611,0.01575,0.00451,-0.0079
eh2070,100000,0.0,4.5,0.6111,0.01655,0.00503,-0.0068
eh2070,100000,0.0,5.0,0.6611,0.01733,0.00549,-0.0055
eh2070,100000,0.0,5.5,0.7107,0.01791,0.00563,-0.0039
eh2070,100000,0.0,6.0,0.7381,0.01887,0.00247,0.0012
eh2070,100000,0.0,6.5,0.7761,0.02286,0.00433,0.0039
eh2070,100000,0.0,7.0,0.8124,0.02655,0.00601,0.006
eh2070,100000,0.0,7.5,0.8539,0.03257,0.00874,0.0086
eh2070,100000,0.0,8.0,0.8981,0.03808,0.01269,0.0111
eh2070,100000,0.0,8.5,0.9235,0.04687,0.01999,0.0136
eh2070,100000,0.0,9.0,0.932,0.05652,0.02941,0.0152
eh2070,100000,0.0,9.5,0.9132,0.06754,0.04082,0.0138
eh2070,100000,0.0,10.0,0.8757,0.07783,0.05187,0.0068
eh2070,100000,0.0,10.5,0.8431,0.09175,0.06688,-0.0048
eh2070,100000,0.0,11.0,0.8091,0.11141,0.08881,-0.019
eh2070,100000,0.0,11.5,0.7809,0.13438,0.11472,-0.0327
eh2070,100000,0.0,12.0,0.7831,0.14392,0.12474,-0.0361
eh2070,100000,0.0,12.5,0.8018,0.15287,0.13156,-0.0353
eh2070,100000,0.0,13.0,0.7883,0.16279,0.14501,-0.0429
eh2070,100000,0.0,13.5,0.7914,0.17071,0.15567,-0.047
eh2070,100000,0.0,14.0,0.8241,0.18343,0.15986,-0.0423
eh2070,100000,0.0,14.5,0.8065,0.18817,0.17661,-0.0532
eh2070,100000,0.0,15.0,0.8135,0.19566,0.18846,-0.0576
eh2070,200000,0.0,-5.0,-0.4296,0.04641,0.03519,-0.0122
eh2070,200000,0.0,-4.5,-0.3879,0.0394,0.0284,-0.0128
eh2070,200000,0.0,-4.0,-0.3416,0.03372,0.02202,-0.0122
eh2070,500000,0.0,-5.0,-0.4288,0.03957,0.02996,-0.0112
defcnd3,50000,0.0,-5.0,-0.4143,0.04449,0.02402,-0.0288
defcnd3,50000,0.0,-4.5,-0.3836,0.03846,0.01679,-0.0255
defcnd3,50000,0.0,-4.0,-0.3466,0.03498,0.01283,-0.0222
defcnd3,50000,0.0,-3.5,-0.3075,0.03106,0.00955,-0.0195
defcnd3,50000,0.0,-3.0,-0.2658,0.02803,0.00726,-0.0169
defcnd3,50000,0.0,-2.5,-0.2262,0.02578,0.0061,-0.0143
defcnd3,50000,0.0,-2.0,-0.1885,0.02422,0.00534,-0.0125
defcnd3,50000,0.0,-1.5,-0.12,0.02044,0.00563,-0.0114
defcnd3,50000,0.0,-1.0,-0.0827,0.02159,0.00633,-0.0129
defcnd3,50000,0.0,-0.5,0.0369,0.02322,0.00778,-0.0278
defcnd3,50000,0.0,0.0,0.1458,0.02418,0.00874,-0.0391
defcnd3,50000,0.0,0.5,0.2699,0.02414,0.0089,-0.0507
defcnd3,50000,0.0,1.0,0.379,0.02366,0.00863,-0.0582
defcnd3,50000,0.0,1.5,0.4574,0.02374,0.00871,-0.0604
defcnd3,50000,0.0,2.0,0.5087,0.02433,0.00916,-0.0581
defcnd3,50000,0.0,2.5,0.5647,0.02473,0.0094,-0.0559
defcnd3,50000,0.0,3.0,0.6166,0.02553,0.00992,-0.0533
defcnd3,50000,0.0,3.5,0.6642,0.02677,0.01079,-0.0505
defcnd3,50000,0.0,4.0,0.7073,0.02824,0.01197,-0.0475
defcnd3,50000,0.0,4.5,0.7447,0.03017,0.01374,-0.0445
defcnd3,50000,0.0,5.0,0.7786,0.0331,0.01646,-0.0421
defcnd3,50000,0.0,5.5,0.8297,0.03483,0.01741,-0.0403
defcnd3,50000,0.0,6.0,0.8486,0.0385,0.02136,-0.0371
defcnd3,50000,0.0,6.5,0.8881,0.04026,0.02252,-0.034
defcnd3,50000,0.0,7.0,0.9418,0.04035,0.02173,-0.0311
defcnd3,50000,0.0,7.5,0.9915,0.0406,0.02113,-0.028
defcnd3,50000,0.0,8.0,1.0325,0.04193,0.0216,-0.0246
defcnd3,50000,0.0,8.5,1.0613,0.04443,0.02335,-0.0204
defcnd3,50000,0.0,9.0,1.0896,0.0468,0.02464,-0.0164
defcnd3,50000,0.0,9.5,1.08,0.05289,0.03076,-0.0113
defcnd3,50000,0.0,10.0,1.0888,0.05942,0.03544,-0.0082
defcnd3,50000,0.0,10.5,0.9945,0.07321,0.04855,-0.0051
defcnd3,50000,0.0,11.0,0.8781,0.10038,0.07427,-0.0177
defcnd3,50000,0.0,12.0,0.7868,0.16176,0.13093,-0.0487
defcnd3,50000,0.0,12.5,0.7162,0.15769,0.13915,-0.0525
defcnd3,50000,0.0,13.0,0.7367,0.16419,0.14662,-0.053
defcnd3,50000,0.0,13.5,0.7521,0.17377,0.15498,-0.0544
defcnd3,50000,0.0,14.0,0.7477,0.17681,0.16357,-0.0568
defcnd3,50000,0.0,14.5,0.7956,0.18986,0.17165,-0.0564
defcnd3,50000,0.0,15.0,0.8135,0.20436,0.18237,-0.059
defcnd3,100000,0.0,-4.5,-0.392,0.03743,0.01624,-0.0213
defcnd3,100000,0.0,-4.0,-0.3633,0.02952,0.01109,-0.0186
defcnd3,100000,0.0,-3.5,-0.3231,0.02591,0.00722,-0.0155
defcnd3,100000,0.0,-3.0,-0.2258,0.02319,0.0049,-0.0229
defcnd3,100000,0.0,-2.5,-0.1318,0.01997,0.00329,-0.0298
defcnd3,100000,0.0,-2.0,-0.0465,0.01803,0.00227,-0.0348
defcnd3,100000,0.0,-1.5,0.0357,0.01453,0.00305,-0.0347
defcnd3,100000,0.0,-1.0,0.2453,0.01405,0.00275,-0.0616
defcnd3,100000,0.0,-0.5,0.3219,0.01335,0.00201,-0.0657
defcnd3,100000,0.0,0.0,0.374,0.01324,0.0017,-0.0648
defcnd3,100000,0.0,0.5,0.4162,0.01347,0.00172,-0.0621
defcnd3,100000,0.0,1.0,0.4596,0.01383,0.00185,-0.0594
defcnd3,100000,0.0,1.5,0.5038,0.01426,0.00201,-0.0568
defcnd3,100000,0.0,2.0,0.5483,0.01475,0.00223,-0.0541
defcnd3,100000,0.0,2.5,0.5928,0.01529,0.00249,-0.0515
defcnd3,100000,0.0,3.0,0.6369,0.01586,0.00274,-0.0487
defcnd3,100000,0.0,3.5,0.6805,0.01649,0.003,-0.0458
defcnd3,100000,0.0,4.0,0.7251,0.01734,0.00348,-0.0434
defcnd3,100000,0.0,4.5,0.771,0.01842,0.00415,-0.0414
defcnd3,100000,0.0,5.0,0.8185,0.01956,0.00465,-0.0397
defcnd3,100000,0.0,5.5,0.8617,0.02006,0.00512,-0.0372
defcnd3,100000,0.0,6.0,0.9062,0.02095,0.0055,-0.0351
defcnd3,100000,0.0,6.5,0.9518,0.02174,0.00579,-0.0332
defcnd3,100000,0.0,7.0,0.9949,0.0228,0.00664,-0.031
defcnd3,100000,0.0,7.5,1.0372,0.0237,0.00682,-0.0287
defcnd3,100000,0.0,8.0,1.0755,0.02464,0.00694,-0.0259
defcnd3,100000,0.0,8.5,1.1071,0.02603,0.00762,-0.0221
defcnd3,100000,0.0,9.0,1.1361,0.02768,0.00847,-0.0181
defcnd3,100000,0.0,9.5,1.1656,0.02957,0.00924,-0.0145
defcnd3,100000,0.0,10.0,1.1949,0.03142,0.01048,-0.0111
defcnd3,100000,0.0,10.5,1.226,0.03511,0.01284,-0.0086
defcnd3,100000,0.0,11.0,1.2481,0.03838,0.01564,-0.0049
defcnd3,100000,0.0,11.5,1.2649,0.0419,0.01842,-0.0011
defcnd3,100000,0.0,12.0,1.2755,0.04572,0.02122,0.0029
defcnd3,100000,0.0,12.5,1.2693,0.05195,0.02592,0.0069
defcnd3,100000,0.0,13.0,1.2256,0.06115,0.03364,0.01
defcnd3,100000,0.0,13.5,1.164,0.07283,0.04444,0.0081
defcnd3,100000,0.0,14.0,0.8314,0.15007,0.13081,-0.0381
defcnd3,100000,0.0,15.0,0.8068,0.1813,0.16928,-0.0524
defcnd3,500000,0.0,-5.0,-0.3042,0.02601,0.01172,-0.0471
ah82150a,50000,0.0,-5.0,-0.5914,0.05782,0.03811,-0.0321
ah82150a,50000,0.0,-4.5,-0.5444,0.04924,0.02935,-0.0342
ah82150a,50000,0.0,-4.0,-0.5011,0.04542,0.02562,-0.0345
ah82150a,50000,0.0,-3.5,-0.4504,0.04136,0.02155,-0.0344
ah82150a,50000,0.0,-3.0,-0.4033,0.0383,0.01923,-0.0334
ah82150a,50000,0.0,-2.5,-0.3612,0.03691,0.01841,-0.0313
ah82150a,50000,0.0,-2.0,-0.3188,0.03581,0.01774,-0.0287
ah82150a,50000,0.0,-1.5,-0.1993,0.03866,0.02289,-0.0222
ah82150a,50000,0.0,-1.0,-0.1895,0.0385,0.02245,-0.0178
ah82150a,50000,0.0,-0.5,-0.1796,0.03837,0.0221,-0.0135
ah82150a,50000,0.0,0.0,-0.1692,0.0383,0.02183,-0.0094
ah82150a,50000,0.0,0.5,-0.1577,0.0383,0.02166,-0.0055
ah82150a,50000,0.0,1.0,-0.1395,0.03864,0.02184,-0.0031
ah82150a,50000,0.0,1.5,-0.1118,0.03957,0.02259,-0.0026
ah82150a,50000,0.0,2.0,-0.0776,0.04102,0.02386,-0.0035
ah82150a,50000,0.0,2.5,-0.0401,0.0429,0.02555,-0.0053
ah82150a,50000,0.0,3.0,-0.001,0.04513,0.02759,-0.0076
ah82150a,50000,0.0,3.5,0.0579,0.04886,0.03112,-0.0139
ah82150a,50000,0.0,4.5,0.1954,0.05796,0.03969,-0.0301
ah82150a,50000,0.0,5.0,0.25,0.06197,0.04334,-0.0351
ah82150a,50000,0.0,5.5,0.3061,0.06629,0.04728,-0.0403
ah82150a,50000,0.0,6.5,0.4276,0.07742,0.05598,-0.0518
ah82150a,50000,0.0,7.0,0.4685,0.08158,0.05963,-0.0543
ah82150a,50000,0.0,7.5,0.5148,0.08643,0.06358,-0.0575
ah82150a,50000,0.0,8.0,0.5558,0.09089,0.06735,-0.0597
ah82150a,50000,0.0,8.5,0.5989,0.09562,0.07121,-0.062
ah82150a,50000,0.0,9.0,0.6634,0.09143,0.06765,-0.0584
ah82150a,50000,0.0,9.5,0.7065,0.09464,0.07016,-0.0593
ah82150a,50000,0.0,10.0,0.7452,0.09768,0.0726,-0.0595
ah82150a,50000,0.0,10.5,0.7781,0.10075,0.0752,-0.0591
ah82150a,50000,0.0,11.0,0.9807,0.07504,0.04801,-0.0481
ah82150a,50000,0.0,11.5,1.0001,0.06173,0.02944,-0.0284
ah82150a,50000,0.0,12.0,0.9967,0.06812,0.03378,-0.0259
ah82150a,50000,0.0,12.5,1.0678,0.06823,0.0304,-0.0206
ah82150a,50000,0.0,13.0,1.1881,0.07179,0.02942,-0.0192
ah82150a,50000,0.0,13.5,1.1989,0.08005,0.03632,-0.0176
ah82150a,50000,0.0,14.0,1.1672,0.08956,0.04616,-0.0165
ah82150a,50000,0.0,14.5,1.1127,0.10121,0.05969,-0.0181
ah82150a,50000,0.0,15.0,1.049,0.11627,0.07848,-0.0243
ah82150a,100000,0.0,-5.0,-0.3271,0.03755,0.02071,-0.0751
ah82150a,100000,0.0,-4.5,-0.2836,0.03521,0.01888,-0.0742
ah82150a,100000,0.0,-4.0,-0.2128,0.03303,0.01702,-0.0767
ah82150a,100000,0.0,-3.5,-0.1711,0.03183,0.01647,-0.0751
ah82150a,100000,0.0,-3.0,-0.1384,0.0313,0.01651,-0.0726
ah82150a,100000,0.0,-2.5,-0.1076,0.02996,0.01834,-0.0659
ah82150a,100000,0.0,-2.0,-0.1073,0.0322,0.02021,-0.0515
ah82150a,100000,0.0,-1.5,-0.1087,0.03319,0.021,-0.0398
ah82150a,100000,0.0,-1.0,-0.0876,0.03368,0.02081,-0.0281
ah82150a,100000,0.0,-0.5,0.2517,0.0348,0.02235,-0.079
ah82150a,100000,0.0,0.5,0.3374,0.03618,0.0236,-0.0801
ah82150a,100000,0.0,2.5,0.427,0.03915,0.02526,-0.0644
ah82150a,200000,0.0,-5.0,-0.0919,0.02071,0.0076,-0.1032
ah82150a,200000,0.0,-4.5,-0.0523,0.01928,0.00706,-0.1011
ah82150a,200000,0.0,-4.0,-0.0078,0.01843,0.00664,-0.0999
ah82150a,200000,0.0,-3.5,0.0363,0.01669,0.00603,-0.0995
ah82150a,200000,0.0,-3.0,0.0699,0.01647,0.00764,-0.0948
ah82150a,200000,0.0,-2.5,0.1044,0.01802,0.00936,-0.0893
ah82150a,200000,0.0,-2.0,0.143,0.01909,0.01043,-0.0841
ah82150a,200000,0.0,-1.5,0.1737,0.02026,0.01143,-0.0756
ah82150a,200000,0.0,-1.0,0.2038,0.02102,0.01187,-0.0693
ah82150a,200000,0.0,-0.5,0.2259,0.02143,0.0124,-0.063
ah82150a,200000,0.0,0.0,0.2861,0.02118,0.01202,-0.0651
ah82150a,200000,0.0,0.5,0.3445,0.02067,0.01152,-0.0656
ah82150a,200000,0.0,1.0,0.3775,0.02126,0.01197,-0.0635
ah82150a,200000,0.0,1.5,0.4308,0.02114,0.0118,-0.064
ah82150a,200000,0.0,2.0,0.4984,0.0206,0.01122,-0.0667
ah82150a,200000,0.0,2.5,0.5694,0.02016,0.0105,-0.0698
ah82150a,200000,0.0,3.0,0.6043,0.02106,0.01131,-0.0687
ah82150a,200000,0.0,3.5,0.6685,0.02049,0.01071,-0.0706
ah82150a,200000,0.0,4.0,0.7382,0.01976,0.00989,-0.0731
ah82150a,200000,0.0,4.5,0.7822,0.02011,0.01,-0.0723
ah82150a,200000,0.0,5.0,0.8407,0.01975,0.00954,-0.0733
ah82150a,200000,0.0,5.5,0.9156,0.01876,0.00843,-0.0765
ah82150a,200000,0.0,6.0,0.9609,0.01899,0.00837,-0.0758
ah82150a,200000,0.0,6.5,1.0312,0.01803,0.00725,-0.0783
ah82150a,200000,0.0,7.0,1.0925,0.0157,0.00433,-0.0773
ah82150a,200000,0.0,7.5,1.118,0.01525,0.00286,-0.0715
ah82150a,200000,0.0,8.0,1.1161,0.01667,0.00225,-0.0625
ah82150a,200000,0.0,8.5,1.0751,0.02124,0.00393,-0.0513
ah82150a,200000,0.0,9.0,1.0322,0.0284,0.00791,-0.0442
ah82150a,200000,0.0,9.5,1.0455,0.03255,0.01025,-0.0425
ah82150a,200000,0.0,10.0,1.0594,0.03671,0.01289,-0.0412
ah82150a,200000,0.0,10.5,1.0715,0.04098,0.01565,-0.0397
ah82150a,200000,0.0,11.0,1.0875,0.04499,0.01806,-0.038
ah82150a,200000,0.0,11.5,1.1127,0.04827,0.01973,-0.0364
ah82150a,200000,0.0,12.0,1.1362,0.05162,0.02188,-0.0356
ah82150a,200000,0.0,12.5,1.1687,0.05478,0.02298,-0.0338
ah82150a,200000,0.0,13.0,1.2143,0.06006,0.02468,-0.0315
ah82150a,200000,0.0,13.5,1.221,0.0658,0.02906,-0.0298
ah82150a,200000,0.0,14.0,1.215,0.07362,0.03527,-0.0281
ah82150a,200000,0.0,14.5,1.2131,0.08315,0.04246,-0.0269
ah82150a,200000,0.0,15.0,1.1967,0.08972,0.04999,-0.0272
ah82150a,500000,0.0,-5.0,-0.0947,0.01308,0.00263,-0.0979
ah82150a,500000,0.0,-4.5,-0.043,0.01231,0.00226,-0.0979
ah82150a,500000,0.0,-4.0,0.0099,0.01167,0.00186,-0.098
ah82150a,500000,0.0,-3.5,0.0632,0.01117,0.00164,-0.0984
ah82150a,500000,0.0,-3.0,0.1111,0.00905,0.00128,-0.0995
ah82150a,500000,0.0,-2.5,0.1643,0.00867,0.00184,-0.0994
ah82150a,500000,0.0,-2.0,0.2212,0.00902,0.00221,-0.0995
ah82150a,500000,0.0,-1.5,0.2755,0.0095,0.00277,-0.0987
ah82150a,500000,0.0,-1.0,0.3261,0.01029,0.00354,-0.0967
ah82150a,500000,0.0,-0.5,0.3807,0.01067,0.00381,-0.0965
ah82150a,500000,0.0,0.0,0.4343,0.01059,0.0039,-0.0962
ah82150a,500000,0.0,0.5,0.4917,0.01046,0.00375,-0.0971
ah82150a,500000,0.0,1.0,0.5497,0.01035,0.00355,-0.098
ah82150a,500000,0.0,1.5,0.6084,0.01048,0.00344,-0.0993
ah82150a,500000,0.0,2.0,0.6654,0.01036,0.00332,-0.1002
ah82150a,500000,0.0,2.5,0.7228,0.01028,0.00318,-0.1012
ah82150a,500000,0.0,3.0,0.7806,0.0102,0.00296,-0.1021
ah82150a,500000,0.0,3.5,0.8392,0.0103,0.00277,-0.1034
ah82150a,500000,0.0,4.0,0.8951,0.01028,0.00264,-0.104
ah82150a,500000,0.0,4.5,0.9513,0.01016,0.00245,-0.1048
ah82150a,500000,0.0,5.0,1.0071,0.01011,0.00213,-0.1052
ah82150a,500000,0.0,5.5,1.0562,0.00993,0.00159,-0.1042
ah82150a,500000,0.0,6.0,1.1004,0.01019,0.00124,-0.1024
ah82150a,500000,0.0,6.5,1.1246,0.01148,0.00129,-0.0973
ah82150a,500000,0.0,7.0,1.1195,0.01394,0.00199,-0.0877
ah82150a,500000,0.0,7.5,1.0727,0.01938,0.00457,-0.0745
ah82150a,500000,0.0,8.0,1.0831,0.02235,0.00592,-0.0697
ah82150a,500000,0.0,8.5,1.1077,0.02442,0.00697,-0.067
ah82150a,500000,0.0,9.0,1.1289,0.02679,0.00831,-0.0642
ah82150a,500000,0.0,9.5,1.1443,0.02972,0.01005,-0.0612
ah82150a,500000,0.0,10.0,1.1552,0.03315,0.01217,-0.058
ah82150a,500000,0.0,10.5,1.1623,0.03708,0.01466,-0.0548
ah82150a,500000,0.0,11.0,1.1674,0.04124,0.01719,-0.0513
ah82150a,500000,0.0,11.5,1.1818,0.04486,0.01916,-0.0483
ah82150a,500000,0.0,12.0,1.2048,0.0477,0.02121,-0.0471
ah82150a,500000,0.0,12.5,1.2247,0.05093,0.0234,-0.0457
ah82150a,500000,0.0,13.0,1.2401,0.05469,0.02583,-0.0438
ah82150a,500000,0.0,13.5,1.2535,0.0588,0.0284,-0.0415
ah82150a,500000,0.0,14.0,1.2578,0.06312,0.03117,-0.0377
ah82150a,500000,0.0,14.5,1.2585,0.0703,0.03632,-0.0354
ah82150a,500000,0.0,15.0,1.2321,0.08154,0.04598,-0.0342
ah82150a,1000000,0.0,-5.0,-0.0991,0.00992,0.00091,-0.0968
ah82150a,1000000,0.0,-4.5,-0.0438,0.00964,0.00079,-0.0973
ah82150a,1000000,0.0,-4.0,0.0118,0.00929,0.00062,-0.098
ah82150a,1000000,0.0,-3.5,0.0676,0.00886,0.00048,-0.0986
ah82150a,1000000,0.0,-3.0,0.1222,0.00811,0.00032,-0.0993
ah82150a,1000000,0.0,-2.0,0.2326,0.00606,0.00025,-0.1018
ah82150a,1000000,0.0,-1.5,0.2907,0.00618,0.00037,-0.1025
ah82150a,1000000,0.0,-1.0,0.3485,0.00661,0.00071,-0.103
ah82150a,1000000,0.0,-0.5,0.4044,0.00675,0.00102,-0.1029
ah82150a,1000000,0.0,0.0,0.4617,0.00695,0.00113,-0.1033
ah82150a,1000000,0.0,0.5,0.5197,0.00703,0.00111,-0.1041
ah82150a,1000000,0.0,1.0,0.5777,0.00693,0.00101,-0.1052
ah82150a,1000000,0.0,1.5,0.6357,0.00696,0.00097,-0.1062
ah82150a,1000000,0.0,2.0,0.6934,0.00691,0.00092,-0.1071
ah82150a,1000000,0.0,2.5,0.7511,0.0069,0.00086,-0.108
ah82150a,1000000,0.0,3.0,0.8081,0.00694,0.00077,-0.1087
ah82150a,1000000,0.0,3.5,0.8644,0.00708,0.00071,-0.1094
ah82150a,1000000,0.0,4.0,0.9215,0.00708,0.00064,-0.1102
ah82150a,1000000,0.0,4.5,0.9749,0.00721,0.00045,-0.1102
ah82150a,1000000,0.0,5.0,1.0269,0.00746,0.00033,-0.1099
ah82150a,1000000,0.0,5.5,1.0675,0.00831,0.00038,-0.1077
ah82150a,1000000,0.0,6.0,1.0935,0.01003,0.00088,-0.1032
ah82150a,1000000,0.0,7.0,1.0714,0.01654,0.00342,-0.0829
ah82150a,1000000,0.0,7.5,1.1058,0.01764,0.0039,-0.0807
ah82150a,1000000,0.0,8.0,1.1371,0.01903,0.00454,-0.0782
ah82150a,1000000,0.0,8.5,1.1645,0.02076,0.00538,-0.0755
ah82150a,1000000,0.0,9.0,1.1888,0.02279,0.00644,-0.0726
ah82150a,1000000,0.0,9.5,1.2091,0.0252,0.00778,-0.0696
ah82150a,1000000,0.0,10.0,1.2275,0.02787,0.00934,-0.0667
ah82150a,1000000,0.0,10.5,1.2441,0.03072,0.01108,-0.0638
ah82150a,1000000,0.0,11.0,1.2619,0.0336,0.01286,-0.0614
ah82150a,1000000,0.0,11.5,1.2788,0.03663,0.01483,-0.0593
ah82150a,1000000,0.0,12.0,1.2883,0.04043,0.01732,-0.0568
ah82150a,1000000,0.0,12.5,1.2842,0.04572,0.02077,-0.0532
ah82150a,1000000,0.0,13.0,1.3088,0.04856,0.02285,-0.0528
ah82150a,1000000,0.0,13.5,1.3259,0.05214,0.02531,-0.0517
ah82150a,1000000,0.0,14.0,1.3308,0.05717,0.02887,-0.05
ah82150a,1000000,0.0,14.5,1.3333,0.06267,0.03272,-0.0481
ys900,50000,0.0,-4.5,-0.6715,0.04593,0.0221,0.0185
ys900,50000,0.0,-4.0,-0.5085,0.00241,-0.0045,0.0063
ys900,50000,0.0,-3.5,-0.5203,0.00164,-0.00834,0.0134
ys900,50000,0.0,-3.0,-0.5225,0.0011,-0.01212,0.0201
ys900,50000,0.0,-2.5,-0.5104,0.00074,-0.01564,0.0255
ys900,200000,0.0,-5.0,-0.6923,0.04815,0.02526,0.0204
ys900,200000,0.0,-4.0,-0.6528,0.03502,0.01607,0.0318
ys900,200000,0.0,-2.5,-0.5109,0.02228,0.00556,0.0443
ys900,200000,0.0,-2.0,-0.4521,0.01901,0.00375,0.0466
ys900,200000,0.0,-1.5,-0.4091,0.01682,0.00295,0.05
ys900,200000,0.0,-1.0,-0.3676,0.01565,0.00276,0.0531
ys900,200000,0.0,-0.5,-0.032,0.01673,0.00804,-0.0036
ys900,200000,0.0,0.0,-0.0,0.01669,0.00803,-0.0
ys900,200000,0.0,0.5,0.032,0.01672,0.00804,0.0036
ys900,200000,0.0,1.0,0.0639,0.01684,0.00808,0.0073
ys900,200000,0.0,1.5,0.0953,0.01703,0.00817,0.011
ys900,200000,0.0,2.0,0.1259,0.01732,0.00832,0.0147
ys900,200000,0.0,2.5,0.5108,0.02227,0.00556,-0.0443
ys900,200000,0.0,4.0,0.6528,0.03502,0.01608,-0.0318
ys900,500000,0.0,-4.5,-0.2912,2e-05,-0.01806,-0.0286
ys900,500000,0.0,-4.0,-0.3059,1e-05,-0.01904,-0.0172
ys900,1000000,0.0,-5.0,-0.5494,0.0309,0.01584,-0.0071
ys900,1000000,0.0,-4.5,-0.5134,0.02609,0.01165,-0.0021
ys900,1000000,0.0,-4.0,-0.4591,0.02291,0.00801,0.0006
hq3010,50000,0.0,-5.0,-0.3998,0.07736,0.0597,0.0104
hq3010,50000,0.0,-4.5,-0.4071,0.07407,0.05634,0.0191
hq3010,50000,0.0,-4.0,-0.4086,0.0697,0.05225,0.0264
hq3010,50000,0.0,-3.5,-0.3278,0.03985,0.01846,-0.0401
hq3010,50000,0.0,-3.0,-0.2824,0.03456,0.01339,-0.0391
hq3010,50000,0.0,-2.5,-0.2401,0.03064,0.01017,-0.0374
hq3010,50000,0.0,-2.0,-0.1988,0.02747,0.00751,-0.0343
hq3010,50000,0.0,-1.5,-0.1565,0.02461,0.00534,-0.0318
hq3010,50000,0.0,-1.0,-0.1316,0.02206,0.00509,-0.0216
hq3010,50000,0.0,-0.5,-0.0901,0.02272,0.0051,-0.0218
hq3010,50000,0.0,0.0,-0.0503,0.02361,0.00574,-0.0218
hq3010,50000,0.0,0.5,-0.0122,0.02469,0.00661,-0.0217
hq3010,50000,0.0,1.0,0.0244,0.02594,0.00769,-0.0215
hq3010,50000,0.0,1.5,0.0755,0.02779,0.00946,-0.0243
hq3010,50000,0.0,2.0,0.1646,0.0311,0.01251,-0.0339
hq3010,50000,0.0,2.5,0.2557,0.03407,0.01533,-0.0429
hq3010,50000,0.0,3.0,0.3274,0.03585,0.01746,-0.0478
hq3010,50000,0.0,3.5,0.4124,0.03779,0.01935,-0.054
hq3010,50000,0.0,4.0,0.4853,0.03906,0.02081,-0.0576
hq3010,50000,0.0,4.5,0.551,0.04005,0.02187,-0.0593
hq3010,50000,0.0,5.0,0.6279,0.04041,0.02228,-0.0614
hq3010,50000,0.0,5.5,0.7224,0.03918,0.02109,-0.0635
hq3010,50000,0.0,6.0,0.8547,0.03472,0.01727,-0.0673
hq3010,50000,0.0,6.5,1.002,0.02898,0.01115,-0.0714
hq3010,50000,0.0,7.0,1.0497,0.02835,0.00915,-0.0663
hq3010,50000,0.0,7.5,1.0751,0.02846,0.0069,-0.0591
hq3010,50000,0.0,8.0,1.105,0.03044,0.00711,-0.0547
hq3010,50000,0.0,8.5,1.1149,0.03228,0.00703,-0.0479
hq3010,50000,0.0,9.0,1.0873,0.03423,0.00715,-0.0372
hq3010,50000,0.0,9.5,1.0568,0.03881,0.00915,-0.0293
hq3010,50000,0.0,10.0,1.0455,0.04562,0.01313,-0.024
hq3010,50000,0.0,10.5,1.0681,0.05184,0.01643,-0.0207
hq3010,50000,0.0,11.0,1.0933,0.05808,0.02005,-0.0186
hq3010,50000,0.0,11.5,1.1065,0.06663,0.02607,-0.0171
hq3010,50000,0.0,12.0,1.0906,0.07544,0.0341,-0.0161
hq3010,50000,0.0,12.5,1.0594,0.08508,0.0443,-0.0176
hq3010,50000,0.0,13.0,1.0114,0.09831,0.05981,-0.0238
hq3010,50000,0.0,13.5,0.9455,0.11984,0.08657,-0.0381
hq3010,50000,0.0,14.0,0.9101,0.13996,0.11201,-0.0499
hq3010,50000,0.0,14.5,0.8992,0.15478,0.13101,-0.0571
hq3010,50000,0.0,15.0,0.8989,0.16749,0.14667,-0.0621
hq3010,100000,0.0,-5.0,-0.4564,0.06188,0.04398,-0.0306
hq3010,100000,0.0,-4.5,-0.4207,0.05276,0.03498,-0.0381
hq3010,100000,0.0,-4.0,-0.3606,0.04489,0.02773,-0.0443
hq3010,100000,0.0,-3.5,-0.2696,0.02993,0.01051,-0.0477
hq3010,100000,0.0,-3.0,-0.2019,0.02832,0.00903,-0.051
hq3010,100000,0.0,-2.5,-0.1356,0.02457,0.00655,-0.0527
hq3010,100000,0.0,-2.0,-0.0718,0.02233,0.00527,-0.0545
hq3010,100000,0.0,-1.5,-0.0397,0.02014,0.00544,-0.0488
hq3010,100000,0.0,-0.5,0.112,0.02055,0.00696,-0.0553
hq3010,100000,0.0,0.0,0.1772,0.02099,0.00763,-0.0589
hq3010,100000,0.0,0.5,0.2636,0.02134,0.00836,-0.0654
hq3010,100000,0.0,1.0,0.3184,0.02179,0.00902,-0.0663
hq3010,100000,0.0,1.5,0.3907,0.02192,0.00946,-0.0695
hq3010,100000,0.0,2.0,0.5056,0.02092,0.00918,-0.0789
hq3010,100000,0.0,2.5,0.5709,0.02071,0.00915,-0.0801
hq3010,100000,0.0,3.0,0.6155,0.02093,0.00926,-0.0778
hq3010,100000,0.0,3.5,0.7156,0.01908,0.00774,-0.0827
hq3010,100000,0.0,4.0,0.7731,0.01865,0.00712,-0.0816
hq3010,100000,0.0,4.5,0.8539,0.01726,0.0053,-0.0832
hq3010,100000,0.0,5.0,0.9133,0.01659,0.00421,-0.0818
hq3010,100000,0.0,5.5,0.9548,0.0161,0.00283,-0.0771
hq3010,100000,0.0,6.0,0.9888,0.01675,0.00175,-0.072
hq3010,100000,0.0,6.5,1.0213,0.01807,0.00155,-0.0679
hq3010,100000,0.0,7.0,1.0521,0.01957,0.00141,-0.0639
hq3010,100000,0.0,7.5,1.0772,0.02124,0.00123,-0.0593
hq3010,100000,0.0,8.0,1.0954,0.02345,0.00107,-0.0542
hq3010,100000,0.0,8.5,1.0939,0.02746,0.00214,-0.0463
hq3010,100000,0.0,9.0,1.1033,0.03046,0.00314,-0.0398
hq3010,100000,0.0,9.5,1.1057,0.03386,0.00471,-0.0336
hq3010,100000,0.0,10.0,1.1046,0.03793,0.00687,-0.028
hq3010,100000,0.0,10.5,1.116,0.04243,0.00914,-0.024
hq3010,100000,0.0,11.0,1.1462,0.04823,0.01202,-0.0218
hq3010,100000,0.0,11.5,1.1687,0.05564,0.01661,-0.0198
hq3010,100000,0.0,12.0,1.1533,0.06242,0.02287,-0.0163
hq3010,100000,0.0,12.5,1.1165,0.07193,0.03234,-0.0153
hq3010,100000,0.0,13.0,1.0758,0.08299,0.04388,-0.018
hq3010,100000,0.0,13.5,1.0337,0.09615,0.05837,-0.0245
hq3010,100000,0.0,14.0,0.9918,0.11228,0.07732,-0.0347
hq3010,100000,0.0,14.5,0.9482,0.13295,0.10358,-0.0484
hq3010,100000,0.0,15.0,0.9178,0.15349,0.13137,-0.0599
hq3010,200000,0.0,-5.0,-0.2237,0.02784,0.01046,-0.0797
hq3010,200000,0.0,-4.5,-0.1687,0.0215,0.00484,-0.0796
hq3010,200000,0.0,-4.0,-0.0969,0.01801,0.00226,-0.0822
hq3010,200000,0.0,-3.5,-0.0173,0.01698,0.00256,-0.0878
hq3010,200000,0.0,-3.0,0.029,0.01513,0.0017,-0.086
hq3010,200000,0.0,-2.5,0.0975,0.01245,0.00146,-0.09
hq3010,200000,0.0,-2.0,0.1657,0.0121,0.00224,-0.0912
hq3010,200000,0.0,-1.5,0.21,0.0122,0.0028,-0.0882
hq3010,200000,0.0,-1.0,0.2709,0.01197,0.00311,-0.0876
hq3010,200000,0.0,-0.5,0.3122,0.01184,0.00332,-0.0839
hq3010,200000,0.0,0.0,0.3735,0.01146,0.00322,-0.0843
hq3010,200000,0.0,0.5,0.4204,0.01111,0.00315,-0.0819
hq3010,200000,0.0,1.0,0.4933,0.01071,0.00288,-0.0849
hq3010,200000,0.0,1.5,0.5685,0.01041,0.00258,-0.0891
hq3010,200000,0.0,2.0,0.6181,0.01054,0.00265,-0.0885
hq3010,200000,0.0,2.5,0.6767,0.01043,0.00224,-0.0885
hq3010,200000,0.0,3.0,0.7274,0.01048,0.00219,-0.0875
hq3010,200000,0.0,3.5,0.7836,0.01047,0.00178,-0.087
hq3010,200000,0.0,4.0,0.8349,0.01052,0.00135,-0.0857
hq3010,200000,0.0,4.5,0.8741,0.01086,0.00034,-0.0815
hq3010,200000,0.0,5.0,0.9162,0.0117,0.00027,-0.079
hq3010,200000,0.0,5.5,0.9522,0.01291,0.00026,-0.0757
hq3010,200000,0.0,6.0,0.9877,0.01418,0.00026,-0.0726
hq3010,200000,0.0,6.5,1.0203,0.01566,0.00012,-0.0691
hq3010,200000,0.0,7.0,1.0536,0.01712,-9e-05,-0.0658
hq3010,200000,0.0,7.5,1.0683,0.01996,0.00052,-0.0599
hq3010,200000,0.0,8.0,1.0948,0.02155,0.00053,-0.055
hq3010,200000,0.0,8.5,1.1179,0.02325,0.00062,-0.0498
hq3010,200000,0.0,9.0,1.1335,0.02539,0.00105,-0.0439
hq3010,200000,0.0,9.5,1.1399,0.02812,0.00202,-0.0374
hq3010,200000,0.0,10.0,1.1423,0.03164,0.00358,-0.0314
hq3010,200000,0.0,10.5,1.1545,0.03622,0.00565,-0.0269
hq3010,200000,0.0,11.0,1.193,0.04302,0.00873,-0.0253
hq3010,200000,0.0,11.5,1.1916,0.05085,0.01478,-0.02
hq3010,200000,0.0,12.0,1.1792,0.05991,0.02196,-0.0164
hq3010,200000,0.0,12.5,1.1204,0.07019,0.03269,-0.0146
hq3010,200000,0.0,13.0,1.0753,0.08149,0.04441,-0.0175
hq3010,200000,0.0,13.5,1.0361,0.09411,0.05811,-0.0239
hq3010,200000,0.0,14.0,1.0029,0.10839,0.07436,-0.0329
hq3010,200000,0.0,14.5,0.9759,0.12402,0.09311,-0.0432
hq3010,200000,0.0,15.0,0.9473,0.14266,0.11739,-0.0547
hq3010,500000,0.0,-5.0,-0.1179,0.01281,-0.00108,-0.0944
hq3010,500000,0.0,-4.5,-0.0661,0.01135,-0.00166,-0.0935
hq3010,500000,0.0,-4.0,-0.0145,0.01036,-0.00176,-0.0929
hq3010,500000,0.0,-3.5,0.0395,0.00975,-0.00174,-0.0926
hq3010,500000,0.0,-3.0,0.0929,0.00906,-0.00154,-0.0923
hq3010,500000,0.0,-2.5,0.1473,0.00854,-0.00144,-0.0922
hq3010,500000,0.0,-2.0,0.1986,0.00714,-0.00129,-0.0924
hq3010,500000,0.0,-1.5,0.2517,0.00675,-0.00087,-0.0918
hq3010,500000,0.0,-1.0,0.3054,0.00664,-0.00049,-0.0912
hq3010,500000,0.0,-0.5,0.3588,0.00662,-0.00021,-0.0904
hq3010,500000,0.0,0.0,0.413,0.00668,2e-05,-0.0899
hq3010,500000,0.0,0.5,0.4676,0.00667,0.00014,-0.0896
hq3010,500000,0.0,1.0,0.5225,0.00666,0.00024,-0.0894
hq3010,500000,0.0,1.5,0.5758,0.00663,0.00023,-0.0888
hq3010,500000,0.0,2.0,0.629,0.00666,0.00025,-0.0882
hq3010,500000,0.0,2.5,0.6795,0.00659,0.00018,-0.0869
hq3010,500000,0.0,3.0,0.7395,0.00659,4e-05,-0.0877
hq3010,500000,0.0,3.5,0.7922,0.00691,-6e-05,-0.0873
hq3010,500000,0.0,4.0,0.8246,0.00846,-0.00014,-0.0832
hq3010,500000,0.0,4.5,0.8641,0.00979,5e-05,-0.0808
hq3010,500000,0.0,5.0,0.9102,0.0106,0.00015,-0.0795
hq3010,500000,0.0,5.5,0.9523,0.01169,0.00018,-0.0775
hq3010,500000,0.0,6.0,0.9868,0.01335,0.00043,-0.0744
hq3010,500000,0.0,6.5,1.0239,0.01474,0.0005,-0.0713
hq3010,500000,0.0,7.0,1.0669,0.01555,0.00011,-0.0692
hq3010,500000,0.0,7.5,1.1065,0.01652,-0.0002,-0.0664
hq3010,500000,0.0,8.0,1.1419,0.01768,-0.0004,-0.0629
hq3010,500000,0.0,8.5,1.166,0.01906,-0.00057,-0.0573
hq3010,500000,0.0,9.0,1.1726,0.0213,-0.00034,-0.0492
hq3010,500000,0.0,9.5,1.1633,0.02522,0.00102,-0.0399
hq3010,1000000,0.0,-5.0,-0.13,0.00996,-0.00267,-0.0901
hq3010,1000000,0.0,-4.5,-0.0762,0.00918,-0.00266,-0.0899
hq3010,1000000,0.0,-4.0,-0.0222,0.00835,-0.00268,-0.0898
hq3010,1000000,0.0,-3.5,0.033,0.00794,-0.00249,-0.0898
hq3010,1000000,0.0,-3.0,0.0882,0.00756,-0.00233,-0.0899
hq3010,1000000,0.0,-2.5,0.1434,0.00711,-0.00218,-0.0899
hq3010,1000000,0.0,-2.0,0.1994,0.00677,-0.00191,-0.0902
hq3010,1000000,0.0,-1.5,0.2543,0.00604,-0.00173,-0.0907
hq3010,1000000,0.0,-1.0,0.308,0.00535,-0.00146,-0.0909
hq3010,1000000,0.0,-0.5,0.3638,0.00513,-0.00114,-0.091
hq3010,1000000,0.0,0.0,0.4186,0.00506,-0.00084,-0.0908
hq3010,1000000,0.0,0.5,0.4735,0.00518,-0.00065,-0.0906
hq3010,1000000,0.0,1.0,0.5293,0.00518,-0.00052,-0.0906
hq3010,1000000,0.0,1.5,0.5835,0.00538,-0.00045,-0.0904
hq3010,1000000,0.0,2.0,0.6393,0.00542,-0.00039,-0.0905
hq3010,1000000,0.0,2.5,0.6923,0.00564,-0.00036,-0.09
hq3010,1000000,0.0,3.0,0.7441,0.00591,-0.00034,-0.0893
hq3010,1000000,0.0,4.0,0.8229,0.00825,8e-05,-0.0839
hq3010,1000000,0.0,4.5,0.8662,0.00942,0.00031,-0.0822
hq3010,1000000,0.0,5.0,0.9065,0.0108,0.00074,-0.0799
hq3010,1000000,0.0,5.5,0.9524,0.01164,0.00076,-0.0783
hq3010,1000000,0.0,6.0,1.0011,0.01218,0.00052,-0.0772
hq3010,1000000,0.0,6.5,1.0486,0.01277,0.00019,-0.0758
hq3010,1000000,0.0,7.0,1.0948,0.01343,-0.0003,-0.0741
naca64210,50000,0.0,-5.0,-0.5075,0.03716,0.0137,-0.0244
naca64210,50000,0.0,-4.5,-0.4761,0.03085,0.00814,-0.0199
naca64210,50000,0.0,-4.0,-0.4427,0.0278,0.00532,-0.0161
naca64210,50000,0.0,-3.5,-0.4076,0.02538,0.003,-0.0116
naca64210,50000,0.0,-3.0,-0.3788,0.02307,0.00116,-0.0069
naca64210,50000,0.0,-2.5,-0.3863,0.01984,0.00039,0.0069
naca64210,50000,0.0,-2.0,-0.0428,0.02743,0.00347,-0.0242
naca64210,50000,0.0,-1.5,-0.0528,0.02728,0.00343,-0.0184
naca64210,50000,0.0,-1.0,-0.0643,0.02694,0.00332,-0.0124
naca64210,50000,0.0,-0.5,-0.078,0.02631,0.00309,-0.0062
naca64210,50000,0.0,0.0,-0.0949,0.0253,0.00269,0.0007
naca64210,50000,0.0,0.5,-0.1098,0.02413,0.00218,0.0078
naca64210,50000,0.0,1.0,-0.1054,0.02371,0.00203,0.0126
naca64210,50000,0.0,1.5,-0.0845,0.02408,0.00232,0.015
naca64210,50000,0.0,2.0,-0.0191,0.02569,0.00396,0.0095
naca64210,50000,0.0,2.5,0.0413,0.02792,0.00568,0.0048
naca64210,50000,0.0,3.0,0.1068,0.03038,0.00752,-0.0005
naca64210,50000,0.0,3.5,0.1484,0.03171,0.00892,-0.0014
naca64210,50000,0.0,4.0,0.226,0.03471,0.0112,-0.008
naca64210,50000,0.0,4.5,0.2793,0.03618,0.01301,-0.0101
naca64210,50000,0.0,5.0,0.3437,0.03797,0.01489,-0.0132
naca64210,50000,0.0,5.5,0.6276,0.02583,0.00311,-0.0111
naca64210,50000,0.0,6.0,0.6969,0.03037,0.0063,-0.0111
naca64210,50000,0.0,7.0,0.7805,0.0492,0.01922,-0.0065
naca64210,50000,0.0,7.5,0.7931,0.0569,0.02538,-0.0031
naca64210,50000,0.0,8.5,0.8177,0.06426,0.03238,0.0034
naca64210,50000,0.0,9.0,0.8158,0.07349,0.03934,0.0059
naca64210,50000,0.0,9.5,0.7786,0.07581,0.04436,0.0126
naca64210,50000,0.0,10.0,0.6704,0.0886,0.05994,0.0082
naca64210,50000,0.0,11.5,0.565,0.13785,0.10054,-0.0303
naca64210,50000,0.0,12.5,0.5847,0.15755,0.11787,-0.0368
naca64210,50000,0.0,13.0,0.6007,0.16518,0.12494,-0.0389
naca64210,50000,0.0,13.5,0.6119,0.17221,0.13321,-0.0431
naca64210,50000,0.0,14.0,0.6717,0.19835,0.144,-0.0412
naca64210,50000,0.0,14.5,0.6678,0.20207,0.15336,-0.0483
naca64210,50000,0.0,15.0,0.6464,0.1955,0.16162,-0.0578
naca64210,100000,0.0,-5.0,-0.5173,0.03047,0.00859,-0.0188
naca64210,100000,0.0,-4.5,-0.4889,0.02826,0.006,-0.0147
naca64210,100000,0.0,-4.0,-0.462,0.02416,0.00353,-0.0111
naca64210,100000,0.0,-3.5,-0.42,0.02183,0.00149,-0.0091
naca64210,100000,0.0,-3.0,-0.3542,0.01951,-1e-05,-0.0115
naca64210,100000,0.0,-2.5,-0.3054,0.01567,-0.00083,-0.0112
naca64210,100000,0.0,-2.0,-0.2504,0.01802,0.00136,-0.0061
naca64210,100000,0.0,-1.5,-0.2238,0.02002,0.00224,0.0058
naca64210,100000,0.0,-1.0,-0.1267,0.02023,0.00263,-0.0029
naca64210,100000,0.0,-0.5,-0.0077,0.02051,0.00308,-0.0163
naca64210,100000,0.0,0.0,0.0765,0.02081,0.00328,-0.0235
naca64210,100000,0.0,0.5,0.1608,0.02061,0.00356,-0.0314
naca64210,100000,0.0,1.0,0.2708,0.02034,0.00372,-0.0438
naca64210,100000,0.0,1.5,0.3903,0.01974,0.00348,-0.0572
naca64210,100000,0.0,2.0,0.4779,0.01935,0.00331,-0.0645
naca64210,100000,0.0,2.5,0.4705,0.0198,0.00443,-0.0558
naca64210,100000,0.0,3.0,0.5322,0.01908,0.00418,-0.0564
naca64210,100000,0.0,3.5,0.558,0.01778,0.00341,-0.0486
naca64210,100000,0.0,4.0,0.5989,0.01461,0.00013,-0.0386
naca64210,100000,0.0,4.5,0.6183,0.01442,-0.00207,-0.0281
naca64210,100000,0.0,5.0,0.6234,0.01933,-0.0,-0.0208
naca64210,100000,0.0,5.5,0.6623,0.0221,0.00164,-0.0177
naca64210,100000,0.0,6.0,0.7145,0.02551,0.00393,-0.0166
naca64210,100000,0.0,6.5,0.7596,0.03196,0.00768,-0.0145
naca64210,100000,0.0,7.0,0.7989,0.03614,0.01112,-0.012
naca64210,100000,0.0,7.5,0.8283,0.04114,0.01544,-0.0088
naca64210,100000,0.0,8.0,0.8425,0.04742,0.02098,-0.0043
naca64210,100000,0.0,8.5,0.8375,0.05434,0.02723,0.0012
naca64210,100000,0.0,9.0,0.813,0.06066,0.03298,0.0076
naca64210,100000,0.0,9.5,0.773,0.06617,0.03799,0.0137
naca64210,100000,0.0,10.0,0.7318,0.07332,0.04485,0.0151
naca64210,100000,0.0,10.5,0.6923,0.08293,0.0543,0.0119
naca64210,100000,0.0,11.5,0.6295,0.1158,0.08991,-0.007
naca64210,100000,0.0,12.0,0.6327,0.12406,0.09909,-0.0103
naca64210,100000,0.0,12.5,0.6512,0.1315,0.10612,-0.0114
naca64210,100000,0.0,13.0,0.6672,0.14539,0.11458,-0.0133
naca64210,100000,0.0,13.5,0.665,0.15236,0.12585,-0.0182
naca64210,100000,0.0,14.0,0.6513,0.15688,0.13839,-0.0248
naca64210,100000,0.0,14.5,0.6549,0.16346,0.14911,-0.0289
naca64210,100000,0.0,15.0,0.6646,0.17015,0.15933,-0.032
naca64210,200000,0.0,-5.0,-0.4421,0.02478,0.00453,-0.0298
naca64210,200000,0.0,-4.5,-0.3732,0.01927,0.00163,-0.034
naca64210,200000,0.0,-4.0,-0.294,0.01646,-0.0004,-0.0386
naca64210,200000,0.0,-3.5,-0.2224,0.01471,-0.00154,-0.0422
naca64210,200000,0.0,-3.0,-0.1781,0.01066,-0.00243,-0.0422
naca64210,200000,0.0,-2.5,-0.114,0.01049,-0.00154,-0.0429
naca64210,200000,0.0,-1.5,-0.0092,0.01115,-3e-05,-0.0383
naca64210,200000,0.0,-1.0,0.0462,0.01097,7e-05,-0.038
naca64210,200000,0.0,-0.5,0.0982,0.01099,0.00016,-0.0367
naca64210,200000,0.0,0.0,0.148,0.01096,0.00025,-0.0357
naca64210,200000,0.0,0.5,0.1981,0.01078,0.00022,-0.0343
naca64210,200000,0.0,1.0,0.2471,0.01098,0.00016,-0.0325
naca64210,200000,0.0,1.5,0.2967,0.01096,0.00014,-0.0315
naca64210,200000,0.0,2.0,0.3516,0.01079,-0.0002,-0.0308
naca64210,200000,0.0,2.5,0.4112,0.01102,-0.0004,-0.0316
naca64210,200000,0.0,3.0,0.4893,0.01022,-0.00158,-0.035
naca64210,200000,0.0,3.5,0.5611,0.00972,-0.00277,-0.0375
naca64210,200000,0.0,4.0,0.5935,0.01054,-0.00338,-0.0338
naca64210,200000,0.0,4.5,0.5949,0.01459,-0.0018,-0.0263
naca64210,200000,0.0,5.0,0.6354,0.01633,-0.00075,-0.0239
naca64210,200000,0.0,5.5,0.678,0.01859,0.00063,-0.0218
naca64210,200000,0.0,6.0,0.7239,0.02162,0.0022,-0.0202
naca64210,200000,0.0,6.5,0.7678,0.02723,0.00537,-0.0187
naca64210,200000,0.0,7.0,0.8124,0.02901,0.00675,-0.0173
naca64210,200000,0.0,7.5,0.8503,0.03258,0.00946,-0.0151
naca64210,200000,0.0,8.0,0.8764,0.0377,0.01353,-0.0115
naca64210,200000,0.0,8.5,0.8811,0.04474,0.01954,-0.0057
naca64210,200000,0.0,9.0,0.8605,0.05222,0.02607,0.0016
naca64210,200000,0.0,9.5,0.8189,0.05757,0.03069,0.0103
naca64210,200000,0.0,10.0,0.7745,0.06374,0.03637,0.0148
naca64210,200000,0.0,10.5,0.7301,0.07177,0.04425,0.0144
naca64210,200000,0.0,11.0,0.6869,0.083,0.05572,0.0089
naca64210,200000,0.0,11.5,0.6714,0.09817,0.07293,0.0009
naca64210,200000,0.0,12.0,0.644,0.11473,0.09121,-0.0084
naca64210,200000,0.0,12.5,0.6401,0.12502,0.10262,-0.0133
naca64210,200000,0.0,13.0,0.6419,0.13408,0.11309,-0.0174
naca64210,200000,0.0,13.5,0.6472,0.14245,0.1232,-0.0212
naca64210,200000,0.0,14.0,0.6551,0.15032,0.13314,-0.0246
naca64210,200000,0.0,14.5,0.6652,0.15781,0.14299,-0.0277
naca64210,200000,0.0,15.0,0.6775,0.16507,0.15271,-0.0305
naca64210,500000,0.0,-5.0,-0.3487,0.01511,-0.0002,-0.0454
naca64210,500000,0.0,-4.5,-0.298,0.01364,-0.00107,-0.0445
naca64210,500000,0.0,-4.0,-0.249,0.01171,-0.00217,-0.0432
naca64210,500000,0.0,-3.5,-0.1999,0.01046,-0.00281,-0.0421
naca64210,500000,0.0,-3.0,-0.1496,0.00911,-0.00365,-0.0408
naca64210,500000,0.0,-2.5,-0.1009,0.00684,-0.00382,-0.0415
naca64210,500000,0.0,-2.0,-0.047,0.00649,-0.00353,-0.0413
naca64210,500000,0.0,-1.5,0.0063,0.00641,-0.00322,-0.0407
naca64210,500000,0.0,-1.0,0.0603,0.00637,-0.00286,-0.0403
naca64210,500000,0.0,-0.5,0.1142,0.00633,-0.00265,-0.0398
naca64210,500000,0.0,0.0,0.1698,0.00649,-0.00258,-0.0399
naca64210,500000,0.0,0.5,0.2248,0.00637,-0.00251,-0.0399
naca64210,500000,0.0,1.0,0.2796,0.00643,-0.00253,-0.0398
naca64210,500000,0.0,1.5,0.3334,0.00646,-0.00269,-0.0394
naca64210,500000,0.0,2.0,0.3844,0.00655,-0.00293,-0.0382
naca64210,500000,0.0,2.5,0.4363,0.00685,-0.00316,-0.0375
naca64210,500000,0.0,3.0,0.4856,0.00711,-0.00335,-0.0363
naca64210,500000,0.0,3.5,0.5233,0.00883,-0.0032,-0.0337
naca64210,500000,0.0,4.0,0.5538,0.01095,-0.00248,-0.0294
naca64210,500000,0.0,4.5,0.5946,0.01166,-0.00225,-0.0264
naca64210,500000,0.0,5.0,0.6526,0.01311,-0.00149,-0.0276
naca64210,500000,0.0,5.5,0.6981,0.01513,-0.00033,-0.0264
naca64210,500000,0.0,6.0,0.7485,0.01567,-0.00089,-0.0266
naca64210,500000,0.0,6.5,0.793,0.01756,-8e-05,-0.0254
naca64210,500000,0.0,7.0,0.8408,0.0184,0.00012,-0.0248
naca64210,500000,0.0,7.5,0.8865,0.01931,0.00023,-0.0239
naca64210,500000,0.0,8.0,0.9279,0.02029,-0.00021,-0.0226
naca64210,500000,0.0,8.5,0.9615,0.02385,0.00177,-0.0198
naca64210,500000,0.0,9.0,0.9925,0.02715,0.00385,-0.0167
naca64210,500000,0.0,9.5,1.0009,0.03304,0.00845,-0.0109
naca64210,500000,0.0,10.0,0.9613,0.04009,0.0143,0.0006
naca64210,1000000,0.0,-5.0,-0.3735,0.01004,-0.00379,-0.0385
naca64210,1000000,0.0,-4.5,-0.3223,0.00952,-0.00354,-0.038
naca64210,1000000,0.0,-4.0,-0.2684,0.0088,-0.00376,-0.038
naca64210,1000000,0.0,-3.5,-0.2138,0.00822,-0.00395,-0.0379
naca64210,1000000,0.0,-3.0,-0.1592,0.00787,-0.00399,-0.0378
naca64210,1000000,0.0,-2.5,-0.1034,0.00731,-0.00398,-0.0383
naca64210,1000000,0.0,-2.0,-0.0493,0.00618,-0.00403,-0.0391
naca64210,1000000,0.0,-1.5,0.0051,0.00544,-0.00393,-0.0396
naca64210,1000000,0.0,-1.0,0.0614,0.00512,-0.00372,-0.0401
naca64210,1000000,0.0,-0.5,0.1175,0.00504,-0.00358,-0.0404
naca64210,1000000,0.0,0.0,0.1729,0.00503,-0.00348,-0.0406
naca64210,1000000,0.0,0.5,0.2272,0.00513,-0.00343,-0.0404
naca64210,1000000,0.0,1.0,0.2821,0.00524,-0.00342,-0.0405
naca64210,1000000,0.0,1.5,0.3374,0.00549,-0.00348,-0.0407
naca64210,1000000,0.0,2.0,0.3899,0.00593,-0.00351,-0.0405
naca64210,1000000,0.0,2.5,0.4408,0.00682,-0.00341,-0.0403
naca64210,1000000,0.0,3.0,0.4866,0.00846,-0.00303,-0.0395
naca64210,1000000,0.0,3.5,0.537,0.00911,-0.00289,-0.0388
naca64210,1000000,0.0,4.0,0.5899,0.0096,-0.0028,-0.0384
naca64210,1000000,0.0,4.5,0.6388,0.01013,-0.00264,-0.0371
naca64210,1000000,0.0,5.0,0.6861,0.01089,-0.00238,-0.0357
naca64210,1000000,0.0,5.5,0.7267,0.01174,-0.00201,-0.0327
naca64210,1000000,0.0,6.0,0.7726,0.01178,-0.00297,-0.0314
naca64210,1000000,0.0,6.5,0.8258,0.0127,-0.00293,-0.0319
naca64210,1000000,0.0,7.0,0.8748,0.01366,-0.00277,-0.0316
naca64210,1000000,0.0,7.5,0.9265,0.01405,-0.00312,-0.0316
naca64210,1000000,0.0,8.0,0.9797,0.01415,-0.00426,-0.0321
naca64210,1000000,0.0,8.5,1.0195,0.01559,-0.00405,-0.03
naca64210,1000000,0.0,9.0,1.0559,0.01719,-0.00364,-0.0274
naca64210,1000000,0.0,9.5,1.0863,0.01925,-0.00286,-0.0239
naca64210,1000000,0.0,10.0,1.1091,0.02196,-0.00151,-0.0194
naca64210,1000000,0.0,10.5,1.1154,0.02534,0.00053,-0.0125
naca64210,1000000,0.0,11.0,1.1011,0.02928,0.00317,-0.0032
ag03,50000,0.0,-4.5,-0.4358,0.05974,0.05037,0.0238
ag03,50000,0.0,-4.0,-0.3562,0.04708,0.03635,-0.0167
ag03,50000,0.0,-3.5,-0.2378,0.0319,0.01752,-0.0354
ag03,50000,0.0,-3.0,-0.1829,0.02667,0.01213,-0.0344
ag03,50000,0.0,-2.5,-0.1322,0.01305,0.0071,-0.0308
ag03,50000,0.0,-2.0,-0.0799,0.00859,0.00408,-0.0288
ag03,50000,0.0,-1.5,-0.0202,0.00552,0.0021,-0.0265
ag03,50000,0.0,-1.0,0.0225,0.00537,0.00175,-0.0247
ag03,50000,0.0,-0.5,0.0642,0.00529,0.00169,-0.0231
ag03,50000,0.0,0.0,0.105,0.00532,0.00188,-0.0218
ag03,50000,0.0,0.5,0.1438,0.00548,0.00232,-0.0209
ag03,50000,0.0,1.0,0.1797,0.00588,0.00308,-0.0206
ag03,50000,0.0,1.5,0.2112,0.0067,0.00427,-0.021
ag03,50000,0.0,2.0,0.3557,0.00792,0.00584,-0.0404
ag03,50000,0.0,2.5,0.4769,0.00835,0.00618,-0.0508
ag03,50000,0.0,3.0,0.5469,0.00868,0.00605,-0.0492
ag03,50000,0.0,3.5,0.5951,0.00925,0.00595,-0.0434
ag03,50000,0.0,4.0,0.6382,0.01017,0.0061,-0.0377
ag03,50000,0.0,4.5,0.6815,0.01137,0.0064,-0.0328
ag03,50000,0.0,5.0,0.7253,0.01291,0.0069,-0.0288
ag03,50000,0.0,5.5,0.7685,0.01496,0.00789,-0.0254
ag03,50000,0.0,6.0,0.8112,0.01759,0.00933,-0.0225
ag03,50000,0.0,6.5,0.8536,0.021,0.01151,-0.02
ag03,50000,0.0,7.0,0.8936,0.02552,0.01482,-0.0177
ag03,50000,0.0,7.5,0.9291,0.03138,0.01904,-0.0155
ag03,50000,0.0,8.0,0.9521,0.03962,0.02546,-0.0132
ag03,50000,0.0,8.5,1.019,0.05642,0.03638,-0.0157
ag03,50000,0.0,9.0,1.0095,0.06925,0.04937,-0.0167
ag03,50000,0.0,9.5,0.9952,0.08208,0.06145,-0.0191
ag03,50000,0.0,10.5,0.7041,0.1313,0.10073,-0.0545
ag03,50000,0.0,11.0,0.6961,0.1383,0.10679,-0.0546
ag03,50000,0.0,11.5,0.6965,0.14559,0.1131,-0.0544
ag03,50000,0.0,12.0,0.6912,0.15205,0.11924,-0.0547
ag03,50000,0.0,12.5,0.7062,0.16068,0.12673,-0.0543
ag03,50000,0.0,13.0,0.6958,0.1655,0.13251,-0.0548
ag03,50000,0.0,13.5,0.6915,0.1704,0.13886,-0.0555
ag03,50000,0.0,14.0,0.6846,0.17415,0.14485,-0.0562
ag03,50000,0.0,14.5,0.6849,0.17932,0.15182,-0.0571
ag03,50000,0.0,15.0,0.6871,0.18477,0.15914,-0.0582
ag03,100000,0.0,-4.5,-0.3494,0.04617,0.03596,-0.0311
s4320,50000,0.0,-5.0,-0.3737,0.08679,0.07349,-0.0048
s4320,50000,0.0,-4.5,-0.3691,0.09275,0.06783,-0.0166
s4320,50000,0.0,-4.0,-0.3796,0.07852,0.06522,-0.0038
s4320,50000,0.0,-3.5,-0.3682,0.07496,0.06037,-0.007
s4320,50000,0.0,-3.0,-0.3555,0.07096,0.05596,-0.0043
s4320,50000,0.0,-2.5,-0.3424,0.06509,0.05182,0.003
s4320,50000,0.0,-2.0,-0.1657,0.05255,0.03921,-0.0439
s4320,50000,0.0,-1.5,0.0451,0.03744,0.02056,-0.0813
s4320,50000,0.0,-1.0,0.132,0.03432,0.01754,-0.0872
s4320,50000,0.0,-0.5,0.2211,0.02995,0.01523,-0.0923
s4320,50000,0.0,0.0,0.2764,0.02996,0.01537,-0.0914
s4320,50000,0.0,0.5,0.347,0.03194,0.01675,-0.0956
s4320,50000,0.0,1.0,0.4163,0.0337,0.01823,-0.0992
s4320,50000,0.0,1.5,0.4617,0.03553,0.01989,-0.0992
s4320,50000,0.0,2.0,0.5298,0.03758,0.02153,-0.1021
s4320,50000,0.0,2.5,0.5952,0.03899,0.02295,-0.1038
s4320,50000,0.0,3.0,0.6256,0.0415,0.02529,-0.1021
s4320,50000,0.0,3.5,0.7108,0.04252,0.02584,-0.1048
s4320,50000,0.0,4.0,0.7483,0.0444,0.02784,-0.103
s4320,50000,0.0,4.5,0.7792,0.04715,0.03024,-0.101
s4320,50000,0.0,5.5,0.8982,0.04873,0.03139,-0.0987
s4320,50000,0.0,6.0,0.9268,0.05139,0.03354,-0.0958
s4320,50000,0.0,6.5,1.0426,0.04587,0.028,-0.0932
s4320,50000,0.0,7.0,1.0561,0.04947,0.03134,-0.0899
s4320,50000,0.0,7.5,1.0814,0.05265,0.03384,-0.0869
s4320,50000,0.0,8.0,1.2075,0.0445,0.02524,-0.0834
s4320,50000,0.0,8.5,1.2641,0.04401,0.02421,-0.0804
s4320,50000,0.0,9.0,1.2719,0.04838,0.02793,-0.0763
s4320,50000,0.0,9.5,1.3025,0.05144,0.02985,-0.0731
s4320,50000,0.0,10.0,1.152,0.07513,0.05245,-0.0739
s4320,50000,0.0,10.5,1.241,0.06982,0.04589,-0.0669
s4320,50000,0.0,11.0,1.0587,0.10907,0.08482,-0.0837
s4320,50000,0.0,11.5,1.012,0.12595,0.10284,-0.0906
s4320,50000,0.0,12.0,1.0679,0.12531,0.0995,-0.0843
s4320,50000,0.0,12.5,1.0333,0.1424,0.11805,-0.0917
s4320,50000,0.0,13.0,1.032,0.15708,0.132,-0.0961
s4320,50000,0.0,13.5,0.9865,0.18806,0.16477,-0.114
s4320,50000,0.0,14.0,0.9613,0.18551,0.17397,-0.116
s4320,50000,0.0,14.5,1.0229,0.20745,0.18286,-0.1157
s4320,50000,0.0,15.0,0.98,0.20105,0.19536,-0.1209
s4320,100000,0.0,-5.0,-0.1667,0.06396,0.05186,-0.0688
s4320,100000,0.0,-4.5,-0.1008,0.05714,0.0436,-0.0838
s4320,100000,0.0,-4.0,-0.0424,0.05105,0.03918,-0.0864
s4320,100000,0.0,-3.5,0.0177,0.04494,0.03375,-0.0934
s4320,100000,0.0,-3.0,0.0796,0.04007,0.02909,-0.0982
s4320,100000,0.0,-2.5,0.1906,0.02714,0.01311,-0.1108
s4320,100000,0.0,-2.0,0.2667,0.02304,0.00921,-0.1127
s4320,100000,0.0,-1.5,0.3149,0.02149,0.00786,-0.1109
s4320,100000,0.0,-1.0,0.3701,0.01694,0.00664,-0.1079
s4320,100000,0.0,-0.5,0.4254,0.01742,0.00667,-0.1073
s4320,100000,0.0,0.0,0.4785,0.01786,0.00697,-0.1066
s4320,100000,0.0,0.5,0.5367,0.01813,0.00677,-0.1055
s4320,100000,0.0,1.0,0.5846,0.01873,0.0075,-0.1046
s4320,100000,0.0,1.5,0.6422,0.01865,0.00724,-0.1031
s4320,100000,0.0,2.0,0.6907,0.01942,0.00792,-0.1021
s4320,100000,0.0,2.5,0.7462,0.01926,0.00767,-0.1005
s4320,100000,0.0,3.0,0.797,0.01987,0.00801,-0.0993
s4320,100000,0.0,3.5,0.8505,0.01976,0.00784,-0.0978
s4320,100000,0.0,4.0,0.9027,0.02007,0.00778,-0.0963
s4320,100000,0.0,4.5,0.9564,0.01981,0.00738,-0.0947
s4320,100000,0.0,5.0,1.0073,0.02013,0.00732,-0.0932
s4320,100000,0.0,5.5,1.0628,0.01984,0.00658,-0.0916
s4320,100000,0.0,6.0,1.1111,0.02006,0.0066,-0.0899
s4320,100000,0.0,6.5,1.1603,0.02045,0.00642,-0.0882
s4320,100000,0.0,7.0,1.2081,0.02099,0.00624,-0.0864
s4320,100000,0.0,7.5,1.2534,0.02191,0.00631,-0.0845
s4320,100000,0.0,8.0,1.2956,0.02316,0.0066,-0.0824
s4320,100000,0.0,8.5,1.336,0.02489,0.00723,-0.0804
s4320,100000,0.0,9.0,1.3707,0.02644,0.00794,-0.0777
s4320,100000,0.0,9.5,1.4043,0.02853,0.00898,-0.0751
s4320,100000,0.0,10.0,1.4349,0.03116,0.01041,-0.0723
s4320,100000,0.0,10.5,1.4625,0.03411,0.0118,-0.0693
s4320,100000,0.0,11.0,1.4828,0.03666,0.01344,-0.0655
s4320,100000,0.0,11.5,1.5005,0.04072,0.01591,-0.0619
s4320,100000,0.0,12.0,1.5007,0.04301,0.01706,-0.0568
s4320,100000,0.0,12.5,1.4939,0.04687,0.01938,-0.053
s4320,100000,0.0,13.0,1.4781,0.05076,0.02189,-0.0509
s4320,100000,0.0,13.5,1.4636,0.05688,0.02656,-0.0502
s4320,100000,0.0,14.0,1.4417,0.06455,0.03245,-0.0509
s4320,100000,0.0,14.5,1.4106,0.07498,0.04141,-0.0534
s4320,100000,0.0,15.0,1.373,0.08766,0.05246,-0.0568
s4320,200000,0.0,-5.0,-0.0371,0.04947,0.03234,-0.0941
s4320,200000,0.0,-4.5,-0.0107,0.03852,0.02776,-0.0981
s4320,200000,0.0,-4.0,0.039,0.03449,0.0231,-0.1012
s4320,200000,0.0,-3.5,0.0887,0.03393,0.02077,-0.0998
s4320,200000,0.0,-3.0,0.1366,0.02765,0.01711,-0.102
s4320,200000,0.0,-2.5,0.1953,0.02741,0.01366,-0.101
s4320,200000,0.0,-2.0,0.2662,0.01625,0.00421,-0.1014
s4320,200000,0.0,-1.5,0.3223,0.01433,0.00254,-0.1005
s4320,200000,0.0,-1.0,0.377,0.01149,0.00152,-0.1
s4320,200000,0.0,-0.5,0.4258,0.01015,0.00151,-0.0969
s4320,200000,0.0,0.0,0.4815,0.01038,0.00158,-0.0967
s4320,200000,0.0,0.5,0.5371,0.01049,0.00158,-0.0963
s4320,200000,0.0,1.0,0.5922,0.01086,0.00158,-0.0957
s4320,200000,0.0,1.5,0.6473,0.01093,0.00174,-0.0954
s4320,200000,0.0,2.0,0.7023,0.01104,0.00172,-0.0949
s4320,200000,0.0,2.5,0.757,0.01139,0.00181,-0.0944
s4320,200000,0.0,3.0,0.8114,0.01147,0.00183,-0.0939
s4320,200000,0.0,3.5,0.8656,0.01179,0.00172,-0.0933
s4320,200000,0.0,4.0,0.9192,0.01189,0.00178,-0.0928
s4320,200000,0.0,4.5,0.9724,0.01222,0.00163,-0.092
s4320,200000,0.0,5.0,1.0248,0.01239,0.00163,-0.0914
s4320,200000,0.0,5.5,1.0763,0.01281,0.00171,-0.0906
s4320,200000,0.0,6.0,1.1258,0.01337,0.00171,-0.0895
s4320,200000,0.0,6.5,1.1735,0.01412,0.00183,-0.0883
s4320,200000,0.0,7.0,1.2197,0.01496,0.00207,-0.0871
s4320,200000,0.0,7.5,1.2645,0.01596,0.00244,-0.0857
s4320,200000,0.0,8.0,1.3071,0.01711,0.00288,-0.0842
s4320,200000,0.0,8.5,1.3481,0.01841,0.00348,-0.0825
s4320,200000,0.0,9.0,1.3851,0.01994,0.00417,-0.0803
s4320,200000,0.0,9.5,1.4166,0.02177,0.00479,-0.0776
s4320,200000,0.0,10.0,1.4472,0.02339,0.00556,-0.0747
s4320,200000,0.0,10.5,1.4692,0.02513,0.00633,-0.071
s4320,200000,0.0,11.0,1.4836,0.02732,0.00734,-0.0671
s4320,200000,0.0,11.5,1.4939,0.03027,0.009,-0.0637
s4320,200000,0.0,12.0,1.5117,0.03295,0.01052,-0.0614
s4320,200000,0.0,12.5,1.5188,0.03684,0.01276,-0.0594
s4320,200000,0.0,13.0,1.4918,0.04488,0.01805,-0.0573
s4320,200000,0.0,13.5,1.4561,0.05496,0.02569,-0.0567
s4320,200000,0.0,14.0,1.4393,0.06343,0.03245,-0.0573
s4320,200000,0.0,14.5,1.4206,0.07291,0.04032,-0.0589
s4320,200000,0.0,15.0,1.4024,0.08295,0.04897,-0.0613
s4320,500000,0.0,-5.0,-0.0734,0.02943,0.019,-0.0914
s4320,500000,0.0,-4.5,-0.0228,0.02421,0.01404,-0.0943
s4320,1000000,0.0,-5.0,-0.0803,0.01598,0.00668,-0.0939
s4320,1000000,0.0,-4.5,-0.0244,0.01548,0.00606,-0.0941
s4320,1000000,0.0,-4.0,0.0315,0.01507,0.00537,-0.0942
mh24,50000,0.0,-5.0,-0.5381,0.0461,0.02696,-0.0127
mh24,50000,0.0,-4.5,-0.5093,0.03927,0.02033,-0.0086
mh24,50000,0.0,-4.0,-0.4702,0.03381,0.01496,-0.005
mh24,50000,0.0,-3.5,-0.4208,0.02905,0.0105,-0.002
mh24,50000,0.0,-3.0,-0.3651,0.0252,0.00756,0.0
mh24,50000,0.0,-2.5,-0.136,0.02012,0.00592,-0.0251
mh24,50000,0.0,-2.0,-0.1139,0.0199,0.00552,-0.02
mh24,50000,0.0,-1.5,-0.0903,0.01979,0.00527,-0.0151
mh24,50000,0.0,-1.0,-0.0659,0.01979,0.00515,-0.0103
mh24,50000,0.0,-0.5,-0.0408,0.01989,0.00514,-0.0058
mh24,50000,0.0,0.0,-0.0151,0.0201,0.00525,-0.0014
mh24,50000,0.0,0.5,0.0111,0.02043,0.00548,0.0027
mh24,50000,0.0,1.0,0.0375,0.02089,0.00585,0.0065
mh24,50000,0.0,1.5,0.0644,0.02152,0.00637,0.0098
mh24,50000,0.0,2.0,0.0916,0.02236,0.0071,0.0127
mh24,50000,0.0,2.5,0.1185,0.02344,0.00806,0.015
mh24,50000,0.0,3.0,0.1445,0.02482,0.00932,0.0167
mh24,50000,0.0,3.5,0.2429,0.02782,0.0122,0.0041
mh24,50000,0.0,4.0,0.3671,0.02992,0.01445,-0.0109
mh24,50000,0.0,4.5,0.4962,0.02965,0.01458,-0.0225
mh24,50000,0.0,5.0,0.6745,0.02418,0.01008,-0.0337
mh24,50000,0.0,5.5,0.7561,0.02231,0.0072,-0.029
mh24,50000,0.0,6.0,0.7798,0.02519,0.00792,-0.0206
mh24,50000,0.0,6.5,0.8077,0.02958,0.01013,-0.0146
mh24,50000,0.0,7.0,0.8418,0.03419,0.01326,-0.0097
mh24,50000,0.0,7.5,0.8732,0.04044,0.0182,-0.005
mh24,50000,0.0,8.0,0.889,0.04761,0.02295,0.0002
mh24,50000,0.0,8.5,0.8914,0.05494,0.02997,0.0069
mh24,50000,0.0,9.0,0.8799,0.06335,0.03764,0.0129
mh24,50000,0.0,9.5,0.8591,0.07308,0.04579,0.0173
mh24,50000,0.0,10.0,0.8374,0.08012,0.05377,0.0213
mh24,50000,0.0,10.5,0.7475,0.09307,0.06997,0.0134
mh24,50000,0.0,11.0,0.7207,0.10863,0.08501,0.0047
mh24,50000,0.0,11.5,0.7316,0.14524,0.11223,-0.0117
mh24,50000,0.0,12.0,0.6708,0.14102,0.12,-0.0179
mh24,50000,0.0,12.5,0.6703,0.14788,0.1286,-0.02
mh24,50000,0.0,13.0,0.7167,0.16217,0.13787,-0.0179
mh24,50000,0.0,13.5,0.7158,0.17423,0.14761,-0.0211
mh24,50000,0.0,14.0,0.6872,0.17188,0.15604,-0.0264
mh24,50000,0.0,14.5,0.7084,0.18101,0.16547,-0.0269
mh24,50000,0.0,15.0,0.7422,0.20148,0.17638,-0.0269
mh24,100000,0.0,-5.0,-0.5603,0.04832,0.03305,-0.0094
mh24,100000,0.0,-4.5,-0.514,0.03613,0.01802,-0.0045
mh24,100000,0.0,-4.0,-0.4788,0.02998,0.01287,-0.0006
mh24,100000,0.0,-3.5,-0.4325,0.02508,0.00867,0.0026
mh24,100000,0.0,-3.0,-0.3825,0.02154,0.00589,0.0052
mh24,100000,0.0,-2.5,-0.339,0.0186,0.00424,0.0085
mh24,100000,0.0,-2.0,-0.1171,0.01594,0.00512,-0.0195
mh24,100000,0.0,-1.5,-0.0959,0.01585,0.00494,-0.0142
mh24,100000,0.0,-1.0,-0.074,0.01587,0.00488,-0.0089
mh24,100000,0.0,-0.5,-0.0517,0.016,0.00493,-0.0039
mh24,100000,0.0,0.0,-0.0289,0.01623,0.0051,0.0009
mh24,100000,0.0,0.5,-0.0053,0.0166,0.00539,0.0053
mh24,100000,0.0,1.0,0.0312,0.01726,0.00595,0.0068
mh24,100000,0.0,1.5,0.1389,0.01853,0.00716,-0.0054
mh24,100000,0.0,2.0,0.2485,0.01943,0.00804,-0.0172
mh24,100000,0.0,2.5,0.3569,0.01963,0.00836,-0.0278
mh24,100000,0.0,3.0,0.4665,0.01895,0.00796,-0.0374
mh24,100000,0.0,3.5,0.5564,0.01751,0.00686,-0.0419
mh24,100000,0.0,4.0,0.6249,0.01574,0.00533,-0.0411
mh24,100000,0.0,4.5,0.7085,0.01424,0.00353,-0.0423
mh24,100000,0.0,5.0,0.7483,0.01509,0.00313,-0.0373
mh24,100000,0.0,5.5,0.7687,0.01685,0.00347,-0.0303
mh24,100000,0.0,6.0,0.7855,0.01913,0.00429,-0.0233
mh24,100000,0.0,6.5,0.804,0.02257,0.00591,-0.0164
mh24,100000,0.0,7.0,0.8355,0.02611,0.0078,-0.0119
mh24,100000,0.0,7.5,0.8742,0.03029,0.01052,-0.0082
mh24,100000,0.0,8.0,0.9034,0.0378,0.01573,-0.0035
mh24,100000,0.0,8.5,0.9098,0.04374,0.02085,0.0039
mh24,100000,0.0,9.0,0.907,0.05047,0.02698,0.0115
mh24,100000,0.0,9.5,0.8876,0.05826,0.034,0.0186
mh24,100000,0.0,10.0,0.8543,0.06567,0.04072,0.0251
mh24,100000,0.0,10.5,0.8139,0.07455,0.04863,0.0277
mh24,100000,0.0,11.5,-0.0053,0.0,-0.00382,0.006
mh24,100000,0.0,12.0,-0.0093,0.0,-0.0036,0.0054
mh24,100000,0.0,13.0,-0.0106,0.0,-0.00409,0.0053
mh24,100000,0.0,13.5,-0.0108,0.0,-0.00352,0.0046
mh24,100000,0.0,14.0,-0.0086,0.0,-0.00279,0.0041
mh24,100000,0.0,14.5,-0.0057,0.0,-0.00219,0.0037
mh24,100000,0.0,15.0,-0.0072,0.0,-0.00227,0.003
mh24,200000,0.0,-5.0,-0.5439,0.04711,0.02621,-0.0061
mh24,200000,0.0,-4.5,-0.5366,0.03529,0.02038,-0.0026
mh24,200000,0.0,-4.0,-0.5027,0.03061,0.0161,0.0011
mh24,200000,0.0,-3.5,-0.4452,0.02117,0.00702,0.0068
mh24,200000,0.0,-3.0,-0.3982,0.01805,0.00468,0.0096
mh24,200000,0.0,-2.5,-0.3414,0.01627,0.00363,0.0096
mh24,200000,0.0,-2.0,-0.3008,0.01149,0.003,0.0126
mh24,200000,0.0,-1.5,-0.101,0.0133,0.0048,-0.0134
mh24,200000,0.0,-1.0,-0.0411,0.01345,0.0049,-0.0158
mh24,200000,0.0,-0.5,0.0459,0.01369,0.0051,-0.0233
mh24,200000,0.0,0.0,0.1386,0.01386,0.00526,-0.0318
mh24,200000,0.0,0.5,0.2188,0.01378,0.00529,-0.0374
mh24,200000,0.0,1.0,0.3135,0.01357,0.00516,-0.0457
mh24,200000,0.0,1.5,0.4076,0.01303,0.00482,-0.0534
mh24,200000,0.0,2.0,0.4869,0.01232,0.00429,-0.0576
mh24,200000,0.0,2.5,0.552,0.01142,0.00356,-0.0584
mh24,200000,0.0,3.0,0.5972,0.01065,0.00287,-0.0549
mh24,200000,0.0,3.5,0.6544,0.00988,0.00187,-0.0533
mh24,200000,0.0,4.0,0.6962,0.01036,0.00146,-0.0495
mh24,200000,0.0,4.5,0.7266,0.01145,0.00157,-0.0444
mh24,200000,0.0,5.0,0.7554,0.01267,0.00187,-0.0395
mh24,200000,0.0,5.5,0.782,0.0141,0.00228,-0.0345
mh24,200000,0.0,6.0,0.8067,0.01585,0.00289,-0.0293
mh24,200000,0.0,6.5,0.8252,0.01834,0.00407,-0.0223
mh24,200000,0.0,7.0,0.8507,0.02043,0.00512,-0.0165
mh24,200000,0.0,7.5,0.8807,0.02525,0.00792,-0.0116
mh24,200000,0.0,8.0,0.9108,0.02749,0.00943,-0.0068
mh24,200000,0.0,8.5,0.9314,0.03133,0.01163,-0.0011
mh24,200000,0.0,9.0,0.9348,0.03889,0.01701,0.0064
mh24,200000,0.0,9.5,0.9188,0.04693,0.0233,0.0147
mh24,200000,0.0,10.0,0.8895,0.05384,0.02915,0.0231
mh24,200000,0.0,10.5,0.8561,0.06028,0.0351,0.0288
mh24,200000,0.0,11.0,0.8243,0.06762,0.04239,0.03
mh24,200000,0.0,11.5,0.7966,0.07674,0.05197,0.0258
mh24,200000,0.0,12.0,0.7753,0.08915,0.06584,0.0163
mh24,200000,0.0,12.5,0.7177,0.12091,0.10089,-0.0017
mh24,200000,0.0,13.0,0.7021,0.13738,0.11939,-0.0092
mh24,200000,0.0,13.5,0.7017,0.14743,0.13056,-0.0134
mh24,200000,0.0,14.0,0.7089,0.15552,0.13939,-0.016
mh24,200000,0.0,14.5,0.7068,0.16779,0.14669,-0.0174
mh24,200000,0.0,15.0,0.7131,0.17735,0.15877,-0.0217
mh24,500000,0.0,-4.5,-0.3802,0.01964,0.00758,-0.0273
mh24,500000,0.0,-4.0,-0.3302,0.01519,0.00426,-0.0246
mh24,500000,0.0,-3.5,-0.2694,0.01336,0.00311,-0.0254
mh24,500000,0.0,-3.0,-0.2035,0.01187,0.00229,-0.0271
mh24,500000,0.0,-2.5,-0.1445,0.0093,0.00188,-0.0292
mh24,500000,0.0,-2.0,-0.1282,0.00781,0.00212,-0.0201
mh24,500000,0.0,-1.5,-0.0627,0.00806,0.00251,-0.0209
mh24,500000,0.0,-1.0,0.0229,0.00833,0.00274,-0.0262
mh24,500000,0.0,-0.5,0.117,0.00848,0.00283,-0.0336
mh24,500000,0.0,0.0,0.2183,0.00844,0.0027,-0.0429
mh24,500000,0.0,0.5,0.2701,0.00832,0.00257,-0.0417
mh24,500000,0.0,1.0,0.3565,0.00784,0.00219,-0.0479
mh24,500000,0.0,1.5,0.4246,0.00752,0.00186,-0.0504
mh24,500000,0.0,2.0,0.4843,0.00718,0.00147,-0.051
mh24,500000,0.0,2.5,0.5471,0.00702,0.00092,-0.0522
mh24,500000,0.0,3.0,0.6015,0.00755,0.0008,-0.0521
mh24,500000,0.0,3.5,0.6533,0.00827,0.00083,-0.052
mh24,500000,0.0,4.0,0.6996,0.00905,0.00097,-0.0508
mh24,500000,0.0,4.5,0.7372,0.01,0.00119,-0.0479
mh24,500000,0.0,5.0,0.7739,0.01102,0.00147,-0.0449
mh24,500000,0.0,5.5,0.8112,0.01191,0.00179,-0.0419
mh24,500000,0.0,6.0,0.8444,0.01318,0.00232,-0.0378
mh24,500000,0.0,6.5,0.8736,0.01469,0.00298,-0.0327
mh24,500000,0.0,7.0,0.8991,0.01626,0.00387,-0.0271
mh24,500000,0.0,7.5,0.9297,0.01711,0.00429,-0.0225
mh24,500000,0.0,8.0,0.9381,0.02055,0.00584,-0.0139
mh24,500000,0.0,8.5,0.9579,0.02312,0.00739,-0.0074
mh24,500000,0.0,9.0,0.9736,0.02674,0.00978,-0.0005
mh24,500000,0.0,9.5,0.9791,0.03194,0.01359,0.0072
mh24,500000,0.0,10.0,0.9706,0.03764,0.01816,0.0156
mh24,500000,0.0,10.5,0.9486,0.04295,0.02272,0.0241
mh24,500000,0.0,11.0,0.9191,0.04924,0.02847,0.0298
mh24,500000,0.0,11.5,0.8812,0.05775,0.03658,0.0307
mh24,500000,0.0,12.0,0.8367,0.07103,0.04975,0.0233
mh24,500000,0.0,12.5,0.7903,0.09324,0.07301,0.0073
mh24,500000,0.0,13.0,0.7462,0.11666,0.09797,-0.0036
mh24,1000000,0.0,-5.0,-0.3189,0.01809,0.00727,-0.051
mh24,1000000,0.0,-4.5,-0.2651,0.01566,0.00452,-0.0488
mh24,1000000,0.0,-4.0,-0.2311,0.01023,0.00157,-0.043
mh24,1000000,0.0,-3.5,-0.1823,0.00973,0.00133,-0.0417
mh24,1000000,0.0,-3.0,-0.1363,0.00843,0.00082,-0.039
mh24,1000000,0.0,-2.5,-0.0937,0.00716,0.00059,-0.0367
mh24,1000000,0.0,-2.0,-0.0559,0.00594,0.00046,-0.0335
mh24,1000000,0.0,-1.5,-0.0238,0.00473,0.00051,-0.0281
mh24,1000000,0.0,-1.0,0.0289,0.00463,0.00055,-0.0269
mh24,1000000,0.0,-0.5,0.0828,0.00469,0.00059,-0.0259
mh24,1000000,0.0,0.5,0.1887,0.00476,0.00066,-0.0236
mh24,1000000,0.0,1.0,0.241,0.00476,0.00061,-0.0226
mh24,1000000,0.0,1.5,0.3027,0.00487,0.00051,-0.0236
mh24,1000000,0.0,2.0,0.3606,0.00531,0.00049,-0.0238
mh24,1000000,0.0,2.5,0.4046,0.0058,0.0005,-0.0214
mh24,1000000,0.0,3.0,0.4652,0.0063,0.00055,-0.023
mh24,1000000,0.0,3.5,0.5218,0.00703,0.00065,-0.0239
mh24,1000000,0.0,4.0,0.5788,0.0076,0.00075,-0.0249
mh24,1000000,0.0,4.5,0.6273,0.00841,0.00091,-0.0242
mh24,1000000,0.0,5.0,0.6691,0.0091,0.00106,-0.0219
mh24,1000000,0.0,5.5,0.7265,0.00983,0.00132,-0.0231
mh24,1000000,0.0,6.0,0.7844,0.01066,0.00165,-0.0245
mh24,1000000,0.0,6.5,0.8391,0.01158,0.00202,-0.025
mh24,1000000,0.0,7.0,0.892,0.01244,0.00241,-0.0251
mh24,1000000,0.0,7.5,0.9415,0.01384,0.00315,-0.0246
mh24,1000000,0.0,8.0,0.9995,0.01434,0.00322,-0.026
mh24,1000000,0.0,8.5,1.0279,0.01668,0.00427,-0.0213
mh24,1000000,0.0,9.0,1.0205,0.02036,0.00637,-0.0096
mh24,1000000,0.0,9.5,1.0102,0.0257,0.00983,0.0016
mh24,1000000,0.0,10.0,1.031,0.02769,0.0114,0.0067
mh24,1000000,0.0,10.5,1.0359,0.03076,0.01377,0.0138
mh24,1000000,0.0,11.0,1.0287,0.03469,0.01696,0.0212
mh24,1000000,0.0,11.5,1.0097,0.03983,0.02133,0.0275
mh24,1000000,0.0,12.0,0.9783,0.04686,0.02761,0.0311
mh24,1000000,0.0,12.5,0.9375,0.05743,0.03749,0.0285
mh24,1000000,0.0,13.0,0.8861,0.07608,0.05592,0.0157
mh24,1000000,0.0,13.5,0.8071,0.10779,0.08933,-0.0022
mh24,1000000,0.0,14.0,0.792,0.12173,0.10476,-0.0083
mh24,1000000,0.0,14.5,0.7774,0.13557,0.12047,-0.0142
mh24,1000000,0.0,15.0,0.7652,0.14964,0.13696,-0.02
k1,50000,0.0,-5.0,-0.4976,0.02474,0.0114,-0.0423
k1,50000,0.0,-4.5,-0.4774,0.02813,0.0153,-0.0288
k1,50000,0.0,-4.0,-0.4589,0.03112,0.01834,-0.0152
k1,50000,0.0,-3.5,-0.4292,0.03176,0.01879,-0.0077
k1,50000,0.0,-3.0,-0.4073,0.03193,0.01897,0.0024
k1,50000,0.0,-2.5,-0.3754,0.03129,0.01797,0.0071
k1,50000,0.0,-2.0,-0.3501,0.02982,0.01658,0.0139
k1,50000,0.0,-1.5,-0.3186,0.02828,0.01488,0.0181
k1,50000,0.0,-1.0,-0.284,0.02674,0.01318,0.0209
k1,50000,0.0,-0.5,-0.2428,0.02536,0.0117,0.0218
k1,50000,0.0,0.0,-0.1878,0.02433,0.01067,0.0197
k1,50000,0.0,0.5,-0.0999,0.02414,0.01054,0.0104
k1,50000,0.0,1.0,-0.0354,0.02394,0.01049,0.0041
k1,50000,0.0,1.5,-0.0096,0.02366,0.01022,0.0043
k1,50000,0.0,2.0,0.0441,0.02422,0.0108,-0.0003
k1,50000,0.0,2.5,0.1061,0.02529,0.01191,-0.0063
k1,50000,0.0,3.0,0.1684,0.02678,0.01343,-0.0125
k1,50000,0.0,3.5,0.2795,0.02978,0.01635,-0.0273
k1,50000,0.0,4.0,0.4319,0.03095,0.0178,-0.0436
k1,50000,0.0,4.5,0.566,0.02736,0.0147,-0.0485
k1,50000,0.0,5.0,0.6747,0.02209,0.00778,-0.0404
k1,50000,0.0,5.5,0.7414,0.02536,0.00961,-0.0421
k1,50000,0.0,6.0,0.8039,0.02853,0.01173,-0.0437
k1,50000,0.0,6.5,0.8605,0.03244,0.01439,-0.0444
k1,50000,0.0,7.0,0.9118,0.03697,0.0178,-0.0443
k1,50000,0.0,7.5,0.9586,0.04276,0.02299,-0.0436
k1,50000,0.0,8.0,0.9939,0.04961,0.02954,-0.042
k1,50000,0.0,8.5,1.0259,0.05726,0.03626,-0.0407
k1,50000,0.0,9.0,1.026,0.06699,0.04615,-0.038
k1,50000,0.0,9.5,0.9769,0.07998,0.06012,-0.0363
k1,50000,0.0,10.0,0.9176,0.09472,0.07556,-0.04
k1,50000,0.0,10.5,0.7778,0.13425,0.12178,-0.083
k1,50000,0.0,11.0,0.7877,0.14192,0.13111,-0.0849
k1,50000,0.0,11.5,0.7988,0.14926,0.14061,-0.0869
k1,50000,0.0,12.0,0.8125,0.15672,0.1505,-0.0891
k1,50000,0.0,12.5,0.8399,0.16505,0.1602,-0.09
k1,50000,0.0,13.0,0.8357,0.17067,0.17157,-0.095
k1,50000,0.0,13.5,0.8519,0.17762,0.18244,-0.0977
k1,50000,0.0,14.5,0.8915,0.19308,0.20528,-0.1031
k1,100000,0.0,-5.0,-0.459,0.01701,0.00587,-0.0537
k1,100000,0.0,-4.5,-0.4099,0.01712,0.00698,-0.0524
k1,100000,0.0,-4.0,-0.3668,0.01813,0.00822,-0.0491
k1,100000,0.0,-3.5,-0.332,0.01947,0.00976,-0.0433
k1,100000,0.0,-3.0,-0.2922,0.0203,0.01061,-0.0394
k1,100000,0.0,-2.5,-0.2515,0.021,0.01127,-0.0361
k1,100000,0.0,-2.0,-0.2113,0.02168,0.01185,-0.0328
k1,100000,0.0,-1.5,-0.1746,0.02201,0.01222,-0.0288
k1,100000,0.0,-1.0,-0.1319,0.02212,0.01235,-0.027
k1,100000,0.0,-0.5,-0.0827,0.02228,0.01241,-0.0271
k1,100000,0.0,0.0,-0.0408,0.02242,0.01251,-0.0254
k1,100000,0.0,0.5,0.0058,0.02253,0.01266,-0.0252
k1,100000,0.0,1.0,0.071,0.02312,0.01309,-0.0289
k1,100000,0.0,1.5,0.1631,0.02385,0.01379,-0.0365
k1,100000,0.0,2.0,0.2868,0.02377,0.01362,-0.0477
k1,100000,0.0,2.5,0.3561,0.02298,0.01301,-0.0486
k1,100000,0.0,3.0,0.4392,0.02196,0.01204,-0.0517
k1,100000,0.0,3.5,0.517,0.01952,0.00985,-0.0507
k1,100000,0.0,4.0,0.575,0.01701,0.00755,-0.0467
k1,100000,0.0,4.5,0.622,0.0157,0.00448,-0.0385
k1,100000,0.0,5.0,0.6672,0.0179,0.00519,-0.0374
k1,100000,0.0,5.5,0.7296,0.01961,0.00608,-0.0401
k1,100000,0.0,6.0,0.7895,0.02133,0.0071,-0.0428
k1,100000,0.0,6.5,0.8465,0.02339,0.00831,-0.0448
k1,100000,0.0,7.0,0.9031,0.02609,0.00989,-0.0462
k1,100000,0.0,7.5,0.9632,0.02906,0.01176,-0.0477
k1,100000,0.0,8.0,1.0212,0.03257,0.01437,-0.0487
k1,100000,0.0,8.5,1.0751,0.03639,0.01716,-0.0492
k1,100000,0.0,9.0,1.1187,0.04123,0.02131,-0.0483
k1,100000,0.0,9.5,1.1347,0.0495,0.02963,-0.0444
k1,100000,0.0,10.0,1.1302,0.05919,0.03912,-0.0399
k1,100000,0.0,10.5,1.1089,0.06874,0.04839,-0.0357
k1,100000,0.0,11.5,0.7743,0.14277,0.11706,-0.0665
k1,100000,0.0,12.0,0.776,0.15117,0.12408,-0.0673
k1,100000,0.0,12.5,0.7403,0.16183,0.13403,-0.0723
k1,100000,0.0,13.0,0.7689,0.16916,0.1388,-0.0695
k1,100000,0.0,13.5,0.886,0.17123,0.17121,-0.0903
k1,100000,0.0,14.0,0.8807,0.17842,0.18705,-0.0991
k1,100000,0.0,14.5,0.8937,0.18549,0.19926,-0.1032
k1,200000,0.0,-5.0,-0.4321,0.01433,0.00447,-0.0588
k1,200000,0.0,-4.5,-0.3589,0.01314,0.00449,-0.0642
k1,200000,0.0,-4.0,-0.291,0.01317,0.00513,-0.0671
k1,200000,0.0,-3.5,-0.222,0.01371,0.00578,-0.0699
k1,200000,0.0,-3.0,-0.1517,0.01448,0.00649,-0.0728
k1,200000,0.0,-2.5,-0.098,0.01496,0.00711,-0.0722
k1,200000,0.0,-2.0,-0.0391,0.01553,0.00785,-0.0725
k1,200000,0.0,-1.5,0.0309,0.01606,0.00826,-0.0754
k1,200000,0.0,-1.0,0.0896,0.01667,0.00884,-0.0758
k1,200000,0.0,-0.5,0.1467,0.01698,0.00914,-0.0764
k1,200000,0.0,0.0,0.2364,0.01698,0.00911,-0.0816
k1,200000,0.0,0.5,0.3199,0.01587,0.00808,-0.0842
k1,200000,0.0,1.0,0.3771,0.01517,0.0076,-0.0831
k1,200000,0.0,1.5,0.433,0.01468,0.00718,-0.0815
k1,200000,0.0,2.0,0.4951,0.01376,0.00621,-0.0806
k1,200000,0.0,2.5,0.5466,0.01289,0.00553,-0.078
k1,200000,0.0,3.0,0.5985,0.01215,0.00475,-0.0753
k1,200000,0.0,3.5,0.6472,0.01203,0.00363,-0.0716
k1,200000,0.0,4.0,0.6714,0.01475,0.00426,-0.0665
k1,200000,0.0,4.5,0.7172,0.01589,0.00471,-0.0651
k1,200000,0.0,5.0,0.7679,0.01686,0.0051,-0.0647
k1,200000,0.0,5.5,0.8157,0.01738,0.00545,-0.0634
k1,200000,0.0,6.0,0.8655,0.01803,0.0057,-0.0626
k1,200000,0.0,6.5,0.912,0.01907,0.00597,-0.0613
k1,200000,0.0,7.0,0.9547,0.02056,0.0067,-0.0591
k1,200000,0.0,7.5,0.9979,0.0223,0.00773,-0.0573
k1,200000,0.0,8.0,1.0376,0.02394,0.00878,-0.0547
k1,200000,0.0,8.5,1.0793,0.02581,0.01003,-0.0526
k1,200000,0.0,9.0,1.1324,0.02859,0.01192,-0.0533
k1,200000,0.0,9.5,1.1821,0.03155,0.01388,-0.0536
k1,200000,0.0,10.0,1.2206,0.03507,0.01704,-0.0518
k1,200000,0.0,10.5,1.2573,0.03862,0.01966,-0.0504
k1,200000,0.0,11.0,1.2731,0.04381,0.02424,-0.0464
k1,200000,0.0,11.5,1.2879,0.04818,0.02794,-0.0427
k1,200000,0.0,12.0,1.2753,0.05391,0.03308,-0.0368
k1,200000,0.0,12.5,1.2356,0.06168,0.04058,-0.0316
k1,200000,0.0,13.0,1.1927,0.07129,0.04998,-0.0305
k1,200000,0.0,13.5,1.1519,0.08284,0.06158,-0.0342
k1,200000,0.0,14.0,0.9123,0.16867,0.17156,-0.0929
k1,200000,0.0,14.5,0.9077,0.18013,0.19251,-0.1035
k1,200000,0.0,15.0,0.936,0.18458,0.19689,-0.1019
k1,500000,0.0,-5.0,-0.2661,0.01,0.00232,-0.0884
k1,500000,0.0,-4.5,-0.2076,0.00913,0.0021,-0.0898
k1,500000,0.0,-4.0,-0.1495,0.0086,0.00205,-0.0906
k1,500000,0.0,-3.5,-0.0918,0.00838,0.0022,-0.0912
k1,500000,0.0,-3.0,-0.0341,0.00832,0.00233,-0.0916
k1,500000,0.0,-2.5,0.0236,0.00834,0.00242,-0.0917
k1,500000,0.0,-2.0,0.0808,0.00831,0.00256,-0.0916
k1,500000,0.0,-1.5,0.1361,0.00829,0.00252,-0.0909
k1,500000,0.0,-1.0,0.191,0.00809,0.00247,-0.0899
k1,500000,0.0,-0.5,0.244,0.00774,0.00212,-0.0881
k1,500000,0.0,0.0,0.2981,0.00746,0.00189,-0.0867
k1,500000,0.0,0.5,0.3546,0.00741,0.00177,-0.0862
k1,500000,0.0,1.0,0.4109,0.00727,0.00165,-0.0856
k1,500000,0.0,1.5,0.4672,0.00725,0.00157,-0.0851
k1,500000,0.0,2.0,0.5231,0.0073,0.00145,-0.0844
k1,500000,0.0,2.5,0.5725,0.00794,0.00128,-0.0826
k1,500000,0.0,3.0,0.6103,0.01039,0.00198,-0.0801
k1,500000,0.0,3.5,0.661,0.01139,0.00234,-0.0795
k1,500000,0.0,4.0,0.7149,0.01197,0.00258,-0.0792
k1,500000,0.0,4.5,0.769,0.01239,0.0028,-0.0789
k1,500000,0.0,5.0,0.8224,0.01285,0.00304,-0.0785
k1,500000,0.0,5.5,0.8755,0.01339,0.00325,-0.078
k1,500000,0.0,6.0,0.9246,0.0145,0.00372,-0.0771
k1,500000,0.0,6.5,0.9744,0.01544,0.00431,-0.0762
k1,500000,0.0,7.0,1.0234,0.01639,0.00492,-0.075
k1,500000,0.0,7.5,1.0726,0.01729,0.00549,-0.074
k1,500000,0.0,8.0,1.1207,0.01832,0.00613,-0.0729
k1,500000,0.0,8.5,1.1669,0.01938,0.00686,-0.0716
k1,500000,0.0,9.0,1.2114,0.02056,0.00768,-0.0699
k1,500000,0.0,9.5,1.253,0.02205,0.00871,-0.068
k1,500000,0.0,10.0,1.29,0.02373,0.00989,-0.0655
k1,500000,0.0,10.5,1.327,0.0253,0.01108,-0.0629
k1,500000,0.0,11.0,1.3529,0.02736,0.01256,-0.059
k1,500000,0.0,11.5,1.3722,0.02908,0.01393,-0.0537
k1,500000,0.0,12.0,1.3939,0.03148,0.01562,-0.0501
k1,500000,0.0,12.5,1.4049,0.03489,0.01813,-0.0457
k1,500000,0.0,13.0,1.4149,0.03841,0.02099,-0.0419
k1,500000,0.0,13.5,1.4184,0.04264,0.02447,-0.0385
k1,500000,0.0,14.0,1.4171,0.04761,0.02864,-0.036
k1,500000,0.0,14.5,1.4109,0.05354,0.03372,-0.0348
k1,500000,0.0,15.0,1.3989,0.06095,0.04023,-0.0355
k1,1000000,0.0,-5.0,-0.2885,0.0084,0.0015,-0.0802
k1,1000000,0.0,-4.5,-0.2292,0.00766,0.00121,-0.0815
k1,1000000,0.0,-4.0,-0.1697,0.00685,0.00096,-0.0829
k1,1000000,0.0,-3.5,-0.1102,0.00623,0.00081,-0.0841
k1,1000000,0.0,-3.0,-0.0511,0.00582,0.00074,-0.0849
k1,1000000,0.0,-2.5,0.0072,0.00563,0.00072,-0.0853
k1,1000000,0.0,-2.0,0.0658,0.0055,0.00067,-0.0855
k1,1000000,0.0,-1.5,0.1235,0.00534,0.00059,-0.0855
k1,1000000,0.0,-1.0,0.1811,0.00523,0.00049,-0.0854
k1,1000000,0.0,-0.5,0.2387,0.00521,0.00041,-0.0853
k1,1000000,0.0,0.0,0.2969,0.00517,0.00037,-0.0854
k1,1000000,0.0,0.5,0.3552,0.0052,0.00037,-0.0856
k1,1000000,0.0,1.0,0.4109,0.00546,0.00028,-0.0851
k1,1000000,0.0,1.5,0.4601,0.00674,0.00054,-0.0841
k1,1000000,0.0,2.0,0.5103,0.0081,0.00095,-0.0835
k1,1000000,0.0,3.0,0.6196,0.00928,0.00139,-0.0833
k1,1000000,0.0,3.5,0.6752,0.00968,0.00157,-0.0832
k1,1000000,0.0,4.0,0.7307,0.01007,0.00175,-0.0831
k1,1000000,0.0,4.5,0.7858,0.0105,0.00193,-0.0829
k1,1000000,0.0,5.0,0.8391,0.01112,0.00222,-0.0825
k1,1000000,0.0,5.5,0.8914,0.01186,0.00265,-0.082
k1,1000000,0.0,6.0,0.9444,0.01248,0.003,-0.0814
k1,1000000,0.0,6.5,0.9971,0.01311,0.00337,-0.0809
k1,1000000,0.0,7.0,1.0495,0.01371,0.00376,-0.0803
k1,1000000,0.0,7.5,1.1007,0.0144,0.00422,-0.0796
k1,1000000,0.0,8.0,1.1519,0.01507,0.00466,-0.0788
k1,1000000,0.0,8.5,1.2016,0.01588,0.00518,-0.0779
k1,1000000,0.0,9.0,1.2516,0.01658,0.00561,-0.077
k1,1000000,0.0,9.5,1.3004,0.0173,0.00608,-0.076
k1,1000000,0.0,10.0,1.3481,0.01808,0.00655,-0.0748
k1,1000000,0.0,10.5,1.3943,0.01899,0.0071,-0.0734
k1,1000000,0.0,11.0,1.438,0.02007,0.0078,-0.0718
k1,1000000,0.0,11.5,1.4788,0.0213,0.00865,-0.0697
k1,1000000,0.0,12.0,1.5171,0.02262,0.00956,-0.0673
k1,1000000,0.0,12.5,1.5505,0.02402,0.01057,-0.0643
k1,1000000,0.0,13.0,1.5701,0.02539,0.01166,-0.0589
k1,1000000,0.0,13.5,1.5924,0.02742,0.01304,-0.0549
k1,1000000,0.0,14.0,1.6133,0.02953,0.0145,-0.051
k1,1000000,0.0,14.5,1.63,0.03203,0.01627,-0.0472
k1,1000000,0.0,15.0,1.642,0.03501,0.01844,-0.0435
fx711525,50000,0.0,-5.0,-0.4785,0.04648,0.03097,0.0216
fx711525,50000,0.0,-4.5,-0.4724,0.04577,0.03044,0.0284
fx711525,50000,0.0,-4.0,-0.4846,0.04448,0.02931,0.0368
fx711525,50000,0.0,-3.5,-0.5052,0.04263,0.02753,0.0456
fx711525,50000,0.0,-3.0,-0.4479,0.04146,0.02661,0.0447
fx711525,50000,0.0,-2.5,-0.405,0.04018,0.02535,0.0443
fx711525,50000,0.0,-2.0,-0.377,0.03889,0.02396,0.0451
fx711525,50000,0.0,-1.5,-0.2594,0.03833,0.02338,0.0305
fx711525,50000,0.0,-1.0,-0.1602,0.03785,0.02275,0.0181
fx711525,50000,0.0,-0.5,-0.0864,0.03738,0.02235,0.0102
fx711525,50000,0.0,0.0,-0.0,0.03737,0.02224,0.0
fx711525,50000,0.0,0.5,0.0864,0.03737,0.02235,-0.0102
fx711525,50000,0.0,1.0,0.1602,0.03785,0.02275,-0.0181
fx711525,50000,0.0,1.5,0.2594,0.03831,0.02338,-0.0305
fx711525,50000,0.0,2.0,0.3772,0.03887,0.02396,-0.0452
fx711525,50000,0.0,2.5,0.405,0.04016,0.02535,-0.0443
fx711525,50000,0.0,3.0,0.4477,0.04144,0.02662,-0.0447
fx711525,50000,0.0,3.5,0.5056,0.04261,0.02752,-0.0457
fx711525,50000,0.0,4.0,0.4848,0.04445,0.02931,-0.0368
fx711525,50000,0.0,4.5,0.4726,0.04574,0.03044,-0.0284
fx711525,50000,0.0,5.0,0.4783,0.04646,0.03097,-0.0216
fx711525,50000,0.0,5.5,0.5694,0.04362,0.02808,-0.0192
fx711525,50000,0.0,6.0,0.6806,0.03281,0.0174,-0.0093
fx711525,50000,0.0,6.5,0.718,0.02698,0.01098,0.0019
fx711525,50000,0.0,7.0,0.7114,0.02661,0.00897,0.0125
fx711525,50000,0.0,7.5,0.684,0.03194,0.01114,0.0197
fx711525,50000,0.0,8.0,0.7163,0.03615,0.01325,0.0229
fx711525,50000,0.0,8.5,0.7906,0.04033,0.01581,0.023
fx711525,50000,0.0,9.0,0.8422,0.04528,0.01972,0.0233
fx711525,50000,0.0,9.5,0.8763,0.05127,0.02486,0.0242
fx711525,50000,0.0,10.0,0.8839,0.05839,0.03157,0.0258
fx711525,50000,0.0,10.5,0.8509,0.06668,0.0398,0.0274
fx711525,50000,0.0,11.0,0.7901,0.07803,0.05137,0.0239
fx711525,50000,0.0,11.5,0.723,0.09458,0.06841,0.0144
fx711525,50000,0.0,12.0,0.7105,0.10781,0.08032,0.0094
fx711525,50000,0.0,13.0,0.5907,0.16109,0.1437,-0.0291
fx711525,50000,0.0,13.5,0.6332,0.17322,0.15221,-0.0297
fx711525,50000,0.0,14.0,0.6084,0.17642,0.16216,-0.0351
fx711525,50000,0.0,14.5,0.6189,0.18236,0.17138,-0.0379
fx711525,50000,0.0,15.0,0.6638,0.19539,0.17977,-0.0378
fx711525,100000,0.0,-5.0,-0.5098,0.01909,0.00701,-0.0177
fx711525,100000,0.0,-4.0,-0.3889,0.02143,0.0096,-0.0169
fx711525,100000,0.0,-3.5,-0.3296,0.02338,0.01162,-0.0147
fx711525,100000,0.0,-3.0,-0.2668,0.0269,0.01515,-0.009
fx711525,100000,0.0,-2.5,-0.2178,0.0271,0.01539,-0.0072
fx711525,100000,0.0,-2.0,-0.1717,0.02699,0.01547,-0.0058
fx711525,100000,0.0,-1.5,-0.1316,0.02681,0.01504,-0.0041
fx711525,100000,0.0,-1.0,-0.0839,0.02677,0.01533,-0.0029
fx711525,100000,0.0,-0.5,-0.0435,0.0266,0.01492,-0.0017
fx711525,100000,0.0,0.0,-0.0,0.02674,0.01532,0.0
fx711525,100000,0.0,0.5,0.0435,0.0266,0.01492,0.0017
fx711525,100000,0.0,1.0,0.0839,0.02677,0.01533,0.0029
fx711525,100000,0.0,1.5,0.1316,0.02681,0.01504,0.0041
fx711525,100000,0.0,2.0,0.1717,0.02699,0.01547,0.0058
fx711525,100000,0.0,2.5,0.2178,0.0271,0.01539,0.0072
fx711525,100000,0.0,3.0,0.2668,0.0269,0.01515,0.009
fx711525,100000,0.0,3.5,0.3296,0.02338,0.01162,0.0147
fx711525,100000,0.0,4.0,0.3889,0.02143,0.0096,0.0169
fx711525,100000,0.0,4.5,0.4365,0.02031,0.00833,0.0193
fx711525,100000,0.0,5.0,0.5098,0.01909,0.00701,0.0177
fx711525,100000,0.0,5.5,0.5682,0.01791,0.0054,0.0183
fx711525,100000,0.0,6.0,0.6334,0.01798,0.00389,0.0163
fx711525,100000,0.0,7.0,0.712,0.02537,0.00705,0.013
fx711525,100000,0.0,7.5,0.7105,0.02688,0.00766,0.0195
fx711525,100000,0.0,8.0,0.7506,0.02974,0.00905,0.0207
fx711525,100000,0.0,8.5,0.804,0.03277,0.01096,0.0206
fx711525,100000,0.0,9.0,0.8561,0.03674,0.01377,0.0205
fx711525,100000,0.0,9.5,0.8981,0.04176,0.01758,0.0209
fx711525,100000,0.0,10.0,0.9263,0.0484,0.02264,0.0217
fx711525,100000,0.0,10.5,0.9487,0.05296,0.02687,0.0233
fx711525,100000,0.0,11.0,0.9376,0.05824,0.03284,0.0265
fx711525,100000,0.0,11.5,0.8689,0.06887,0.04377,0.0259
fx711525,100000,0.0,12.0,0.7948,0.0838,0.05924,0.0185
fx711525,100000,0.0,12.5,0.7194,0.10569,0.08207,0.0047
fx711525,100000,0.0,13.0,0.6355,0.14855,0.13,-0.0197
fx711525,100000,0.0,13.5,0.6711,0.15763,0.13415,-0.0178
fx711525,100000,0.0,14.0,0.6298,0.16672,0.15293,-0.0301
fx711525,100000,0.0,14.5,0.6391,0.17371,0.16262,-0.0336
fx711525,100000,0.0,15.0,0.6629,0.18072,0.1699,-0.0346
fx711525,200000,0.0,-5.0,-0.5218,0.01435,0.00182,-0.0108
fx711525,200000,0.0,-4.5,-0.4847,0.013,0.00187,-0.0083
fx711525,200000,0.0,-4.0,-0.4334,0.01301,0.00243,-0.0074
fx711525,200000,0.0,-3.5,-0.3795,0.01315,0.00278,-0.0068
fx711525,200000,0.0,-3.0,-0.3263,0.01353,0.00331,-0.0058
fx711525,200000,0.0,-2.5,-0.2712,0.01394,0.00404,-0.0052
fx711525,200000,0.0,-2.0,-0.2174,0.01439,0.00456,-0.004
fx711525,200000,0.0,-1.5,-0.1634,0.01542,0.00578,-0.0024
fx711525,200000,0.0,-1.0,-0.1093,0.01628,0.00671,-0.001
fx711525,200000,0.0,-0.5,-0.055,0.01637,0.00684,-0.0001
fx711525,200000,0.0,0.0,0.0,0.01661,0.00698,-0.0
fx711525,200000,0.0,0.5,0.055,0.01637,0.00684,0.0001
fx711525,200000,0.0,1.0,0.1093,0.01628,0.00671,0.001
fx711525,200000,0.0,1.5,0.1634,0.01542,0.00578,0.0024
fx711525,200000,0.0,2.0,0.2174,0.01439,0.00456,0.004
fx711525,200000,0.0,2.5,0.2712,0.01394,0.00404,0.0052
fx711525,200000,0.0,3.0,0.3263,0.01353,0.00331,0.0058
fx711525,200000,0.0,3.5,0.3795,0.01315,0.00278,0.0068
fx711525,200000,0.0,4.0,0.4334,0.01301,0.00243,0.0074
fx711525,200000,0.0,4.5,0.4847,0.013,0.00187,0.0083
fx711525,200000,0.0,5.0,0.5218,0.01435,0.00183,0.0108
fx711525,200000,0.0,5.5,0.5551,0.01676,0.0026,0.0124
fx711525,200000,0.0,6.0,0.5967,0.01798,0.00315,0.0143
fx711525,200000,0.0,6.5,0.6408,0.01902,0.00368,0.0155
fx711525,200000,0.0,7.0,0.6795,0.02027,0.00441,0.0176
fx711525,200000,0.0,7.5,0.7157,0.02179,0.00531,0.0196
fx711525,200000,0.0,8.0,0.7515,0.02358,0.00637,0.0216
fx711525,200000,0.0,8.5,0.8015,0.02585,0.00783,0.0211
fx711525,200000,0.0,9.0,0.8578,0.02875,0.00976,0.0196
fx711525,200000,0.0,9.5,0.9061,0.03239,0.0124,0.0196
fx711525,200000,0.0,10.0,0.9449,0.03713,0.0161,0.0202
fx711525,200000,0.0,10.5,0.9673,0.04286,0.02069,0.0217
fx711525,200000,0.0,11.0,0.9669,0.04978,0.02614,0.0241
fx711525,200000,0.0,11.5,0.9812,0.05544,0.03079,0.0253
fx711525,200000,0.0,12.0,0.8754,0.07034,0.04699,0.0236
fx711525,200000,0.0,12.5,0.8069,0.08614,0.06266,0.0154
fx711525,200000,0.0,13.0,0.6516,0.13689,0.1199,-0.0169
fx711525,200000,0.0,13.5,0.6639,0.14394,0.1273,-0.0191
fx711525,200000,0.0,14.0,0.6821,0.15006,0.13264,-0.0197
fx711525,200000,0.0,14.5,0.6778,0.16337,0.14388,-0.0238
fx711525,200000,0.0,15.0,0.6654,0.17407,0.16461,-0.0347
fx711525,500000,0.0,-5.0,-0.5349,0.01346,0.00135,-0.0036
fx711525,500000,0.0,-4.5,-0.4811,0.01294,0.00115,-0.0032
fx711525,500000,0.0,-4.0,-0.4271,0.01251,0.00097,-0.0029
fx711525,500000,0.0,-3.5,-0.3755,0.01168,0.00064,-0.0025
fx711525,500000,0.0,-3.0,-0.3263,0.01041,0.0002,-0.002
fx711525,500000,0.0,-2.5,-0.2739,0.00962,-7e-05,-0.0017
fx711525,500000,0.0,-2.0,-0.2225,0.00884,-0.00024,-0.0013
fx711525,500000,0.0,-1.5,-0.1685,0.00836,-0.00012,-0.001
fx711525,500000,0.0,-1.0,-0.1127,0.00818,2e-05,-0.0008
fx711525,500000,0.0,-0.5,-0.0563,0.00818,0.00012,-0.0005
fx711525,500000,0.0,0.0,-0.0,0.00825,0.00035,0.0
fx711525,500000,0.0,0.5,0.0563,0.00818,0.00012,0.0005
fx711525,500000,0.0,1.0,0.1127,0.00818,2e-05,0.0008
fx711525,500000,0.0,1.5,0.1685,0.00836,-0.00012,0.001
fx711525,500000,0.0,2.0,0.2225,0.00884,-0.00024,0.0013
fx711525,500000,0.0,2.5,0.2739,0.00962,-7e-05,0.0017
fx711525,500000,0.0,3.0,0.3263,0.01041,0.0002,0.002
fx711525,500000,0.0,3.5,0.3755,0.01168,0.00064,0.0025
fx711525,500000,0.0,4.0,0.4271,0.01251,0.00097,0.0029
fx711525,500000,0.0,4.5,0.4812,0.01294,0.00115,0.0032
fx711525,500000,0.0,5.0,0.5349,0.01346,0.00135,0.0036
fx711525,500000,0.0,5.5,0.5878,0.01411,0.00161,0.0039
fx711525,500000,0.0,6.0,0.6387,0.01476,0.00197,0.0045
fx711525,500000,0.0,6.5,0.6878,0.01562,0.00243,0.0054
fx711525,500000,0.0,7.0,0.7347,0.01669,0.00303,0.0063
fx711525,500000,0.0,7.5,0.7788,0.018,0.00377,0.0076
fx711525,500000,0.0,8.0,0.8188,0.01944,0.00472,0.0092
fx711525,500000,0.0,8.5,0.8553,0.02132,0.00593,0.0114
fx711525,500000,0.0,9.0,0.8921,0.02372,0.00747,0.0135
fx711525,500000,0.0,9.5,0.932,0.02685,0.00963,0.0153
fx711525,500000,0.0,10.0,0.9691,0.03138,0.01288,0.0169
fx711525,1000000,0.0,-5.0,-0.5453,0.01126,0.00051,-0.0016
fx711525,1000000,0.0,-4.5,-0.4906,0.0108,0.00031,-0.0014
fx711525,1000000,0.0,-4.0,-0.4351,0.01047,0.00017,-0.0013
fx711525,1000000,0.0,-3.5,-0.3787,0.01014,6e-05,-0.0013
fx711525,1000000,0.0,-3.0,-0.3222,0.00986,-5e-05,-0.0014
fx711525,1000000,0.0,-2.5,-0.266,0.00965,-0.00016,-0.0014
fx711525,1000000,0.0,-2.0,-0.2087,0.00943,-0.00022,-0.0016
fx711525,1000000,0.0,-1.5,-0.1521,0.00914,-0.00033,-0.0017
fx711525,1000000,0.0,-1.0,-0.0973,0.00866,-0.00053,-0.0015
fx711525,1000000,0.0,-0.5,-0.0529,0.00687,-0.00122,-0.0004
fx711525,1000000,0.0,0.0,0.0,0.00644,-0.00128,-0.0
fx711525,1000000,0.0,0.5,0.0529,0.00687,-0.00122,0.0004
fx711525,1000000,0.0,1.0,0.0973,0.00866,-0.00053,0.0015
fx711525,1000000,0.0,1.5,0.1521,0.00914,-0.00033,0.0017
fx711525,1000000,0.0,2.0,0.2087,0.00943,-0.00022,0.0016
fx711525,1000000,0.0,2.5,0.266,0.00965,-0.00016,0.0014
fx711525,1000000,0.0,3.0,0.3223,0.00986,-5e-05,0.0014
fx711525,1000000,0.0,3.5,0.3787,0.01014,6e-05,0.0013
fx711525,1000000,0.0,4.0,0.4351,0.01047,0.00017,0.0013
fx711525,1000000,0.0,4.5,0.4906,0.0108,0.00031,0.0014
fx711525,1000000,0.0,5.0,0.5453,0.01126,0.00052,0.0016
fx711525,1000000,0.0,5.5,0.5987,0.01191,0.00081,0.002
fx711525,1000000,0.0,6.0,0.6499,0.01283,0.00126,0.0026
fx711525,1000000,0.0,6.5,0.6951,0.01429,0.00205,0.004
goe100,50000,0.0,-5.0,-0.3429,0.08024,0.05067,-0.0196
goe100,50000,0.0,-4.5,-0.3335,0.06963,0.04529,-0.0126
goe100,50000,0.0,-4.0,-0.313,0.06301,0.03927,-0.0114
goe100,50000,0.0,-3.5,-0.2718,0.05756,0.0324,-0.0154
goe100,50000,0.0,-2.5,-0.0865,0.03304,0.00888,-0.0398
goe100,50000,0.0,-2.0,-0.0223,0.02727,0.00524,-0.0401
goe100,50000,0.0,-1.5,0.0323,0.02507,0.00433,-0.0408
goe100,50000,0.0,-1.0,0.0937,0.02302,0.00345,-0.0421
goe100,50000,0.0,-0.5,0.1459,0.01915,0.00242,-0.0411
goe100,50000,0.0,0.0,0.1885,0.01985,0.00311,-0.0402
goe100,50000,0.0,0.5,0.2305,0.02071,0.00445,-0.0401
goe100,50000,0.0,1.0,0.2709,0.02177,0.00598,-0.0402
goe100,50000,0.0,1.5,0.3092,0.0231,0.0077,-0.0405
goe100,50000,0.0,2.0,0.3444,0.02488,0.00975,-0.0411
goe100,50000,0.0,2.5,0.4808,0.02665,0.01224,-0.0616
goe100,50000,0.0,3.0,0.5778,0.02593,0.01195,-0.0694
goe100,50000,0.0,3.5,0.6941,0.02322,0.00908,-0.0761
goe100,50000,0.0,4.0,0.7652,0.02112,0.0065,-0.0737
goe100,50000,0.0,4.5,0.8208,0.02197,0.00551,-0.0711
goe100,50000,0.0,5.0,0.8459,0.02279,0.00354,-0.0647
goe100,50000,0.0,5.5,0.8841,0.02361,0.00179,-0.0616
goe100,50000,0.0,6.0,0.9195,0.02452,-0.00115,-0.0582
goe100,50000,0.0,6.5,0.9649,0.02632,-0.0031,-0.0556
goe100,50000,0.0,7.0,1.0095,0.02823,-0.00575,-0.0526
goe100,50000,0.0,7.5,1.0451,0.03239,-0.00649,-0.0485
goe100,50000,0.0,8.0,1.0822,0.03761,-0.00572,-0.0432
goe100,50000,0.0,8.5,1.1324,0.04736,0.00042,-0.0394
goe100,50000,0.0,9.0,1.1248,0.05981,0.01216,-0.034
goe100,50000,0.0,9.5,1.0939,0.07071,0.02288,-0.0295
goe100,50000,0.0,10.0,1.051,0.08033,0.03292,-0.0269
goe100,50000,0.0,10.5,1.0072,0.09219,0.04596,-0.0306
goe100,50000,0.0,11.0,0.9687,0.10795,0.06379,-0.0404
goe100,50000,0.0,11.5,0.9415,0.12458,0.08247,-0.0493
goe100,50000,0.0,12.0,0.9246,0.13956,0.09802,-0.0549
goe100,50000,0.0,12.5,0.9225,0.15343,0.11678,-0.0622
goe100,50000,0.0,13.0,0.9014,0.16816,0.13815,-0.0728
goe100,50000,0.0,13.5,0.899,0.18443,0.15923,-0.0814
goe100,50000,0.0,14.0,0.9132,0.20374,0.17396,-0.0854
goe100,50000,0.0,14.5,0.928,0.21925,0.18754,-0.089
goe100,50000,0.0,15.0,0.9347,0.22309,0.2006,-0.0932
goe100,100000,0.0,-5.0,-0.3118,0.08168,0.04488,-0.0251
goe100,100000,0.0,-4.5,-0.3095,0.06572,0.03974,-0.0271
goe100,100000,0.0,-4.0,-0.2884,0.05757,0.03496,-0.0248
goe100,100000,0.0,-3.5,-0.2505,0.05071,0.02923,-0.026
goe100,100000,0.0,-3.0,-0.1845,0.05079,0.0222,-0.0282
goe100,100000,0.0,-2.5,-0.08,0.02749,0.00403,-0.0383
goe100,100000,0.0,-2.0,0.0082,0.01908,-0.00174,-0.0413
goe100,100000,0.0,-1.5,0.0416,0.02079,0.00252,-0.0404
goe100,100000,0.0,-1.0,0.0954,0.01957,0.00245,-0.0413
goe100,100000,0.0,-0.5,0.1496,0.0185,0.00272,-0.0425
goe100,100000,0.0,0.0,0.197,0.01621,0.00325,-0.0421
goe100,100000,0.0,0.5,0.2726,0.01666,0.00456,-0.0487
goe100,100000,0.0,1.0,0.3798,0.01707,0.00595,-0.0616
goe100,100000,0.0,1.5,0.4662,0.01664,0.00621,-0.0687
goe100,100000,0.0,2.0,0.5569,0.01568,0.0055,-0.0753
goe100,100000,0.0,2.5,0.6138,0.015,0.00494,-0.0749
goe100,100000,0.0,3.0,0.6846,0.01408,0.00382,-0.0767
goe100,100000,0.0,3.5,0.7409,0.01348,0.00251,-0.0751
goe100,100000,0.0,4.0,0.7852,0.01456,0.00189,-0.0724
goe100,100000,0.0,4.5,0.8184,0.01611,0.00119,-0.0691
goe100,100000,0.0,5.0,0.8605,0.01736,-0.00021,-0.0674
goe100,100000,0.0,5.5,0.902,0.01904,-0.0023,-0.0656
goe100,100000,0.0,6.0,0.9462,0.02104,-0.0039,-0.0632
goe100,100000,0.0,6.5,0.9984,0.022,-0.00665,-0.0609
goe100,100000,0.0,7.0,1.0457,0.02402,-0.0089,-0.0573
goe100,100000,0.0,7.5,1.0871,0.02758,-0.00974,-0.0516
goe100,100000,0.0,8.0,1.1332,0.03807,-0.00269,-0.0465
goe100,100000,0.0,8.5,1.1293,0.05104,0.00842,-0.0401
goe100,100000,0.0,9.0,1.0903,0.06775,0.02234,-0.0353
goe100,100000,0.0,9.5,1.0929,0.07214,0.02946,-0.0304
goe100,100000,0.0,10.0,1.0195,0.086,0.04677,-0.0332
goe100,100000,0.0,10.5,0.9822,0.10182,0.06384,-0.0427
goe100,100000,0.0,11.0,0.9484,0.11834,0.0823,-0.0524
goe100,100000,0.0,11.5,0.9174,0.13456,0.10128,-0.0616
goe100,100000,0.0,12.0,0.7801,0.12953,0.07838,-0.0395
goe100,100000,0.0,12.5,0.7571,0.14238,0.09399,-0.0451
goe100,100000,0.0,13.0,0.7183,0.15182,0.10669,-0.0503
goe100,100000,0.0,13.5,0.9319,0.2012,0.15561,-0.0753
goe100,100000,0.0,14.0,0.9355,0.2095,0.16883,-0.08
goe100,100000,0.0,14.5,0.9373,0.21265,0.18231,-0.0853
goe100,100000,0.0,15.0,0.9271,0.20879,0.19699,-0.0932
goe100,200000,0.0,-5.0,-0.2392,0.06472,0.03471,-0.0434
goe100,200000,0.0,-4.5,-0.2174,0.05151,0.02982,-0.0468
goe100,200000,0.0,-4.0,-0.1641,0.04865,0.02291,-0.0494
goe100,200000,0.0,-3.5,-0.1078,0.03598,0.01558,-0.0552
goe100,200000,0.0,-3.0,0.0426,0.01552,-0.00512,-0.0679
goe100,200000,0.0,-2.5,0.0773,0.01347,-0.00527,-0.063
goe100,200000,0.0,-2.0,0.093,0.01449,-0.00247,-0.0571
goe100,200000,0.0,-1.5,0.1576,0.01493,-7e-05,-0.0618
goe100,200000,0.0,-1.0,0.2442,0.01396,0.00026,-0.0697
goe100,200000,0.0,-0.5,0.2981,0.01282,0.00075,-0.0706
goe100,500000,0.0,-5.0,-0.1303,0.04377,0.0194,-0.0682
goe100,500000,0.0,-4.5,-0.0829,0.03083,0.00938,-0.0735
goe100,1000000,0.0,-5.0,-0.138,0.03446,0.0197,-0.0614
goe100,1000000,0.0,-4.5,-0.0901,0.02403,0.01073,-0.0662
goe100,1000000,0.0,-4.0,-0.0399,0.01388,-6e-05,-0.068
ys930,50000,0.0,-5.0,-0.4773,0.03564,0.01547,-0.0543
ys930,50000,0.0,-4.5,-0.423,0.03016,0.01123,-0.0539
ys930,50000,0.0,-4.0,-0.373,0.02792,0.01181,-0.0519
ys930,50000,0.0,-3.5,-0.3423,0.02892,0.01402,-0.0456
ys930,50000,0.0,-3.0,-0.2972,0.02777,0.01312,-0.0437
ys930,50000,0.0,-2.5,-0.248,0.02642,0.01196,-0.0432
ys930,50000,0.0,-2.0,-0.1962,0.02542,0.01096,-0.0434
ys930,50000,0.0,-1.5,-0.1438,0.02462,0.0103,-0.0435
ys930,50000,0.0,-1.0,-0.0962,0.02353,0.00983,-0.0419
ys930,50000,0.0,-0.5,-0.0473,0.02251,0.00889,-0.0422
ys930,50000,0.0,0.0,0.0021,0.02322,0.0091,-0.0428
ys930,50000,0.0,0.5,0.0486,0.02401,0.00957,-0.0428
ys930,50000,0.0,1.0,0.0938,0.02491,0.01019,-0.0425
ys930,50000,0.0,1.5,0.1379,0.02592,0.01095,-0.0423
ys930,50000,0.0,2.0,0.1809,0.02706,0.01182,-0.042
ys930,50000,0.0,2.5,0.2226,0.02833,0.01284,-0.0416
ys930,50000,0.0,3.0,0.263,0.02978,0.01402,-0.0413
ys930,50000,0.0,3.5,0.3019,0.03142,0.0154,-0.0411
ys930,50000,0.0,4.0,0.339,0.03331,0.01706,-0.0408
ys930,50000,0.0,4.5,0.374,0.03547,0.01899,-0.0408
ys930,50000,0.0,5.0,0.4065,0.038,0.02129,-0.0409
ys930,50000,0.0,5.5,0.5318,0.04275,0.02587,-0.0577
ys930,50000,0.0,6.0,0.777,0.03106,0.00829,-0.0517
ys930,50000,0.0,6.5,0.9157,0.03951,0.01227,-0.0606
ys930,50000,0.0,7.0,0.976,0.04753,0.01805,-0.0588
ys930,50000,0.0,7.5,1.0071,0.05525,0.02536,-0.0529
ys930,50000,0.0,8.0,1.0377,0.06659,0.03426,-0.0489
ys930,50000,0.0,8.5,1.0121,0.07504,0.04609,-0.0409
ys930,50000,0.0,9.0,0.9634,0.08581,0.05857,-0.0381
ys930,50000,0.0,9.5,0.8989,0.09955,0.07391,-0.0436
ys930,50000,0.0,10.0,0.2417,0.00176,-0.00542,0.027
ys930,50000,0.0,10.5,0.2338,0.0039,0.00318,0.0206
ys930,50000,0.0,11.5,0.1756,0.01232,0.02465,-0.0018
ys930,50000,0.0,12.0,0.1957,0.0157,0.03095,-0.0041
ys930,50000,0.0,12.5,0.216,0.01955,0.03758,-0.0063
ys930,50000,0.0,13.0,0.2356,0.02385,0.04453,-0.0087
ys930,50000,0.0,13.5,0.2578,0.02889,0.05178,-0.0108
ys930,50000,0.0,14.5,0.3086,0.04101,0.06651,-0.0138
ys930,50000,0.0,15.0,0.3185,0.04595,0.07497,-0.0182
ys930,100000,0.0,-5.0,-0.4764,0.02947,0.01058,-0.0514
ys930,100000,0.0,-4.5,-0.427,0.02604,0.00852,-0.0512
ys930,100000,0.0,-4.0,-0.3716,0.02226,0.00692,-0.0513
ys930,100000,0.0,-3.5,-0.3198,0.02118,0.0082,-0.0511
ys930,100000,0.0,-3.0,-0.2769,0.02168,0.00915,-0.0495
ys930,100000,0.0,-2.5,-0.2281,0.0213,0.00892,-0.0491
ys930,100000,0.0,-2.0,-0.1785,0.02096,0.00874,-0.0489
ys930,100000,0.0,-1.5,-0.1286,0.02075,0.0087,-0.0488
ys930,100000,0.0,-1.0,-0.0787,0.02059,0.00888,-0.0488
ys930,100000,0.0,-0.5,-0.026,0.0201,0.00934,-0.0486
ys930,100000,0.0,0.0,0.0093,0.01976,0.00937,-0.0453
ys930,100000,0.0,0.5,0.0558,0.02062,0.00994,-0.0452
ys930,100000,0.0,1.0,0.1008,0.02159,0.01066,-0.045
ys930,100000,0.0,1.5,0.1842,0.02341,0.01222,-0.0524
ys930,100000,0.0,2.0,0.2577,0.02489,0.01347,-0.0577
ys930,100000,0.0,2.5,0.3293,0.02624,0.01459,-0.0624
ys930,100000,0.0,3.0,0.3948,0.02741,0.01556,-0.0658
ys930,100000,0.0,3.5,0.4766,0.02865,0.01648,-0.0716
ys930,100000,0.0,4.0,0.5415,0.02933,0.01702,-0.0738
ys930,100000,0.0,4.5,0.6232,0.02929,0.01679,-0.0775
ys930,100000,0.0,5.0,0.7728,0.02016,0.00314,-0.0717
ys930,100000,0.0,5.5,0.7958,0.02403,0.00462,-0.0652
ys930,100000,0.0,6.0,0.8673,0.02958,0.00701,-0.066
ys930,100000,0.0,6.5,0.9196,0.0338,0.00946,-0.0649
ys930,100000,0.0,7.0,0.9703,0.0411,0.01455,-0.062
ys930,200000,0.0,-5.0,-0.3274,0.02123,0.00684,-0.0783
ys930,200000,0.0,-4.5,-0.2667,0.01882,0.00614,-0.08
ys930,200000,0.0,-4.0,-0.2075,0.01739,0.00653,-0.0821
ys930,200000,0.0,-3.5,-0.1649,0.01778,0.00718,-0.0803
ys930,200000,0.0,-3.0,-0.1088,0.0178,0.00742,-0.0811
ys930,200000,0.0,-2.5,-0.046,0.01764,0.0075,-0.0833
ys930,200000,0.0,-2.0,-0.0005,0.01759,0.00767,-0.0821
ys930,200000,0.0,-1.5,0.0572,0.01754,0.00786,-0.0832
ys930,200000,0.0,-1.0,0.1227,0.0173,0.0081,-0.086
ys930,200000,0.0,-0.5,0.1617,0.01681,0.00861,-0.0832
ys930,200000,0.0,0.0,0.2274,0.01664,0.0089,-0.085
ys930,200000,0.0,0.5,0.2807,0.01716,0.00922,-0.0853
ys930,200000,0.0,1.0,0.3425,0.01754,0.00945,-0.0871
ys930,200000,0.0,1.5,0.396,0.01801,0.00973,-0.0872
ys930,200000,0.0,2.0,0.4674,0.01816,0.00975,-0.0904
ys930,200000,0.0,3.0,0.5985,0.01808,0.00937,-0.0938
ys930,200000,0.0,3.5,0.7089,0.01514,0.0066,-0.1004
ys930,200000,0.0,4.5,0.7775,0.01372,0.00118,-0.0835
ys930,200000,0.0,5.0,0.7814,0.01803,0.00256,-0.0741
ys930,200000,0.0,5.5,0.8154,0.0203,0.00331,-0.0703
ys930,200000,0.0,6.0,0.8616,0.02353,0.00452,-0.0683
ys930,200000,0.0,6.5,0.9285,0.02895,0.0074,-0.0686
ys930,200000,0.0,7.5,0.1306,0.0,-0.03271,0.0417
ys930,200000,0.0,8.0,0.1645,0.0,-0.03294,0.0415
ys930,200000,0.0,8.5,0.1933,5e-05,-0.02577,0.0316
ys930,200000,0.0,9.0,0.2188,0.0001,-0.02337,0.0305
ys930,200000,0.0,9.5,0.2317,8e-05,-0.02437,0.036
ys930,200000,0.0,10.0,0.2337,0.00012,-0.02348,0.0382
ys930,200000,0.0,10.5,0.2527,0.00025,-0.02022,0.0382
ys930,200000,0.0,11.0,0.2595,0.00067,-0.01442,0.0349
ys930,200000,0.0,11.5,0.258,0.00163,-0.00708,0.0293
ys930,200000,0.0,12.0,0.2545,0.00356,0.00207,0.0218
ys930,500000,0.0,-5.0,-0.1335,0.01036,0.00105,-0.1117
ys930,500000,0.0,-4.5,-0.0823,0.00925,0.00091,-0.1119
ys930,500000,0.0,-4.0,-0.0293,0.00916,0.00133,-0.1119
ys930,500000,0.0,-3.5,0.0246,0.00908,0.00151,-0.1119
ys930,500000,0.0,-2.5,0.1349,0.00881,0.00157,-0.1124
ys930,500000,0.0,-2.0,0.1904,0.00872,0.0016,-0.1127
ys930,500000,0.0,-1.5,0.2422,0.0086,0.00175,-0.1124
ys930,500000,0.0,-1.0,0.294,0.00841,0.00191,-0.1121
ys930,500000,0.0,-0.5,0.3459,0.00813,0.00205,-0.1117
ys930,500000,0.0,0.0,0.3969,0.00774,0.00217,-0.1109
ys930,500000,0.0,0.5,0.4493,0.0074,0.00235,-0.1098
ys930,500000,0.0,1.0,0.5431,0.00734,0.00227,-0.1184
ys930,500000,0.0,1.5,0.5992,0.00728,0.00208,-0.1184
ys930,500000,0.0,2.0,0.6477,0.00724,0.00185,-0.1166
ys930,500000,0.0,2.5,0.6984,0.00689,0.00122,-0.1147
ys930,500000,0.0,3.0,0.7432,0.00656,0.00053,-0.1115
ys930,500000,0.0,3.5,0.7812,0.00652,-0.0001,-0.107
ys930,500000,0.0,4.0,0.7603,0.00999,0.00055,-0.0919
ys930,500000,0.0,4.5,0.7761,0.0129,0.0013,-0.0848
ys930,500000,0.0,5.0,0.8152,0.01427,0.00156,-0.0816
ys930,500000,0.0,5.5,0.8513,0.01608,0.00207,-0.0777
ys930,500000,0.0,6.0,0.8901,0.01892,0.0032,-0.0742
ys930,500000,0.0,6.5,0.9489,0.02535,0.00646,-0.0734
ys930,500000,0.0,7.5,0.1456,0.0,-0.03509,0.0384
ys930,500000,0.0,8.0,0.1502,0.0,-0.03426,0.0399
ys930,500000,0.0,8.5,0.1446,0.0,-0.03299,0.0415
ys930,500000,0.0,9.0,0.1357,0.0,-0.032,0.0437
ys930,500000,0.0,9.5,0.1376,1e-05,-0.0301,0.0436
ys930,500000,0.0,10.0,0.1875,8e-05,-0.02488,0.0361
ys930,500000,0.0,10.5,0.2126,0.00013,-0.02357,0.0368
ys930,500000,0.0,11.0,0.2299,0.00023,-0.02086,0.037
ys930,500000,0.0,11.5,0.2428,0.00068,-0.0142,0.0323
ys930,500000,0.0,12.0,0.2472,0.0019,-0.00501,0.0247
ys930,1000000,0.0,-5.0,-0.1376,0.00879,0.00034,-0.1093
ys930,1000000,0.0,-4.5,-0.0845,0.00808,0.00024,-0.1092
ys930,1000000,0.0,-4.0,-0.0327,0.00722,7e-05,-0.1092
ys930,1000000,0.0,-3.5,0.0228,0.00703,0.00021,-0.1096
ys930,1000000,0.0,-3.0,0.0783,0.00689,0.00037,-0.1099
ys930,1000000,0.0,-2.5,0.134,0.0068,0.00042,-0.1102
ys930,1000000,0.0,-2.0,0.1894,0.00665,0.00045,-0.1104
ys930,1000000,0.0,-1.5,0.245,0.00653,0.00048,-0.1107
ys930,1000000,0.0,-1.0,0.3004,0.00637,0.00053,-0.111
ys930,1000000,0.0,-0.5,0.3555,0.00621,0.00055,-0.1112
ys930,1000000,0.0,0.0,0.4101,0.00606,0.00059,-0.1113
ys930,1000000,0.0,0.5,0.4624,0.0057,0.00059,-0.1109
ys930,1000000,0.0,1.0,0.5133,0.00527,0.00054,-0.1099
ys930,1000000,0.0,1.5,0.5638,0.00487,0.00051,-0.1084
ys930,1000000,0.0,2.0,0.6412,0.00478,0.00024,-0.1131
ys930,1000000,0.0,2.5,0.7038,0.00468,-0.00014,-0.1146
ys930,1000000,0.0,3.0,0.7275,0.00549,-0.00031,-0.1076
ys930,1000000,0.0,3.5,0.7201,0.0086,0.00051,-0.0955
ys930,1000000,0.0,4.0,0.7529,0.01012,0.00089,-0.0915
ys930,1000000,0.0,4.5,0.7969,0.01096,0.00098,-0.0892
ys930,1000000,0.0,5.0,0.8393,0.01203,0.00112,-0.0866
ys930,1000000,0.0,5.5,0.8777,0.01358,0.00154,-0.0831
ys930,1000000,0.0,6.0,0.913,0.01617,0.00253,-0.079
ys930,1000000,0.0,7.0,0.1371,0.0,-0.03483,0.0344
ys930,1000000,0.0,7.5,0.1495,0.0,-0.03346,0.0344
ys930,1000000,0.0,8.5,0.1747,0.0,-0.03037,0.0339
ys930,1000000,0.0,9.0,0.1884,1e-05,-0.02957,0.0346
ys930,1000000,0.0,9.5,0.1927,2e-05,-0.02825,0.0354
ys930,1000000,0.0,10.0,0.1877,4e-05,-0.02717,0.0374
ys930,1000000,0.0,10.5,0.1794,5e-05,-0.02715,0.0407
ys930,1000000,0.0,11.0,0.2169,0.00014,-0.02335,0.0374
e434,50000,0.0,-5.0,-0.5346,0.09396,0.07775,0.0005
e434,50000,0.0,-4.0,-0.5424,0.08452,0.06889,0.014
e434,50000,0.0,-3.5,-0.5298,0.08074,0.06552,0.0269
e434,50000,0.0,-3.0,-0.4311,0.05991,0.04249,-0.0267
e434,50000,0.0,-2.5,-0.3533,0.05138,0.0312,-0.0325
e434,50000,0.0,-2.0,-0.3068,0.04855,0.02743,-0.0323
e434,50000,0.0,-1.5,-0.2577,0.04448,0.02415,-0.0327
e434,50000,0.0,-1.0,-0.2075,0.04065,0.02217,-0.033
e434,50000,0.0,-0.5,-0.16,0.03947,0.0212,-0.0312
e434,50000,0.0,0.0,-0.1241,0.03524,0.02008,-0.0238
e434,50000,0.0,0.5,-0.0856,0.03681,0.02083,-0.0235
e434,50000,0.0,1.0,-0.0482,0.03858,0.02208,-0.0236
e434,50000,0.0,1.5,-0.0115,0.04053,0.02361,-0.0239
e434,50000,0.0,2.0,0.0244,0.04267,0.02538,-0.0243
e434,50000,0.0,2.5,0.0594,0.04501,0.02739,-0.0248
e434,50000,0.0,3.0,0.1262,0.04971,0.03149,-0.0315
e434,50000,0.0,3.5,0.181,0.05341,0.03501,-0.0363
e434,50000,0.0,4.0,0.2473,0.05808,0.03923,-0.0427
e434,50000,0.0,5.0,0.3429,0.06568,0.04621,-0.0487
e434,50000,0.0,5.5,0.3938,0.06965,0.04975,-0.0516
e434,50000,0.0,6.0,0.4356,0.07347,0.05312,-0.0532
e434,50000,0.0,6.5,0.6087,0.07443,0.05111,-0.0613
e434,50000,0.0,7.0,0.605,0.07598,0.05411,-0.0574
e434,50000,0.0,7.5,0.6365,0.07942,0.05685,-0.057
e434,50000,0.0,8.0,0.7448,0.08024,0.0558,-0.0603
e434,50000,0.0,8.5,0.7154,0.08481,0.06135,-0.0565
e434,50000,0.0,9.0,0.7633,0.08807,0.0634,-0.0568
e434,50000,0.0,9.5,0.8215,0.08851,0.06335,-0.0559
e434,50000,0.0,10.0,0.801,0.09607,0.07087,-0.055
e434,50000,0.0,10.5,0.8945,0.09391,0.06665,-0.0532
e434,50000,0.0,11.0,0.8751,0.10121,0.07475,-0.0528
e434,50000,0.0,11.5,0.8827,0.10822,0.08105,-0.0529
e434,50000,0.0,12.0,0.9881,0.10009,0.07054,-0.0466
e434,50000,0.0,12.5,0.8948,0.12109,0.09401,-0.0531
e434,50000,0.0,13.0,0.9517,0.12092,0.09183,-0.0496
e434,50000,0.0,13.5,0.9207,0.13286,0.10607,-0.0533
e434,50000,0.0,14.0,0.9451,0.1388,0.11086,-0.0527
e434,50000,0.0,14.5,0.9078,0.15481,0.13085,-0.0598
e434,50000,0.0,15.0,0.9434,0.15624,0.1313,-0.057
e434,100000,0.0,-5.0,-0.2421,0.06206,0.04691,-0.078
e434,100000,0.0,-4.0,-0.1666,0.05102,0.03667,-0.082
e434,100000,0.0,-3.5,-0.0805,0.03796,0.02113,-0.0847
e434,100000,0.0,-3.0,-0.069,0.03605,0.01992,-0.0781
e434,100000,0.0,-2.5,-0.0104,0.03352,0.01782,-0.0783
e434,100000,0.0,-2.0,0.0591,0.0312,0.01614,-0.0798
e434,100000,0.0,-1.5,0.2546,0.02799,0.0163,-0.0982
e434,100000,0.0,-1.0,0.3344,0.02825,0.01604,-0.1032
e434,100000,0.0,-0.5,0.2367,0.03022,0.01787,-0.0793
e434,100000,0.0,0.0,0.284,0.03074,0.01812,-0.0786
e434,100000,0.0,0.5,0.3651,0.03128,0.01809,-0.0831
e434,100000,0.0,1.5,0.363,0.03381,0.02029,-0.0677
e434,100000,0.0,2.0,0.4448,0.03418,0.02021,-0.0716
e434,100000,0.0,3.0,0.4951,0.03723,0.02287,-0.0658
e434,100000,0.0,3.5,0.5791,0.03696,0.02227,-0.0691
e434,100000,0.0,4.5,0.6399,0.04009,0.02483,-0.0648
e434,100000,0.0,5.0,0.7296,0.03856,0.02308,-0.0675
e434,100000,0.0,5.5,0.8272,0.03657,0.02061,-0.0706
e434,100000,0.0,6.0,0.8006,0.04083,0.0247,-0.0637
e434,100000,0.0,6.5,0.8958,0.0376,0.02148,-0.0655
e434,100000,0.0,7.0,0.9965,0.03408,0.01796,-0.0681
e434,100000,0.0,7.5,0.983,0.03748,0.02073,-0.0614
e434,100000,0.0,8.0,1.1215,0.03045,0.01442,-0.0666
e434,100000,0.0,8.5,1.1281,0.03219,0.01529,-0.0606
e434,100000,0.0,9.0,1.2608,0.02659,0.00993,-0.0667
e434,100000,0.0,9.5,1.3118,0.02583,0.00829,-0.0647
e434,100000,0.0,10.0,1.3325,0.02667,0.0079,-0.0593
e434,100000,0.0,10.5,1.3439,0.02845,0.00827,-0.0536
e434,100000,0.0,11.0,1.3465,0.03099,0.00924,-0.0478
e434,100000,0.0,11.5,1.3465,0.03416,0.01075,-0.0426
e434,100000,0.0,12.0,1.344,0.03791,0.01276,-0.038
e434,100000,0.0,12.5,1.3387,0.04223,0.01527,-0.034
e434,100000,0.0,13.0,1.3363,0.04695,0.0181,-0.0307
e434,100000,0.0,13.5,1.3284,0.05224,0.02203,-0.0282
e434,100000,0.0,14.0,1.3283,0.05772,0.02575,-0.026
e434,100000,0.0,14.5,1.3243,0.06372,0.02981,-0.0244
e434,100000,0.0,15.0,1.3193,0.06997,0.0347,-0.0237
e434,200000,0.0,-5.0,-0.0212,0.03219,0.01886,-0.112
e434,200000,0.0,-4.5,0.0207,0.02665,0.01227,-0.1083
e434,200000,0.0,-4.0,0.0627,0.02342,0.00966,-0.106
e434,200000,0.0,-3.5,0.1091,0.02,0.00731,-0.1039
e434,200000,0.0,-3.0,0.1571,0.01788,0.00611,-0.1023
e434,200000,0.0,-2.5,0.204,0.01573,0.00497,-0.1005
e434,200000,0.0,-2.0,0.2188,0.01448,0.00594,-0.0915
e434,200000,0.0,-1.5,0.2438,0.01529,0.00675,-0.0832
e434,200000,0.0,-1.0,0.2866,0.01576,0.00703,-0.0789
e434,200000,0.0,-0.5,0.4371,0.01574,0.00685,-0.0963
e434,200000,0.0,0.0,0.5796,0.01509,0.00623,-0.114
e434,200000,0.0,0.5,0.653,0.01501,0.00602,-0.1184
e434,200000,0.0,1.0,0.6892,0.01552,0.00637,-0.1157
e434,200000,0.0,1.5,0.7234,0.01577,0.00674,-0.1125
e434,200000,0.0,2.0,0.7644,0.01571,0.00669,-0.1101
e434,200000,0.0,2.5,0.8121,0.01556,0.00643,-0.1087
e434,200000,0.0,3.0,0.8488,0.01606,0.00653,-0.1057
e434,200000,0.0,3.5,0.8735,0.01628,0.00684,-0.1005
e434,200000,0.0,4.0,0.9121,0.01605,0.00656,-0.0973
e434,200000,0.0,4.5,0.9628,0.01567,0.00595,-0.0961
e434,200000,0.0,5.0,0.9889,0.01597,0.00597,-0.0909
e434,200000,0.0,5.5,1.026,0.0158,0.0057,-0.0876
e434,200000,0.0,6.0,1.0851,0.01531,0.00494,-0.0879
e434,200000,0.0,6.5,1.1302,0.01542,0.00473,-0.0863
e434,200000,0.0,7.0,1.1808,0.01515,0.0041,-0.0854
e434,200000,0.0,7.5,1.2243,0.01537,0.00386,-0.0835
e434,200000,0.0,8.0,1.2672,0.01559,0.00337,-0.0813
e434,200000,0.0,8.5,1.2972,0.01622,0.00313,-0.0771
e434,200000,0.0,9.0,1.3163,0.01723,0.00321,-0.0713
e434,200000,0.0,9.5,1.3293,0.01876,0.00358,-0.0653
e434,200000,0.0,10.0,1.3364,0.02087,0.00435,-0.0593
e434,200000,0.0,10.5,1.3405,0.02352,0.00556,-0.0539
e434,200000,0.0,11.0,1.3435,0.02663,0.00718,-0.0493
e434,200000,0.0,11.5,1.348,0.03001,0.00909,-0.0454
e434,200000,0.0,12.0,1.3514,0.03377,0.01135,-0.0421
e434,200000,0.0,12.5,1.3526,0.03795,0.01397,-0.0391
e434,200000,0.0,13.0,1.3518,0.04269,0.01712,-0.0367
e434,200000,0.0,13.5,1.3503,0.04781,0.02064,-0.0347
e434,200000,0.0,14.0,1.3402,0.0542,0.02521,-0.0328
e434,200000,0.0,14.5,1.3424,0.05971,0.02928,-0.0321
e434,200000,0.0,15.0,1.3344,0.06641,0.03414,-0.0307
e434,500000,0.0,-4.5,0.0295,0.01922,0.00703,-0.1047
e434,500000,0.0,-4.0,0.0777,0.01527,0.00411,-0.1032
e434,500000,0.0,-3.5,0.1284,0.01322,0.00261,-0.1022
e434,500000,0.0,-3.0,0.1762,0.01122,0.00145,-0.1006
e434,500000,0.0,-2.5,0.2274,0.01022,0.00102,-0.0997
e434,500000,0.0,-2.0,0.2764,0.00908,0.00093,-0.0995
e434,500000,0.0,-1.5,0.3163,0.0078,0.00126,-0.0965
e434,500000,0.0,-1.0,0.3674,0.00802,0.00148,-0.0949
e434,500000,0.0,-0.5,0.4168,0.00845,0.00174,-0.093
e434,500000,0.0,0.0,0.4673,0.00863,0.00191,-0.0917
e434,500000,0.0,0.5,0.5075,0.00883,0.00204,-0.0874
e434,500000,0.0,1.0,0.5486,0.00876,0.00201,-0.0836
e434,500000,0.0,1.5,0.6017,0.00869,0.00186,-0.0833
e434,500000,0.0,2.0,0.6572,0.00869,0.00173,-0.0836
e434,500000,0.0,2.5,0.713,0.00885,0.00173,-0.0842
e434,500000,0.0,3.0,0.7651,0.0087,0.00161,-0.0837
e434,500000,0.0,3.5,0.8183,0.00863,0.00147,-0.0835
e434,500000,0.0,4.0,0.8714,0.0086,0.00128,-0.0833
e434,500000,0.0,4.5,0.9285,0.00874,0.00119,-0.0842
e434,500000,0.0,5.0,0.9878,0.00875,0.00114,-0.0855
e434,500000,0.0,5.5,1.0467,0.00888,0.00099,-0.0868
e434,500000,0.0,6.0,1.1123,0.00912,0.00101,-0.0897
e434,500000,0.0,6.5,1.1619,0.00946,0.00095,-0.0895
e434,500000,0.0,7.0,1.2045,0.00987,0.00097,-0.0878
e434,500000,0.0,7.5,1.2436,0.01058,0.00106,-0.0856
e434,500000,0.0,8.0,1.2767,0.01144,0.00124,-0.0824
e434,500000,0.0,8.5,1.2996,0.01264,0.00154,-0.0775
e434,500000,0.0,9.0,1.3174,0.01416,0.00206,-0.0722
e434,500000,0.0,9.5,1.3345,0.01591,0.00275,-0.0674
e434,500000,0.0,10.0,1.3516,0.01787,0.00362,-0.0631
e434,500000,0.0,10.5,1.364,0.02031,0.0048,-0.0588
e434,500000,0.0,11.0,1.3761,0.02299,0.0062,-0.055
e434,500000,0.0,11.5,1.3887,0.02586,0.00778,-0.0517
e434,500000,0.0,12.0,1.4003,0.02893,0.00953,-0.0487
e434,500000,0.0,12.5,1.4065,0.03264,0.01178,-0.0457
e434,500000,0.0,13.0,1.4135,0.03647,0.01418,-0.0432
e434,500000,0.0,13.5,1.4231,0.04032,0.01664,-0.0412
e434,500000,0.0,14.0,1.4172,0.04596,0.02056,-0.039
e434,500000,0.0,14.5,1.4328,0.04963,0.02299,-0.0382
e434,500000,0.0,15.0,1.4262,0.05603,0.02766,-0.0372
e434,1000000,0.0,-5.0,-0.0297,0.01411,0.00432,-0.1028
e434,1000000,0.0,-4.5,0.0216,0.01211,0.00254,-0.1018
e434,1000000,0.0,-4.0,0.0719,0.01046,0.00131,-0.1008
e434,1000000,0.0,-3.5,0.1227,0.00936,0.00055,-0.0999
e434,1000000,0.0,-3.0,0.1771,0.00893,0.00029,-0.0998
e434,1000000,0.0,-2.5,0.232,0.00835,0.0,-0.0997
e434,1000000,0.0,-2.0,0.2857,0.00772,-9e-05,-0.0998
e434,1000000,0.0,-1.0,0.3852,0.00564,-2e-05,-0.0988
e434,1000000,0.0,-0.5,0.4402,0.0057,7e-05,-0.0986
e434,1000000,0.0,0.0,0.4952,0.00589,0.00017,-0.0984
e434,1000000,0.0,0.5,0.5509,0.00602,0.00027,-0.0985
e434,1000000,0.0,1.0,0.6031,0.00616,0.00043,-0.0974
e434,1000000,0.0,1.5,0.6568,0.00622,0.0005,-0.0969
e434,1000000,0.0,2.0,0.7127,0.00623,0.00047,-0.0972
e434,1000000,0.0,2.5,0.7666,0.00635,0.00044,-0.0972
e434,1000000,0.0,3.0,0.8216,0.00647,0.00046,-0.0973
e434,1000000,0.0,3.5,0.8773,0.00652,0.00045,-0.0976
e434,1000000,0.0,4.0,0.9314,0.00665,0.00042,-0.0977
e434,1000000,0.0,4.5,0.9832,0.00689,0.00043,-0.0973
e434,1000000,0.0,5.0,1.0373,0.00705,0.00043,-0.0975
e434,1000000,0.0,5.5,1.0851,0.00735,0.00046,-0.0964
e434,1000000,0.0,6.0,1.1308,0.00771,0.0005,-0.0949
e434,1000000,0.0,6.5,1.1728,0.00824,0.00059,-0.0927
e434,1000000,0.0,7.5,1.2439,0.00951,0.00087,-0.0861
e434,1000000,0.0,8.0,1.2776,0.01046,0.00113,-0.0831
e434,1000000,0.0,8.5,1.3046,0.01172,0.00154,-0.0791
e434,1000000,0.0,9.0,1.3322,0.01292,0.00196,-0.0754
e434,1000000,0.0,9.5,1.3512,0.01455,0.0026,-0.0707
e434,1000000,0.0,10.0,1.3728,0.0162,0.00331,-0.0667
e434,1000000,0.0,10.5,1.3937,0.01802,0.00415,-0.0631
e434,1000000,0.0,11.0,1.4134,0.02007,0.00514,-0.0597
e434,1000000,0.0,11.5,1.4287,0.02254,0.00643,-0.0562
e434,1000000,0.0,12.0,1.4403,0.02543,0.00803,-0.0528
e434,1000000,0.0,12.5,1.4564,0.02814,0.00953,-0.0501
e434,1000000,0.0,13.0,1.4682,0.03135,0.01145,-0.0475
e434,1000000,0.0,13.5,1.4781,0.03486,0.01358,-0.0451
e434,1000000,0.0,14.0,1.4893,0.03853,0.01589,-0.0431
e434,1000000,0.0,14.5,1.5067,0.04172,0.01787,-0.0418
e434,1000000,0.0,15.0,1.5043,0.04712,0.02155,-0.0401
s9037,50000,0.0,-5.0,-0.3781,0.07498,0.06296,-0.0092
s9037,50000,0.0,-4.5,-0.3852,0.07091,0.05901,-0.005
s9037,50000,0.0,-4.0,-0.3837,0.06625,0.05501,0.0039
s9037,50000,0.0,-3.5,-0.3876,0.06225,0.05117,0.0133
s9037,50000,0.0,-3.0,-0.1926,0.03643,0.02119,-0.0511
s9037,50000,0.0,-2.5,-0.1269,0.0308,0.0148,-0.0531
s9037,50000,0.0,-2.0,-0.0723,0.02782,0.01201,-0.0532
s9037,50000,0.0,-1.5,-0.0141,0.02453,0.0099,-0.0533
s9037,50000,0.0,-1.0,0.0251,0.02063,0.0084,-0.0485
s9037,50000,0.0,-0.5,0.0687,0.02173,0.00887,-0.0487
s9037,50000,0.0,0.0,0.1098,0.02307,0.00981,-0.0491
s9037,50000,0.0,0.5,0.1952,0.02523,0.01164,-0.0577
s9037,50000,0.0,1.0,0.2891,0.02735,0.01357,-0.0673
s9037,50000,0.0,1.5,0.3739,0.02917,0.0153,-0.0745
s9037,50000,0.0,2.0,0.456,0.03072,0.01676,-0.0804
s9037,50000,0.0,2.5,0.5309,0.03197,0.01795,-0.0842
s9037,50000,0.0,3.5,0.6672,0.0338,0.01968,-0.0876
s9037,50000,0.0,4.0,0.7467,0.03337,0.01923,-0.0884
s9037,50000,0.0,4.5,0.7995,0.03382,0.01955,-0.0861
s9037,50000,0.0,5.0,0.8669,0.03299,0.01855,-0.0839
s9037,50000,0.0,5.5,0.9291,0.03221,0.01757,-0.0808
s9037,50000,0.0,6.0,0.9827,0.03205,0.01704,-0.0773
s9037,50000,0.0,6.5,1.0368,0.03193,0.01636,-0.0737
s9037,50000,0.0,7.0,1.0888,0.03221,0.01586,-0.0701
s9037,50000,0.0,7.5,1.1403,0.03284,0.01529,-0.0667
s9037,50000,0.0,8.0,1.1773,0.03486,0.01641,-0.0629
s9037,50000,0.0,8.5,1.2149,0.03716,0.01752,-0.0592
s9037,50000,0.0,9.0,1.2523,0.03988,0.01869,-0.0558
s9037,50000,0.0,10.0,1.3059,0.048,0.02374,-0.0481
s9037,50000,0.0,10.5,1.3248,0.05402,0.02791,-0.0444
s9037,50000,0.0,11.0,1.3254,0.06085,0.03341,-0.0398
s9037,50000,0.0,11.5,1.2839,0.06999,0.04242,-0.0344
s9037,50000,0.0,12.0,1.221,0.08111,0.0535,-0.0327
s9037,50000,0.0,12.5,1.1559,0.09665,0.06896,-0.0376
s9037,50000,0.0,14.0,0.9382,0.18722,0.17038,-0.0941
s9037,50000,0.0,14.5,0.9528,0.19658,0.18025,-0.0951
s9037,50000,0.0,15.0,0.9327,0.19853,0.19173,-0.0995
s9037,100000,0.0,-5.0,-0.374,0.06442,0.05172,-0.0351
s9037,100000,0.0,-4.5,-0.3581,0.05946,0.04747,-0.0334
s9037,100000,0.0,-4.0,-0.3276,0.05301,0.0414,-0.0369
s9037,100000,0.0,-3.5,-0.2415,0.04471,0.03355,-0.0499
s9037,100000,0.0,-3.0,-0.1175,0.02695,0.01291,-0.0618
s9037,100000,0.0,-2.5,-0.0256,0.02283,0.00883,-0.0675
s9037,100000,0.0,-2.0,0.0567,0.01999,0.0076,-0.0728
s9037,100000,0.0,-1.5,0.1292,0.01595,0.00704,-0.0744
s9037,100000,0.0,-1.0,0.2172,0.01627,0.00697,-0.0807
s9037,100000,0.0,-0.5,0.2967,0.01649,0.00703,-0.0852
s9037,100000,0.0,0.0,0.37,0.01658,0.00705,-0.0881
s9037,100000,0.0,0.5,0.4399,0.01651,0.00696,-0.0899
s9037,100000,0.0,1.0,0.5049,0.01632,0.00672,-0.0902
s9037,100000,0.0,1.5,0.558,0.01631,0.00664,-0.0886
s9037,100000,0.0,2.0,0.6136,0.01612,0.00637,-0.0871
s9037,100000,0.0,2.5,0.6694,0.01589,0.00599,-0.0854
s9037,100000,0.0,3.0,0.7206,0.01594,0.00587,-0.0833
s9037,100000,0.0,3.5,0.7736,0.01586,0.00551,-0.0813
s9037,100000,0.0,4.0,0.8243,0.01605,0.00538,-0.0794
s9037,100000,0.0,4.5,0.8768,0.01626,0.00508,-0.0776
s9037,100000,0.0,5.0,0.9254,0.01668,0.00506,-0.0755
s9037,100000,0.0,5.5,0.9736,0.01724,0.00509,-0.0736
s9037,100000,0.0,6.0,1.0208,0.01797,0.0052,-0.0716
s9037,100000,0.0,6.5,1.0662,0.01887,0.00537,-0.0695
s9037,100000,0.0,7.0,1.1094,0.01995,0.00561,-0.0672
s9037,100000,0.0,7.5,1.1506,0.02134,0.00598,-0.0649
s9037,100000,0.0,8.0,1.1886,0.02293,0.0067,-0.0622
s9037,100000,0.0,8.5,1.2237,0.0248,0.00752,-0.0594
s9037,100000,0.0,9.0,1.2553,0.02699,0.00848,-0.0563
s9037,100000,0.0,9.5,1.2847,0.0297,0.00982,-0.0531
s9037,100000,0.0,10.0,1.3111,0.03274,0.01147,-0.0497
s9037,100000,0.0,10.5,1.3375,0.03656,0.01351,-0.0464
s9037,100000,0.0,11.0,1.3554,0.04025,0.01559,-0.0424
s9037,100000,0.0,11.5,1.3632,0.0444,0.01737,-0.038
s9037,100000,0.0,12.0,1.3481,0.04862,0.02023,-0.0326
s9037,100000,0.0,12.5,1.3295,0.0541,0.02415,-0.0294
s9037,100000,0.0,13.0,1.3128,0.06082,0.0291,-0.0282
s9037,100000,0.0,13.5,1.294,0.06949,0.03643,-0.0281
s9037,100000,0.0,14.0,1.2774,0.07831,0.04374,-0.0292
s9037,100000,0.0,14.5,1.2501,0.08988,0.05422,-0.0319
s9037,100000,0.0,15.0,1.2142,0.103,0.06811,-0.0382
s9037,200000,0.0,-5.0,-0.2281,0.04634,0.03566,-0.0696
s9037,200000,0.0,-4.5,-0.1549,0.03741,0.02661,-0.0799
s9037,200000,0.0,-4.0,-0.0823,0.03101,0.02044,-0.0865
s9037,200000,0.0,-3.5,-0.0007,0.01873,0.00687,-0.0875
s9037,200000,0.0,-3.0,0.0696,0.01569,0.0044,-0.0893
s9037,200000,0.0,-2.5,0.1335,0.0136,0.00315,-0.09
s9037,200000,0.0,-2.0,0.1875,0.01129,0.00288,-0.0901
s9037,200000,0.0,-1.5,0.2266,0.00971,0.00297,-0.0847
s9037,200000,0.0,-1.0,0.3073,0.00934,0.00258,-0.0886
s9037,200000,0.0,-0.5,0.3585,0.0093,0.00239,-0.087
s9037,200000,0.0,0.0,0.4104,0.00928,0.00224,-0.0855
s9037,200000,0.0,0.5,0.4627,0.00928,0.00208,-0.084
s9037,200000,0.0,1.0,0.5145,0.00936,0.00203,-0.0828
s9037,200000,0.0,1.5,0.5669,0.00946,0.00196,-0.0816
s9037,200000,0.0,2.0,0.6197,0.00962,0.0019,-0.0805
s9037,200000,0.0,2.5,0.6721,0.00983,0.00185,-0.0794
s9037,200000,0.0,3.0,0.724,0.01008,0.00185,-0.0783
s9037,200000,0.0,3.5,0.7758,0.01042,0.00185,-0.0773
s9037,200000,0.0,4.0,0.8268,0.0108,0.00187,-0.0762
s9037,200000,0.0,4.5,0.8772,0.01126,0.00193,-0.075
s9037,200000,0.0,5.0,0.9268,0.01184,0.00203,-0.0739
s9037,200000,0.0,5.5,0.9754,0.01252,0.00218,-0.0726
s9037,200000,0.0,6.0,1.0228,0.01327,0.00237,-0.0713
s9037,200000,0.0,6.5,1.0691,0.01413,0.00262,-0.0699
s9037,200000,0.0,7.0,1.1139,0.01513,0.00296,-0.0684
s9037,200000,0.0,7.5,1.1574,0.01623,0.00338,-0.0667
s9037,200000,0.0,8.0,1.1985,0.01753,0.00389,-0.0649
s9037,200000,0.0,8.5,1.2368,0.01908,0.00455,-0.0628
s9037,200000,0.0,9.0,1.2716,0.02088,0.00537,-0.0603
s9037,200000,0.0,9.5,1.3026,0.02293,0.0064,-0.0573
s9037,200000,0.0,10.0,1.3287,0.02518,0.00756,-0.0538
s9037,200000,0.0,10.5,1.3485,0.02743,0.00866,-0.0499
s9037,200000,0.0,11.0,1.368,0.02974,0.00984,-0.0467
s9037,200000,0.0,11.5,1.3725,0.03361,0.01196,-0.0427
s9037,200000,0.0,12.0,1.3605,0.03954,0.01547,-0.0387
s9037,200000,0.0,12.5,1.3417,0.04679,0.02064,-0.0364
s9037,200000,0.0,13.0,1.3347,0.05348,0.02556,-0.0353
s9037,200000,0.0,13.5,1.3255,0.06091,0.03128,-0.035
s9037,200000,0.0,14.0,1.3138,0.06908,0.03792,-0.0355
s9037,200000,0.0,14.5,1.2981,0.07844,0.04604,-0.0374
s9037,200000,0.0,15.0,1.2768,0.08946,0.05634,-0.041
s9037,500000,0.0,-5.0,0.1945,0.0,-0.03707,-0.0624
s9037,500000,0.0,-4.5,0.1763,0.0,-0.03532,-0.0572
s9037,500000,0.0,-4.0,0.1487,0.0,-0.03311,-0.0511
s9037,500000,0.0,-3.5,0.1335,0.0,-0.03195,-0.0461
s9037,500000,0.0,-3.0,0.1102,0.0,-0.03076,-0.0405
s9037,500000,0.0,-2.5,0.0823,0.0,-0.02936,-0.0346
s9037,500000,0.0,-2.0,0.0649,0.0,-0.02878,-0.0294
s9037,500000,0.0,-1.5,0.0498,0.0,-0.02839,-0.0243
s9037,500000,0.0,-1.0,0.0227,0.0,-0.02776,-0.0187
s9037,500000,0.0,-0.5,0.0168,0.0,-0.02802,-0.0141
s9037,500000,0.0,0.0,-0.0082,0.0,-0.02794,-0.0087
s9037,500000,0.0,0.5,-0.0343,0.0,-0.02806,-0.0033
s9037,500000,0.0,1.5,-0.0715,0.0,-0.02943,0.0068
s9037,500000,0.0,2.0,-0.1026,0.0,-0.03019,0.012
s9037,500000,0.0,2.5,-0.0966,0.0,-0.03168,0.0164
s9037,500000,0.0,3.0,-0.1379,0.0,-0.03309,0.0222
s9037,500000,0.0,3.5,-0.155,0.0,-0.03373,0.0254
s9037,500000,0.0,4.0,-0.1405,0.0,-0.03524,0.029
s9037,500000,0.0,4.5,-0.1413,0.0,-0.03499,0.0303
s9037,500000,0.0,5.0,-0.1206,0.0,-0.03626,0.0335
s9037,500000,0.0,5.5,-0.1092,0.0,-0.03536,0.0337
s9037,500000,0.0,6.0,-0.0848,0.0,-0.0368,0.0369
s9037,500000,0.0,6.5,-0.0681,0.0,-0.03557,0.0366
s9037,500000,0.0,7.0,-0.044,0.0,-0.0374,0.0399
s9037,500000,0.0,7.5,-0.0275,0.0,-0.03616,0.0397
s9037,500000,0.0,8.0,-0.0053,0.0,-0.03839,0.0431
s9037,500000,0.0,8.5,0.0104,0.0,-0.03704,0.0427
s9037,500000,0.0,9.0,0.0265,0.0,-0.03835,0.0451
s9037,500000,0.0,9.5,0.0395,0.0,-0.03815,0.0458
s9037,500000,0.0,10.0,0.0481,0.0,-0.03782,0.0466
s9037,500000,0.0,10.5,0.0645,0.0,-0.03999,0.0493
s9037,500000,0.0,11.0,0.0695,0.0,-0.03828,0.0487
s9037,500000,0.0,11.5,0.0855,0.0,-0.03815,0.0489
s9037,500000,0.0,12.0,0.117,0.0,-0.03888,0.0491
s9037,500000,0.0,12.5,0.1681,0.0,-0.03597,0.0447
s9037,500000,0.0,13.0,0.2289,1e-05,-0.03139,0.0379
s9037,500000,0.0,13.5,0.237,1e-05,-0.02996,0.0375
s9037,500000,0.0,14.0,0.2372,2e-05,-0.02896,0.0383
s9037,500000,0.0,14.5,0.2602,4e-05,-0.02589,0.0356
s9037,500000,0.0,15.0,0.2876,0.00011,-0.02188,0.0319
s9037,1000000,0.0,-5.0,-0.1385,0.02767,0.01649,-0.0827
s9037,1000000,0.0,-4.5,-0.0959,0.01852,0.00934,-0.084
s9037,1000000,0.0,-4.0,-0.0434,0.01588,0.00679,-0.0838
s9037,1000000,0.0,-3.5,0.0132,0.01558,0.00513,-0.083
s9037,1000000,0.0,-3.0,0.0671,0.00925,0.00073,-0.0811
s9037,1000000,0.0,-2.5,0.1219,0.00797,-2e-05,-0.0805
s9037,1000000,0.0,-2.0,0.1778,0.00733,-0.00031,-0.0801
s9037,1000000,0.0,-1.5,0.2328,0.00671,-0.00038,-0.0799
s9037,1000000,0.0,-1.0,0.2876,0.00626,-0.00036,-0.0799
s9037,1000000,0.0,-0.5,0.341,0.00554,-0.00028,-0.0798
s9037,1000000,0.0,0.0,0.3882,0.00471,-0.00012,-0.0778
s9037,1000000,0.0,0.5,0.4536,0.00465,-0.0001,-0.0795
s9037,1000000,0.0,1.0,0.508,0.00483,-5e-05,-0.0791
s9037,1000000,0.0,1.5,0.5623,0.00506,1e-05,-0.0788
s9037,1000000,0.0,2.5,0.6706,0.00562,0.00016,-0.0781
s9037,1000000,0.0,3.0,0.7244,0.00597,0.00025,-0.0778
s9037,1000000,0.0,3.5,0.7782,0.00633,0.00035,-0.0776
s9037,1000000,0.0,4.0,0.8318,0.00671,0.00047,-0.0773
s9037,1000000,0.0,5.0,0.9372,0.00766,0.00074,-0.0766
s9037,1000000,0.0,5.5,0.9895,0.00818,0.0009,-0.0762
s9037,1000000,0.0,6.0,1.0409,0.00878,0.00109,-0.0758
s9037,1000000,0.0,6.5,1.0912,0.00949,0.00133,-0.0752
s9037,1000000,0.0,7.0,1.141,0.01024,0.0016,-0.0746
s9037,1000000,0.0,7.5,1.1892,0.01113,0.00193,-0.0738
s9037,1000000,0.0,8.0,1.2363,0.01209,0.00231,-0.0728
s9037,1000000,0.0,8.5,1.2823,0.01312,0.00274,-0.0718
s9037,1000000,0.0,9.0,1.3271,0.0142,0.00321,-0.0706
s9037,1000000,0.0,9.5,1.3676,0.01565,0.00384,-0.0688
s9037,1000000,0.0,10.0,1.3982,0.01807,0.00456,-0.0654
s9037,1000000,0.0,10.5,1.431,0.01995,0.00523,-0.0624
s9037,1000000,0.0,11.0,1.4577,0.0219,0.00612,-0.0586
s9037,1000000,0.0,11.5,1.4779,0.02389,0.00719,-0.0543
s9037,1000000,0.0,12.0,1.4923,0.02635,0.00866,-0.0499
s9037,1000000,0.0,12.5,1.5009,0.02952,0.0107,-0.0459
s9037,1000000,0.0,13.0,1.5023,0.03372,0.01358,-0.0426
s9037,1000000,0.0,13.5,1.4962,0.03922,0.01761,-0.0404
s9037,1000000,0.0,14.0,1.4847,0.04608,0.02291,-0.0396
s9037,1000000,0.0,14.5,1.4675,0.05438,0.02966,-0.0404
s9037,1000000,0.0,15.0,1.4453,0.06435,0.03811,-0.0429
fx77w270,50000,0.0,-5.0,-0.1998,0.08425,0.0651,-0.0415
fx77w270,50000,0.0,-3.5,-0.5565,0.08202,0.06442,0.0018
fx77w270,50000,0.0,-3.0,-0.5124,0.08708,0.06952,0.0078
fx77w270,50000,0.0,-2.5,-0.4716,0.09127,0.0739,0.0142
fx77w270,50000,0.0,-2.0,-0.2196,0.10728,0.09044,-0.0128
fx77w270,50000,0.0,-1.5,-0.0719,0.11273,0.09635,-0.0334
fx77w270,50000,0.0,-1.0,-0.0157,0.1145,0.09868,-0.0398
fx77w270,50000,0.0,-0.5,0.0515,0.11871,0.10127,-0.048
fx77w270,50000,0.0,0.0,0.072,0.11866,0.10219,-0.0471
fx77w270,50000,0.0,0.5,0.0883,0.11972,0.10386,-0.0468
fx77w270,50000,0.0,1.0,0.1608,0.1247,0.10663,-0.0542
fx77w270,50000,0.0,1.5,0.1263,0.12305,0.10688,-0.0453
fx77w270,50000,0.0,2.0,0.1676,0.12673,0.10857,-0.0465
fx77w270,50000,0.0,2.5,0.1347,0.12573,0.10903,-0.0384
fx77w270,50000,0.0,3.0,0.1607,0.12806,0.11045,-0.0373
fx77w270,50000,0.0,3.5,0.2153,0.13551,0.11297,-0.0401
fx77w270,50000,0.0,4.0,0.1511,0.12989,0.11247,-0.0284
fx77w270,50000,0.0,4.5,0.1781,0.13283,0.11399,-0.0272
fx77w270,50000,0.0,5.0,0.2301,0.14115,0.11661,-0.0293
fx77w270,50000,0.0,5.5,0.1608,0.13351,0.11536,-0.0177
fx77w270,50000,0.0,6.0,0.183,0.13602,0.11639,-0.0156
fx77w270,50000,0.0,6.5,0.2272,0.14363,0.11855,-0.0162
fx77w270,50000,0.0,7.0,0.1624,0.13565,0.11719,-0.0062
fx77w270,50000,0.0,7.5,0.1838,0.13748,0.11854,-0.005
fx77w270,50000,0.0,8.0,0.2433,0.14598,0.12295,-0.0095
fx77w270,50000,0.0,8.5,0.2297,0.14494,0.12643,-0.009
fx77w270,50000,0.0,9.0,0.2565,0.14752,0.13103,-0.0119
fx77w270,50000,0.0,9.5,0.3108,0.15481,0.13659,-0.0173
fx77w270,50000,0.0,10.0,0.3921,0.17034,0.14399,-0.0259
fx77w270,50000,0.0,10.5,0.3527,0.16247,0.14894,-0.0248
fx77w270,50000,0.0,11.0,0.3904,0.16697,0.15491,-0.0294
fx77w270,50000,0.0,11.5,0.4503,0.17669,0.16102,-0.0353
fx77w270,50000,0.0,12.0,0.5403,0.1993,0.16944,-0.0449
fx77w270,50000,0.0,12.5,0.4838,0.18252,0.17648,-0.0439
fx77w270,50000,0.0,13.0,0.5211,0.18793,0.18362,-0.0489
fx77w270,50000,0.0,13.5,0.5735,0.19786,0.19015,-0.0542
fx77w270,50000,0.0,14.0,0.6547,0.22231,0.19784,-0.0622
fx77w270,50000,0.0,14.5,0.6148,0.20807,0.20936,-0.0645
fx77w270,50000,0.0,15.0,0.6374,0.21003,0.21886,-0.0697
fx77w270,100000,0.0,-5.0,-0.2588,0.04038,0.02041,-0.0311
fx77w270,100000,0.0,-4.5,-0.2052,0.04168,0.02231,-0.0342
fx77w270,100000,0.0,-4.0,-0.153,0.04318,0.02438,-0.0374
fx77w270,100000,0.0,-3.5,-0.1027,0.04462,0.0264,-0.0404
fx77w270,100000,0.0,-3.0,-0.0565,0.04427,0.0281,-0.0442
fx77w270,100000,0.0,-2.5,-0.013,0.04859,0.03253,-0.0403
fx77w270,100000,0.0,-1.0,-0.1219,0.07718,0.06181,-0.0468
fx77w270,100000,0.0,-0.5,-0.0735,0.08128,0.06538,-0.0434
fx77w270,100000,0.0,0.0,-0.0213,0.08657,0.06865,-0.038
fx77w270,100000,0.0,0.5,-0.0662,0.08831,0.07271,-0.0326
fx77w270,100000,0.0,1.0,-0.0382,0.09188,0.07574,-0.0258
fx77w270,100000,0.0,1.5,-0.0202,0.09464,0.07753,-0.0131
fx77w270,100000,0.0,2.0,0.023,0.09904,0.07871,-0.0064
fx77w270,100000,0.0,2.5,-0.0239,0.09974,0.08315,-0.0044
fx77w270,100000,0.0,3.0,0.007,0.10149,0.08426,0.0004
fx77w270,100000,0.0,3.5,0.0688,0.10534,0.08613,-0.0018
fx77w270,100000,0.0,4.0,0.1476,0.11228,0.08814,-0.0067
fx77w270,100000,0.0,4.5,0.0736,0.11133,0.09418,-0.0037
fx77w270,100000,0.0,5.0,0.1293,0.11466,0.09659,-0.0071
fx77w270,100000,0.0,5.5,0.2005,0.11959,0.09895,-0.0116
fx77w270,100000,0.0,6.0,0.2837,0.12788,0.10128,-0.0169
fx77w270,100000,0.0,6.5,0.2008,0.1263,0.1087,-0.0143
fx77w270,100000,0.0,7.0,0.2425,0.12995,0.11219,-0.0177
fx77w270,100000,0.0,7.5,0.2966,0.13435,0.11534,-0.0215
fx77w270,100000,0.0,8.0,0.3612,0.14041,0.11829,-0.0254
fx77w270,100000,0.0,8.5,0.4401,0.15073,0.12134,-0.0303
fx77w270,100000,0.0,9.0,0.3518,0.14756,0.13179,-0.0293
fx77w270,100000,0.0,9.5,0.3944,0.15132,0.13525,-0.032
fx77w270,100000,0.0,10.0,0.4544,0.15684,0.13782,-0.0353
fx77w270,100000,0.0,10.5,0.5363,0.16727,0.14055,-0.0403
fx77w270,100000,0.0,11.0,0.5499,0.17675,0.14874,-0.044
fx77w270,100000,0.0,11.5,0.4941,0.17045,0.15992,-0.0453
fx77w270,100000,0.0,12.0,0.5331,0.17469,0.16446,-0.0486
fx77w270,100000,0.0,12.5,0.5842,0.1803,0.16756,-0.0517
fx77w270,100000,0.0,13.0,0.6566,0.19135,0.16909,-0.0549
fx77w270,100000,0.0,13.5,0.6046,0.19074,0.18655,-0.0591
fx77w270,100000,0.0,14.0,0.636,0.19376,0.19188,-0.0621
fx77w270,100000,0.0,14.5,0.6812,0.19895,0.1949,-0.0646
fx77w270,100000,0.0,15.0,0.7401,0.20867,0.19573,-0.0666
fx77w270,200000,0.0,-5.0,-0.2836,0.02807,0.00943,-0.0198
fx77w270,200000,0.0,-4.5,-0.2225,0.02817,0.01004,-0.0221
fx77w270,200000,0.0,-4.0,-0.1609,0.02835,0.01069,-0.0244
fx77w270,200000,0.0,-3.5,-0.0989,0.02874,0.01142,-0.0267
fx77w270,200000,0.0,-3.0,-0.037,0.02895,0.01204,-0.0292
fx77w270,200000,0.0,-2.5,0.0248,0.02955,0.01278,-0.0317
fx77w270,200000,0.0,-2.0,0.0849,0.03113,0.01399,-0.0343
fx77w270,200000,0.0,-1.5,0.1452,0.03253,0.01545,-0.0372
fx77w270,200000,0.0,-1.0,0.2078,0.03279,0.01664,-0.0405
fx77w270,200000,0.0,-0.5,0.2688,0.03357,0.01823,-0.0439
fx77w270,200000,0.0,0.0,0.333,0.03335,0.01998,-0.0502
fx77w270,200000,0.0,0.5,0.3859,0.03543,0.02276,-0.0511
fx77w270,200000,0.0,1.0,0.4438,0.03656,0.0239,-0.0521
fx77w270,200000,0.0,1.5,0.4933,0.03816,0.02552,-0.0494
fx77w270,200000,0.0,2.0,0.542,0.0395,0.02655,-0.0469
fx77w270,200000,0.0,2.5,0.5706,0.04512,0.02988,-0.0452
fx77w270,200000,0.0,3.5,0.3536,0.08237,0.06634,-0.0499
fx77w270,200000,0.0,4.0,0.4047,0.08317,0.06601,-0.0468
fx77w270,200000,0.0,4.5,0.4534,0.08304,0.06497,-0.0417
fx77w270,200000,0.0,5.5,0.4176,0.09722,0.0796,-0.0412
fx77w270,200000,0.0,6.0,0.4635,0.09834,0.07978,-0.0405
fx77w270,200000,0.0,6.5,0.5212,0.09908,0.07926,-0.0419
fx77w270,200000,0.0,7.0,0.5791,0.10003,0.07815,-0.0431
fx77w270,200000,0.0,7.5,0.469,0.11934,0.10079,-0.0462
fx77w270,200000,0.0,8.0,0.4967,0.12304,0.10446,-0.0481
fx77w270,200000,0.0,8.5,0.5465,0.12401,0.10468,-0.0496
fx77w270,200000,0.0,9.0,0.612,0.12324,0.1023,-0.0506
fx77w270,200000,0.0,9.5,0.6856,0.12093,0.09762,-0.0511
fx77w270,500000,0.0,-5.0,-0.2924,0.02014,0.0039,-0.0184
fx77w270,500000,0.0,-4.5,-0.2284,0.01994,0.00416,-0.0206
fx77w270,500000,0.0,-4.0,-0.164,0.01983,0.00447,-0.0229
fx77w270,500000,0.0,-3.5,-0.0995,0.01976,0.00481,-0.0252
fx77w270,500000,0.0,-3.0,-0.0348,0.01974,0.00517,-0.0276
fx77w270,500000,0.0,-2.5,0.03,0.01976,0.00555,-0.0301
fx77w270,500000,0.0,-2.0,0.0948,0.0198,0.00592,-0.0325
fx77w270,500000,0.0,-1.5,0.1597,0.01979,0.0062,-0.035
fx77w270,500000,0.0,-1.0,0.2246,0.01974,0.0064,-0.0375
fx77w270,500000,0.0,-0.5,0.2896,0.01972,0.00665,-0.0399
fx77w270,500000,0.0,0.0,0.3546,0.01974,0.00693,-0.0424
fx77w270,500000,0.0,0.5,0.4195,0.01971,0.00712,-0.0449
fx77w270,500000,0.0,1.0,0.4843,0.01954,0.00704,-0.0472
fx77w270,500000,0.0,1.5,0.5482,0.01975,0.00708,-0.0497
fx77w270,500000,0.0,2.0,0.6128,0.01958,0.00696,-0.0521
fx77w270,500000,0.0,2.5,0.6797,0.01864,0.00639,-0.0549
fx77w270,500000,0.0,3.0,0.7522,0.01664,0.00607,-0.0604
fx77w270,500000,0.0,3.5,0.8173,0.01634,0.00563,-0.0626
fx77w270,500000,0.0,4.0,0.8805,0.01639,0.00554,-0.0646
fx77w270,500000,0.0,4.5,0.9428,0.01682,0.00591,-0.0664
fx77w270,500000,0.0,5.0,1.005,0.01713,0.00628,-0.0682
fx77w270,500000,0.0,5.5,1.0665,0.01746,0.00657,-0.0698
fx77w270,500000,0.0,6.0,1.128,0.01786,0.00673,-0.0715
fx77w270,500000,0.0,6.5,1.1887,0.01795,0.00664,-0.0734
fx77w270,500000,0.0,7.0,1.247,0.01845,0.00676,-0.075
fx77w270,500000,0.0,7.5,1.3051,0.01904,0.00692,-0.0769
fx77w270,500000,0.0,8.0,1.3488,0.02121,0.00797,-0.0778
fx77w270,500000,0.0,8.5,1.3134,0.02843,0.01254,-0.0705
fx77w270,500000,0.0,9.0,1.2565,0.0401,0.02122,-0.0686
fx77w270,500000,0.0,9.5,1.1998,0.0529,0.03109,-0.0679
fx77w270,500000,0.0,10.0,1.1447,0.06468,0.04045,-0.0665
fx77w270,500000,0.0,10.5,1.0979,0.07606,0.04984,-0.0659
fx77w270,500000,0.0,11.0,1.0519,0.08816,0.06045,-0.0659
fx77w270,500000,0.0,11.5,1.0201,0.09862,0.06991,-0.0664
fx77w270,500000,0.0,12.0,0.9985,0.10853,0.07933,-0.0675
fx77w270,500000,0.0,12.5,1.0127,0.11357,0.08367,-0.0686
fx77w270,500000,0.0,13.0,1.0285,0.11841,0.08791,-0.0699
fx77w270,500000,0.0,13.5,1.0487,0.12267,0.09159,-0.0712
fx77w270,500000,0.0,14.0,1.0591,0.12822,0.09699,-0.0727
fx77w270,500000,0.0,14.5,1.0653,0.13456,0.1037,-0.0745
fx77w270,500000,0.0,15.0,1.0588,0.14276,0.11282,-0.0766
goe571,50000,0.0,-5.0,-0.1599,0.23269,0.16867,-0.0462
goe571,50000,0.0,-4.5,-0.1937,0.23273,0.16469,-0.0431
goe571,50000,0.0,-4.0,-0.2318,0.23401,0.1603,-0.0394
goe571,50000,0.0,-3.5,-0.2762,0.23294,0.15562,-0.0331
goe571,50000,0.0,-3.0,-0.3151,0.22767,0.1506,-0.0267
goe571,50000,0.0,-2.5,-0.3636,0.21317,0.14556,-0.0179
goe571,50000,0.0,-2.0,-0.4089,0.18311,0.13853,-0.0148
goe571,50000,0.0,-1.5,-0.3588,0.17724,0.13703,-0.0127
goe571,50000,0.0,-1.0,-0.3682,0.17331,0.13116,-0.0075
goe571,50000,0.0,-0.5,-0.3883,0.16964,0.12364,-0.0025
goe571,50000,0.0,0.0,-0.3933,0.17462,0.1154,0.0009
goe571,50000,0.0,0.5,-0.407,0.16266,0.1071,0.0044
goe571,50000,0.0,1.0,-0.3774,0.18436,0.10754,0.0067
goe571,50000,0.0,1.5,-0.4102,0.18063,0.10449,0.0138
goe571,50000,0.0,2.0,-0.4663,0.16983,0.09831,0.0251
goe571,50000,0.0,2.5,-0.5004,0.15065,0.09446,0.0358
goe571,50000,0.0,3.0,0.1137,0.1748,0.14334,-0.0351
goe571,50000,0.0,3.5,0.0014,0.17267,0.13174,-0.0085
goe571,50000,0.0,4.0,-0.1308,0.16182,0.11543,0.015
goe571,50000,0.0,4.5,-0.2898,0.14957,0.09398,0.0407
goe571,50000,0.0,5.0,-0.4727,0.13512,0.06724,0.0728
goe571,50000,0.0,5.5,-0.4466,0.13252,0.06218,0.0697
goe571,50000,0.0,6.5,-0.2651,0.14898,0.06491,0.0406
goe571,50000,0.0,7.0,-0.2261,0.17491,0.06876,0.0372
goe571,50000,0.0,7.5,-0.1277,0.17907,0.07835,0.0231
goe571,50000,0.0,8.0,-0.1117,0.1809,0.0786,0.0274
goe571,50000,0.0,10.0,0.0366,0.14262,0.08786,-0.0034
goe571,50000,0.0,10.5,0.086,0.14694,0.09306,-0.0069
goe571,50000,0.0,11.0,0.1363,0.15271,0.09824,-0.0101
goe571,50000,0.0,11.5,0.1907,0.16082,0.10406,-0.0139
goe571,50000,0.0,12.0,0.3302,0.18557,0.12438,-0.0387
goe571,50000,0.0,12.5,0.3824,0.21035,0.13177,-0.0417
goe571,50000,0.0,13.0,0.4682,0.20485,0.17235,-0.0514
goe571,50000,0.0,13.5,0.5174,0.21813,0.17769,-0.0534
goe571,50000,0.0,14.0,0.5306,0.25591,0.18865,-0.0563
goe571,50000,0.0,14.5,0.5462,0.25884,0.19516,-0.057
goe571,50000,0.0,15.0,0.5626,0.26254,0.20181,-0.0578
goe571,100000,0.0,-5.0,-0.1284,0.20779,0.15054,-0.0505
goe571,100000,0.0,-4.5,-0.1604,0.20687,0.14657,-0.0488
goe571,100000,0.0,-4.0,-0.1996,0.20531,0.14195,-0.047
goe571,100000,0.0,-3.5,-0.2446,0.20357,0.13716,-0.0419
goe571,100000,0.0,-3.0,-0.2824,0.20118,0.13193,-0.0366
goe571,100000,0.0,-2.5,-0.3082,0.1976,0.12646,-0.0322
goe571,100000,0.0,-2.0,-0.3288,0.19204,0.12091,-0.0276
goe571,100000,0.0,-1.5,-0.3714,0.17616,0.11551,-0.0188
goe571,100000,0.0,-1.0,-0.4171,0.1561,0.10481,-0.0143
goe571,100000,0.0,-0.5,-0.4116,0.14834,0.09947,-0.0102
goe571,100000,0.0,0.0,-0.3926,0.14331,0.09385,-0.0064
goe571,100000,0.0,0.5,-0.3607,0.13933,0.08732,-0.0037
goe571,100000,0.0,1.0,-0.314,0.13729,0.07995,-0.0024
goe571,100000,0.0,1.5,-0.3887,0.13347,0.07899,0.0085
goe571,100000,0.0,2.0,-0.3798,0.15504,0.08321,0.008
goe571,100000,0.0,2.5,-0.3691,0.16069,0.08186,0.012
goe571,100000,0.0,3.5,-0.3597,0.13224,0.06764,0.0101
goe571,100000,0.0,4.0,-0.3436,0.13165,0.06536,0.0135
goe571,100000,0.0,5.5,-0.4048,0.12553,0.05678,0.0511
goe571,100000,0.0,6.0,-0.3829,0.12495,0.05386,0.0554
goe571,100000,0.0,6.5,-0.3637,0.12256,0.04959,0.0608
goe571,100000,0.0,7.0,-0.3044,0.12249,0.04962,0.0589
goe571,100000,0.0,7.5,-0.2075,0.12704,0.05442,0.0485
goe571,200000,0.0,-5.0,0.4349,0.06476,0.0284,-0.1255
goe571,200000,0.0,-4.5,0.3955,0.0633,0.02755,-0.1149
goe571,200000,0.0,-4.0,0.3386,0.06325,0.02725,-0.1007
goe571,200000,0.0,-2.5,-0.2684,0.17068,0.10509,-0.0335
goe571,200000,0.0,-2.0,-0.2887,0.16702,0.10001,-0.0291
goe571,200000,0.0,-1.5,-0.3042,0.1633,0.09488,-0.0245
goe571,200000,0.0,-1.0,-0.3144,0.15953,0.08975,-0.0199
goe571,200000,0.0,-0.5,-0.3209,0.15555,0.0847,-0.0149
goe571,200000,0.0,0.0,-0.3247,0.1504,0.07966,-0.0094
goe571,200000,0.0,0.5,-0.3355,0.13189,0.07226,-0.0009
goe571,200000,0.0,1.0,-0.3255,0.12508,0.06454,0.0057
goe571,200000,0.0,1.5,-0.334,0.11227,0.05263,0.0161
goe571,200000,0.0,2.0,-0.3053,0.10624,0.04655,0.0213
goe571,200000,0.0,2.5,-0.2637,0.10234,0.04116,0.0253
goe571,200000,0.0,3.0,-0.2226,0.09891,0.035,0.03
goe571,1000000,0.0,-5.0,0.5779,0.05664,0.01903,-0.1416
goe571,1000000,0.0,-4.5,0.5451,0.05355,0.01703,-0.1346
goe571,1000000,0.0,-4.0,0.5274,0.04982,0.01424,-0.1281
goe571,1000000,0.0,-3.5,0.5212,0.04597,0.01101,-0.122
goe571,1000000,0.0,-3.0,0.5171,0.04252,0.0079,-0.115
goe571,1000000,0.0,-2.5,0.5129,0.03956,0.00494,-0.1069
goe571,1000000,0.0,-2.0,0.4937,0.03776,0.00248,-0.0952
goe571,1000000,0.0,-1.5,0.4883,0.03572,-0.00016,-0.0858
goe571,1000000,0.0,-0.5,0.4188,0.03521,-0.00421,-0.057
goe571,1000000,0.0,0.0,0.4288,0.03334,-0.00691,-0.0496
goe571,1000000,0.0,0.5,0.4377,0.0319,-0.00933,-0.042
goe571,1000000,0.0,1.0,0.4399,0.03114,-0.0114,-0.0335
du8608418,50000,0.0,-5.0,-0.0113,0.0,-0.00105,-0.0047
du8608418,50000,0.0,-4.5,-0.0091,0.0,-0.00135,-0.0042
du8608418,50000,0.0,-4.0,-0.0152,0.0,-0.00158,-0.0035
du8608418,50000,0.0,-3.5,-0.0069,0.0,-0.00211,-0.0035
du8608418,50000,0.0,-3.0,-0.0149,0.0,-0.00226,-0.0026
du8608418,50000,0.0,-2.5,-0.0037,0.0,-0.00279,-0.0029
du8608418,50000,0.0,-2.0,-0.0101,0.0,-0.00296,-0.002
du8608418,50000,0.0,-1.5,-0.0082,0.0,-0.0029,-0.0016
du8608418,50000,0.0,-1.0,-0.0093,0.0,-0.00306,-0.0012
du8608418,50000,0.0,-0.5,-0.0042,0.0,-0.00317,-0.001
du8608418,50000,0.0,0.0,-0.0078,0.0,-0.00337,-0.0004
du8608418,50000,0.0,0.5,-0.0059,0.0,-0.00316,-0.0001
du8608418,50000,0.0,1.0,-0.0093,0.0,-0.00332,0.0004
du8608418,50000,0.0,1.5,-0.0005,0.0,-0.00323,0.0003
du8608418,50000,0.0,2.0,-0.0072,0.0,-0.00325,0.001
du8608418,50000,0.0,2.5,-0.0089,0.0,-0.00332,0.0013
du8608418,50000,0.0,3.0,-0.0002,0.0,-0.00307,0.0011
du8608418,50000,0.0,3.5,-0.0078,0.0,-0.00316,0.0017
du8608418,50000,0.0,4.0,-0.0088,0.0,-0.00322,0.002
du8608418,50000,0.0,4.5,-0.0029,0.0,-0.00284,0.0018
du8608418,50000,0.0,5.0,-0.0062,0.0,-0.00283,0.002
du8608418,50000,0.0,5.5,-0.0047,0.0,-0.00278,0.0022
du8608418,50000,0.0,6.0,-0.0065,0.0,-0.00276,0.0023
du8608418,50000,0.0,6.5,-0.0069,0.0,-0.00266,0.0023
du8608418,50000,0.0,7.0,-0.0041,0.0,-0.00245,0.0023
du8608418,50000,0.0,7.5,-0.0064,0.0,-0.00235,0.0021
du8608418,50000,0.0,8.0,-0.0044,0.0,-0.00209,0.0021
du8608418,50000,0.0,8.5,-0.004,0.0,-0.00184,0.0019
du8608418,50000,0.0,9.0,-0.0053,0.0,-0.00179,0.0016
du8608418,50000,0.0,9.5,-0.0031,0.0,-0.0014,0.0014
du8608418,100000,0.0,-4.5,-0.483,0.02832,0.01081,-0.0117
du8608418,100000,0.0,-4.0,-0.4344,0.02397,0.007,-0.0091
du8608418,100000,0.0,-3.5,-0.3841,0.01981,0.00461,-0.0073
du8608418,100000,0.0,-2.5,-0.1476,0.0145,0.00449,-0.0238
du8608418,100000,0.0,-2.0,-0.1312,0.01442,0.00431,-0.0182
du8608418,100000,0.0,-1.5,-0.1116,0.0144,0.00423,-0.0128
du8608418,100000,0.0,-1.0,-0.0902,0.01444,0.00423,-0.0078
du8608418,100000,0.0,-0.5,-0.0672,0.01454,0.00427,-0.0031
du8608418,100000,0.0,0.0,-0.0424,0.01471,0.00441,0.0012
du8608418,100000,0.0,0.5,-0.0123,0.01501,0.00468,0.0042
du8608418,100000,0.0,1.0,0.0718,0.01594,0.0056,-0.0033
du8608418,100000,0.0,1.5,0.1691,0.0169,0.00656,-0.0129
du8608418,100000,0.0,2.0,0.2783,0.01765,0.00732,-0.0239
du8608418,100000,0.0,2.5,0.4292,0.01765,0.00738,-0.0414
du8608418,100000,0.0,3.0,0.5183,0.01731,0.0071,-0.0452
du8608418,100000,0.0,3.5,0.5635,0.01701,0.00675,-0.0398
du8608418,100000,0.0,4.0,0.5963,0.01613,0.0058,-0.0321
du8608418,100000,0.0,4.5,0.6306,0.01417,0.00367,-0.0238
du8608418,100000,0.0,5.5,0.6813,0.01771,0.00332,-0.01
du8608418,100000,0.0,6.0,0.7137,0.02024,0.0046,-0.0061
du8608418,100000,0.0,6.5,0.7532,0.02306,0.00617,-0.0033
du8608418,100000,0.0,7.0,0.7946,0.02651,0.00801,-0.0008
du8608418,100000,0.0,7.5,0.8318,0.03089,0.01015,0.0021
du8608418,100000,0.0,8.0,0.8656,0.03884,0.01532,0.0048
du8608418,100000,0.0,8.5,0.89,0.04238,0.01805,0.0072
du8608418,100000,0.0,9.0,0.8983,0.04965,0.02529,0.0107
du8608418,100000,0.0,9.5,0.8833,0.05881,0.03418,0.0135
du8608418,100000,0.0,10.0,0.8506,0.06753,0.04301,0.0143
du8608418,100000,0.0,10.5,0.8144,0.07837,0.0542,0.0095
du8608418,100000,0.0,11.0,0.7849,0.0928,0.06893,-0.001
du8608418,100000,0.0,12.0,0.7431,0.14189,0.1199,-0.0247
du8608418,100000,0.0,12.5,0.7284,0.15027,0.13323,-0.0336
du8608418,100000,0.0,13.0,0.7371,0.15881,0.14148,-0.0354
du8608418,100000,0.0,13.5,0.7595,0.1684,0.14632,-0.033
du8608418,100000,0.0,14.0,0.7488,0.1759,0.162,-0.0429
du8608418,100000,0.0,14.5,0.7535,0.18388,0.17391,-0.0479
du8608418,100000,0.0,15.0,0.7691,0.19214,0.18336,-0.0498
du8608418,200000,0.0,-5.0,-0.4569,0.02333,0.00791,-0.0245
du8608418,200000,0.0,-4.5,-0.4025,0.01962,0.00496,-0.0236
du8608418,200000,0.0,-4.0,-0.3494,0.01705,0.00378,-0.0239
du8608418,200000,0.0,-3.5,-0.2933,0.01468,0.00257,-0.024
du8608418,200000,0.0,-3.0,-0.2452,0.0113,0.00202,-0.0243
du8608418,200000,0.0,-2.5,-0.2161,0.01095,0.00333,-0.0162
du8608418,200000,0.0,-2.0,-0.1452,0.01176,0.00406,-0.0161
du8608418,200000,0.0,-1.5,0.0301,0.01143,0.00375,-0.0399
du8608418,200000,0.0,-1.0,0.1377,0.01096,0.00339,-0.0514
du8608418,200000,0.0,-0.5,0.2155,0.01079,0.00326,-0.0567
du8608418,200000,0.0,0.0,0.277,0.01081,0.00331,-0.0582
du8608418,200000,0.0,0.5,0.3222,0.01101,0.00352,-0.0559
du8608418,200000,0.0,1.0,0.3608,0.01124,0.00372,-0.0519
du8608418,200000,0.0,1.5,0.3987,0.01144,0.00388,-0.0477
du8608418,200000,0.0,2.0,0.4373,0.01158,0.00395,-0.0434
du8608418,200000,0.0,2.5,0.4755,0.01159,0.00385,-0.0388
du8608418,200000,0.0,3.0,0.515,0.01135,0.00349,-0.0342
du8608418,200000,0.0,3.5,0.5579,0.01065,0.0028,-0.0308
du8608418,200000,0.0,4.0,0.5961,0.00952,0.00113,-0.0248
du8608418,200000,0.0,4.5,0.6291,0.01099,0.00097,-0.0203
du8608418,200000,0.0,5.0,0.6631,0.0127,0.00138,-0.0173
du8608418,200000,0.0,5.5,0.6976,0.01431,0.00196,-0.0142
du8608418,200000,0.0,6.0,0.7311,0.01597,0.00272,-0.0106
du8608418,200000,0.0,6.5,0.7635,0.01775,0.00352,-0.0068
du8608418,200000,0.0,7.0,0.7988,0.01941,0.00379,-0.0038
du8608418,200000,0.0,7.5,0.8376,0.0213,0.00415,-0.0018
du8608418,200000,0.0,8.0,0.8738,0.02506,0.00594,0.0008
du8608418,200000,0.0,8.5,0.9106,0.0299,0.00897,0.0033
du8608418,200000,0.0,9.0,0.933,0.03724,0.0148,0.0066
du8608418,200000,0.0,9.5,0.9273,0.04691,0.02363,0.0106
du8608418,200000,0.0,10.0,0.8985,0.05571,0.03218,0.0134
du8608418,200000,0.0,10.5,0.8617,0.06556,0.04224,0.0113
du8608418,200000,0.0,11.0,0.8238,0.0804,0.05793,0.0002
du8608418,200000,0.0,11.5,0.7911,0.10286,0.08197,-0.0151
du8608418,200000,0.0,12.0,0.7714,0.11804,0.09759,-0.0227
du8608418,200000,0.0,12.5,0.7521,0.13733,0.11956,-0.0309
du8608418,500000,0.0,-5.0,-0.4019,0.01479,0.00276,-0.029
du8608418,500000,0.0,-4.5,-0.35,0.01314,0.00203,-0.0284
du8608418,500000,0.0,-4.0,-0.2973,0.01192,0.00149,-0.028
du8608418,500000,0.0,-3.5,-0.2439,0.011,0.00123,-0.0277
du8608418,500000,0.0,-3.0,-0.1962,0.00916,0.00103,-0.0273
du8608418,500000,0.0,-2.5,-0.147,0.00822,0.00108,-0.0267
du8608418,500000,0.0,-2.0,-0.1116,0.00734,0.00167,-0.0216
du8608418,500000,0.0,-1.5,-0.0662,0.00795,0.00232,-0.0184
du8608418,500000,0.0,-1.0,-0.0216,0.00819,0.00266,-0.015
du8608418,500000,0.0,-0.5,0.0221,0.00836,0.00282,-0.0113
du8608418,500000,0.0,0.0,0.0707,0.00844,0.00288,-0.0091
du8608418,500000,0.0,0.5,0.1251,0.00832,0.00281,-0.0081
du8608418,500000,0.0,1.0,0.1848,0.00838,0.00269,-0.0085
du8608418,500000,0.0,1.5,0.2766,0.00809,0.0025,-0.0159
du8608418,500000,0.0,2.0,0.3624,0.00779,0.00204,-0.0219
du8608418,500000,0.0,2.5,0.4317,0.00717,0.00149,-0.0247
du8608418,500000,0.0,3.0,0.4877,0.00645,0.00053,-0.0242
du8608418,500000,0.0,3.5,0.5366,0.00741,0.00034,-0.0233
du8608418,500000,0.0,4.0,0.5873,0.00861,0.00049,-0.0235
du8608418,500000,0.0,4.5,0.6353,0.0095,0.00064,-0.0228
du8608418,500000,0.0,5.0,0.6801,0.01034,0.00081,-0.0214
du8608418,500000,0.0,5.5,0.723,0.01126,0.00107,-0.0196
du8608418,500000,0.0,6.0,0.7646,0.01212,0.00124,-0.0177
du8608418,500000,0.0,6.5,0.8056,0.01288,0.00139,-0.0154
du8608418,500000,0.0,7.0,0.8393,0.01446,0.00171,-0.0118
du8608418,500000,0.0,7.5,0.8719,0.01584,0.00209,-0.0079
du8608418,500000,0.0,8.0,0.8951,0.01878,0.00327,-0.0027
du8608418,500000,0.0,8.5,0.926,0.02318,0.00565,0.0004
du8608418,500000,0.0,9.0,0.96,0.02748,0.00845,0.0024
du8608418,500000,0.0,9.5,0.9904,0.03171,0.01161,0.0043
du8608418,500000,0.0,10.0,0.9522,0.04626,0.02474,0.0108
du8608418,500000,0.0,10.5,0.9101,0.05627,0.03457,0.0114
du8608418,500000,0.0,11.0,0.8726,0.0684,0.04705,0.0047
du8608418,500000,0.0,11.5,0.8413,0.09066,0.07113,-0.0131
du8608418,500000,0.0,12.0,0.8008,0.11346,0.09564,-0.0245
du8608418,500000,0.0,12.5,0.7796,0.1297,0.11301,-0.0322
du8608418,1000000,0.0,-5.0,-0.4262,0.01245,0.00182,-0.0224
du8608418,1000000,0.0,-4.5,-0.3741,0.01095,0.00115,-0.0216
du8608418,1000000,0.0,-4.0,-0.3201,0.01017,0.00091,-0.0214
du8608418,1000000,0.0,-3.5,-0.2652,0.00963,0.00081,-0.0214
du8608418,1000000,0.0,-3.0,-0.211,0.00897,0.00073,-0.0212
du8608418,1000000,0.0,-2.5,-0.1603,0.00779,0.00065,-0.0209
du8608418,1000000,0.0,-2.0,-0.1089,0.00701,0.00067,-0.0205
du8608418,1000000,0.0,-1.5,-0.06,0.00647,0.00069,-0.0197
du8608418,1000000,0.0,-1.0,-0.0135,0.00591,0.00116,-0.017
du8608418,1000000,0.0,-0.5,0.0404,0.00593,0.00134,-0.0161
du8608418,1000000,0.0,0.0,0.0929,0.00596,0.00141,-0.0149
du8608418,1000000,0.0,0.5,0.1443,0.00609,0.00141,-0.0135
du8608418,1000000,0.0,1.0,0.1985,0.00587,0.00133,-0.0128
du8608418,1000000,0.0,1.5,0.2514,0.00561,0.00115,-0.0118
du8608418,1000000,0.0,2.0,0.3018,0.0054,0.00094,-0.0101
du8608418,1000000,0.0,2.5,0.3459,0.00516,0.00035,-0.0068
du8608418,1000000,0.0,3.0,0.3895,0.00594,0.00035,-0.0045
du8608418,1000000,0.0,3.5,0.4408,0.00667,0.00041,-0.0043
du8608418,1000000,0.0,4.5,0.5434,0.00806,0.00056,-0.0041
du8608418,1000000,0.0,5.0,0.5944,0.00898,0.00071,-0.0041
du8608418,1000000,0.0,5.5,0.6484,0.00953,0.0008,-0.0044
du8608418,1000000,0.0,6.0,0.7017,0.01019,0.00094,-0.0046
du8608418,1000000,0.0,6.5,0.7552,0.01081,0.00106,-0.0049
du8608418,1000000,0.0,7.0,0.8047,0.01204,0.00132,-0.0044
du8608418,1000000,0.0,7.5,0.8571,0.01286,0.00146,-0.0044
du8608418,1000000,0.0,8.0,0.9057,0.01443,0.00188,-0.0038
du8608418,1000000,0.0,8.5,0.9487,0.01696,0.00295,-0.0024
du8608418,1000000,0.0,9.0,0.9831,0.02134,0.00538,0.0002
du8608418,1000000,0.0,9.5,1.0,0.02879,0.01061,0.0043
e421,50000,0.0,-5.0,-0.042,0.1186,0.10278,-0.0677
e421,50000,0.0,-4.5,-0.0623,0.1181,0.10236,-0.0622
e421,50000,0.0,-4.0,-0.0919,0.11875,0.10269,-0.057
e421,50000,0.0,-3.5,-0.1213,0.11933,0.10281,-0.0529
e421,50000,0.0,-3.0,-0.1294,0.1192,0.10118,-0.0542
e421,50000,0.0,-2.5,-0.0933,0.12656,0.09858,-0.0749
e421,50000,0.0,-1.5,-0.1934,0.12172,0.10082,-0.0597
e421,50000,0.0,-1.0,-0.1765,0.11499,0.09758,-0.0542
e421,50000,0.0,-0.5,-0.1449,0.11236,0.09409,-0.0582
e421,50000,0.0,0.0,-0.0713,0.10736,0.09038,-0.0718
e421,50000,0.0,0.5,0.0113,0.1082,0.08771,-0.0811
e421,50000,0.0,1.0,0.0239,0.10367,0.08569,-0.0817
e421,50000,0.0,1.5,0.0672,0.10005,0.08291,-0.0815
e421,50000,0.0,2.0,0.3344,0.103,0.0795,-0.1363
e421,50000,0.0,2.5,0.3221,0.09915,0.08066,-0.1312
e421,50000,0.0,3.0,0.3882,0.10195,0.08198,-0.1359
e421,50000,0.0,3.5,0.482,0.10959,0.08556,-0.1441
e421,50000,0.0,4.0,0.4627,0.10728,0.08682,-0.1383
e421,50000,0.0,4.5,0.5188,0.11081,0.08998,-0.1411
e421,50000,0.0,5.0,0.5942,0.11841,0.09423,-0.1461
e421,50000,0.0,5.5,0.6557,0.1292,0.09895,-0.1499
e421,50000,0.0,6.0,0.6092,0.11996,0.09974,-0.1407
e421,50000,0.0,6.5,0.6839,0.12865,0.10439,-0.1449
e421,50000,0.0,7.0,0.7694,0.14716,0.11107,-0.1514
e421,50000,0.0,7.5,0.6911,0.1338,0.11259,-0.1408
e421,50000,0.0,8.0,0.7399,0.14022,0.11736,-0.1422
e421,50000,0.0,8.5,0.8307,0.15672,0.12372,-0.1479
e421,50000,0.0,9.0,0.7633,0.14832,0.12755,-0.1409
e421,50000,0.0,9.5,0.8013,0.15377,0.13249,-0.1415
e421,50000,0.0,10.0,0.8664,0.16544,0.13815,-0.1444
e421,50000,0.0,10.5,0.8957,0.17886,0.14555,-0.1464
e421,50000,0.0,11.0,0.8567,0.1681,0.15028,-0.1424
e421,50000,0.0,11.5,0.9085,0.1772,0.15549,-0.1438
e421,50000,0.0,12.0,1.0017,0.20511,0.16288,-0.1494
e421,50000,0.0,12.5,0.9115,0.1849,0.17153,-0.1454
e421,50000,0.0,13.0,0.944,0.18972,0.17695,-0.1458
e421,50000,0.0,13.5,1.0149,0.20733,0.18187,-0.1478
e421,50000,0.0,14.0,1.0224,0.21898,0.19204,-0.1501
e421,50000,0.0,14.5,0.9845,0.20566,0.20299,-0.1507
e421,50000,0.0,15.0,1.0243,0.21313,0.20815,-0.1512
e421,100000,0.0,-5.0,0.3499,0.07443,0.05229,-0.1428
e421,100000,0.0,-4.5,0.3624,0.06438,0.04906,-0.1449
e421,100000,0.0,-4.0,0.3891,0.05969,0.0464,-0.1419
e421,100000,0.0,-3.5,0.4129,0.05765,0.04433,-0.1403
e421,100000,0.0,-3.0,0.4817,0.04338,0.03024,-0.1628
e421,100000,0.0,-2.5,0.5375,0.03867,0.02471,-0.1681
e421,100000,0.0,-1.5,-0.1343,0.04275,0.05101,-0.0201
e421,100000,0.0,-1.0,-0.1528,0.04153,0.04859,-0.0222
e421,100000,0.0,-0.5,-0.1398,0.03914,0.04486,-0.0276
e421,100000,0.0,0.0,-0.094,0.03206,0.03675,-0.0212
e421,100000,0.0,0.5,-0.1196,0.03077,0.03679,-0.0193
e421,100000,0.0,1.0,-0.1604,0.02922,0.03828,-0.018
e421,100000,0.0,1.5,-0.1574,0.0274,0.03672,-0.0197
e421,100000,0.0,2.0,-0.0799,0.0312,0.0364,-0.0415
e421,100000,0.0,2.5,0.0097,0.02236,0.02822,-0.0645
e421,100000,0.0,3.0,0.0701,0.02231,0.02696,-0.067
e421,100000,0.0,3.5,0.1117,0.02492,0.0273,-0.0711
e421,100000,0.0,4.0,0.1191,0.02653,0.03194,-0.0733
e421,100000,0.0,4.5,0.1344,0.02752,0.03486,-0.0742
e421,100000,0.0,5.0,0.1746,0.02845,0.03621,-0.0756
e421,100000,0.0,5.5,0.2322,0.03023,0.03609,-0.0766
e421,100000,0.0,6.0,0.2622,0.03515,0.03809,-0.0769
e421,100000,0.0,6.5,0.2667,0.03764,0.04456,-0.0795
e421,100000,0.0,7.0,0.2771,0.03808,0.04882,-0.0811
e421,100000,0.0,7.5,0.3142,0.04042,0.05078,-0.0815
e421,100000,0.0,8.0,0.3641,0.04262,0.04982,-0.0801
e421,100000,0.0,8.5,0.8479,0.12954,0.10733,-0.1362
e421,100000,0.0,9.0,0.9319,0.13347,0.10684,-0.1366
e421,100000,0.0,9.5,0.3729,0.04865,0.06365,-0.08
e421,100000,0.0,10.0,0.4095,0.05188,0.066,-0.0803
e421,100000,0.0,10.5,0.467,0.05906,0.064,-0.0783
e421,100000,0.0,11.0,0.4745,0.06452,0.07286,-0.0817
e421,100000,0.0,11.5,0.461,0.06574,0.08379,-0.0859
e421,100000,0.0,12.0,0.4876,0.06926,0.0876,-0.0867
e421,100000,0.0,12.5,0.5278,0.07333,0.08913,-0.0866
e421,100000,0.0,13.0,0.5667,0.08291,0.09118,-0.0866
e421,100000,0.0,14.0,0.5648,0.08989,0.11197,-0.0941
e421,100000,0.0,14.5,0.5968,0.09433,0.11499,-0.0946
e421,100000,0.0,15.0,1.1813,0.17423,0.15189,-0.1324
e421,200000,0.0,-5.0,0.3602,0.05613,0.04,-0.1486
e421,200000,0.0,-4.5,0.3803,0.04743,0.03531,-0.1508
e421,200000,0.0,-4.0,0.4541,0.02316,0.01057,-0.18
e421,200000,0.0,-3.5,0.509,0.02108,0.00824,-0.1806
e421,200000,0.0,-3.0,0.5639,0.01957,0.00698,-0.1808
e421,200000,0.0,-2.5,0.6196,0.01909,0.00638,-0.1808
e421,200000,0.0,-2.0,0.6735,0.02025,0.0071,-0.1804
e421,200000,0.0,-1.5,0.7262,0.01948,0.00668,-0.1798
e421,200000,0.0,-1.0,0.7785,0.0198,0.00678,-0.179
e421,200000,0.0,-0.5,0.8305,0.01966,0.00695,-0.1784
e421,200000,0.0,0.0,0.8831,0.01996,0.00699,-0.1777
e421,200000,0.0,0.5,0.9361,0.01981,0.00704,-0.1773
e421,200000,0.0,1.0,0.9891,0.02016,0.00715,-0.1767
e421,200000,0.0,1.5,1.042,0.0205,0.00736,-0.1764
e421,200000,0.0,2.0,1.0856,0.02235,0.0085,-0.1751
e421,200000,0.0,2.5,1.1347,0.02235,0.00874,-0.174
e421,200000,0.0,3.0,1.1812,0.02283,0.00928,-0.1726
e421,200000,0.0,3.5,1.223,0.02257,0.00999,-0.1704
e421,200000,0.0,4.0,1.2664,0.02359,0.01072,-0.1686
e421,200000,0.0,4.5,1.3093,0.02461,0.01146,-0.1668
e421,200000,0.0,5.0,1.3531,0.02557,0.01209,-0.1652
e421,200000,0.0,5.5,1.3991,0.02642,0.01258,-0.1639
e421,200000,0.0,6.0,1.4489,0.02718,0.01285,-0.1632
e421,200000,0.0,6.5,1.4672,0.03133,0.01503,-0.159
e421,200000,0.0,7.0,1.4933,0.0326,0.01612,-0.155
e421,200000,0.0,7.5,1.4976,0.03478,0.0178,-0.1481
e421,200000,0.0,8.0,1.4731,0.03865,0.0207,-0.1386
e421,200000,0.0,8.5,1.3882,0.04856,0.02839,-0.1279
e421,200000,0.0,9.0,1.4197,0.05018,0.02913,-0.1261
e421,200000,0.0,9.5,1.5077,0.04659,0.02552,-0.1269
e421,200000,0.0,10.0,1.596,0.04385,0.02255,-0.1287
e421,200000,0.0,10.5,1.2879,0.08433,0.05752,-0.1202
e421,200000,0.0,11.0,1.3477,0.08202,0.05406,-0.1185
e421,200000,0.0,11.5,1.2348,0.10474,0.07659,-0.1205
e421,200000,0.0,12.0,1.2774,0.10479,0.07553,-0.1193
e421,200000,0.0,12.5,1.3311,0.10294,0.07233,-0.1176
e421,200000,0.0,13.0,1.3901,0.10004,0.06796,-0.1158
e421,200000,0.0,13.5,1.3018,0.12077,0.09004,-0.1195
e421,200000,0.0,14.0,1.3479,0.11971,0.0876,-0.1181
e421,200000,0.0,14.5,1.4057,0.1165,0.08261,-0.1163
e421,200000,0.0,15.0,1.4602,0.11384,0.0782,-0.1147
e421,500000,0.0,-5.0,0.355,0.01849,0.00679,-0.1805
e421,500000,0.0,-4.5,0.4082,0.01488,0.00337,-0.1817
e421,500000,0.0,-4.0,0.4626,0.01289,0.0016,-0.1816
e421,500000,0.0,-3.5,0.5168,0.01261,0.00127,-0.1811
e421,500000,0.0,-3.0,0.5737,0.01237,0.0011,-0.1813
e421,500000,0.0,-2.5,0.6291,0.01205,0.00093,-0.1809
e421,500000,0.0,-2.0,0.6846,0.01215,0.00106,-0.1806
e421,500000,0.0,-1.5,0.74,0.01196,0.00103,-0.1804
e421,500000,0.0,-1.0,0.7952,0.01197,0.00102,-0.18
e421,500000,0.0,-0.5,0.85,0.012,0.00109,-0.1797
e421,500000,0.0,0.0,0.9041,0.0123,0.00125,-0.1791
e421,500000,0.0,0.5,0.958,0.01229,0.00128,-0.1787
e421,500000,0.0,1.0,1.013,0.0127,0.00153,-0.1786
e421,500000,0.0,1.5,1.069,0.01318,0.00186,-0.1788
e421,500000,0.0,2.0,1.1223,0.01316,0.00188,-0.1783
e421,500000,0.0,2.5,1.1752,0.01327,0.00196,-0.1777
e421,500000,0.0,3.0,1.2278,0.01336,0.00209,-0.1772
e421,500000,0.0,3.5,1.28,0.0135,0.00226,-0.1767
e421,500000,0.0,4.0,1.3293,0.01285,0.00257,-0.1757
e421,500000,0.0,4.5,1.3806,0.0132,0.00271,-0.1749
e421,500000,0.0,5.0,1.431,0.01357,0.00284,-0.1741
e421,500000,0.0,5.5,1.4804,0.01396,0.00299,-0.1732
e421,500000,0.0,6.0,1.5282,0.01439,0.0031,-0.172
e421,500000,0.0,6.5,1.577,0.01509,0.0034,-0.1711
e421,500000,0.0,7.0,1.6265,0.01641,0.00418,-0.1709
e421,500000,0.0,7.5,1.672,0.01655,0.00412,-0.1693
e421,500000,0.0,8.0,1.7139,0.01673,0.00405,-0.167
e421,500000,0.0,8.5,1.752,0.01699,0.00398,-0.1641
e421,500000,0.0,9.0,1.7896,0.01737,0.00397,-0.1613
e421,500000,0.0,9.5,1.8269,0.01775,0.00391,-0.1585
e421,500000,0.0,10.0,1.862,0.01823,0.00386,-0.1555
e421,500000,0.0,10.5,1.8933,0.01886,0.00378,-0.152
e421,500000,0.0,11.0,1.9272,0.02006,0.0041,-0.1494
e421,500000,0.0,11.5,1.9573,0.02087,0.00423,-0.1461
e421,500000,0.0,12.0,1.9827,0.02182,0.00441,-0.1424
e421,500000,0.0,12.5,2.0058,0.02298,0.00462,-0.1388
e421,500000,0.0,13.0,2.0262,0.02451,0.00497,-0.1352
e421,500000,0.0,13.5,2.0321,0.0271,0.00583,-0.1305
e421,500000,0.0,14.0,2.0433,0.02982,0.00692,-0.127
e421,500000,0.0,14.5,2.0544,0.03283,0.00824,-0.1242
e421,500000,0.0,15.0,2.0409,0.03816,0.01088,-0.1204
e421,1000000,0.0,-5.0,0.3601,0.01114,0.00089,-0.1839
e421,1000000,0.0,-4.5,0.4168,0.01062,0.00047,-0.1838
e421,1000000,0.0,-4.0,0.4733,0.01031,0.0002,-0.1836
e421,1000000,0.0,-3.5,0.5293,0.00979,-0.00025,-0.1834
e421,1000000,0.0,-3.0,0.584,0.00971,-0.00033,-0.1829
e421,1000000,0.0,-2.5,0.6381,0.00964,-0.00034,-0.1824
e421,1000000,0.0,-2.0,0.6929,0.00968,-0.0003,-0.182
e421,1000000,0.0,-1.5,0.7492,0.00964,-0.00025,-0.1818
e421,1000000,0.0,-1.0,0.8054,0.00954,-0.00024,-0.1817
e421,1000000,0.0,-0.5,0.8614,0.00956,-0.00022,-0.1815
e421,1000000,0.0,0.0,0.9172,0.00953,-0.00017,-0.1813
e421,1000000,0.0,0.5,0.9725,0.00964,-9e-05,-0.1811
e421,1000000,0.0,1.0,1.0276,0.00964,-9e-05,-0.1808
e421,1000000,0.0,1.5,1.0816,0.00974,-3e-05,-0.1804
e421,1000000,0.0,2.0,1.1347,0.00993,4e-05,-0.1798
e421,1000000,0.0,2.5,1.1868,0.01007,0.00011,-0.1791
e421,1000000,0.0,3.0,1.2382,0.01034,0.00027,-0.1783
e421,1000000,0.0,3.5,1.2908,0.0107,0.00053,-0.1779
e421,1000000,0.0,4.0,1.3439,0.01086,0.00069,-0.1775
e421,1000000,0.0,4.5,1.3935,0.01035,0.00097,-0.1767
e421,1000000,0.0,5.5,1.4974,0.01052,0.00103,-0.1755
e421,1000000,0.0,6.0,1.5467,0.01072,0.00105,-0.1745
e421,1000000,0.0,6.5,1.5949,0.01096,0.00108,-0.1732
e421,1000000,0.0,7.0,1.6419,0.01119,0.00106,-0.1718
e421,1000000,0.0,7.5,1.6867,0.01148,0.00103,-0.1701
e421,1000000,0.0,8.0,1.7285,0.01187,0.00105,-0.1679
e421,1000000,0.0,8.5,1.7674,0.01243,0.00115,-0.1652
e421,1000000,0.0,9.0,1.8087,0.01314,0.0014,-0.1633
e421,1000000,0.0,9.5,1.8522,0.0134,0.00135,-0.1616
e421,1000000,0.0,10.0,1.8958,0.01372,0.00131,-0.16
e421,1000000,0.0,10.5,1.9382,0.01412,0.00131,-0.1584
e421,1000000,0.0,11.0,1.9756,0.01469,0.00134,-0.1559
e421,1000000,0.0,11.5,2.005,0.0156,0.00143,-0.1524
e421,1000000,0.0,12.0,2.0263,0.01694,0.00179,-0.1479
e421,1000000,0.0,12.5,2.0602,0.01784,0.00197,-0.1456
e421,1000000,0.0,13.0,2.0901,0.01898,0.00221,-0.1429
e421,1000000,0.0,13.5,2.0964,0.02151,0.00306,-0.1377
e421,1000000,0.0,14.0,2.1056,0.02422,0.00413,-0.1335
e421,1000000,0.0,14.5,2.1071,0.02783,0.00568,-0.1293
e421,1000000,0.0,15.0,2.0885,0.0335,0.00857,-0.1245
m665,50000,0.0,-5.0,-0.4695,0.05735,0.03374,-0.0105
m665,50000,0.0,-4.5,-0.4607,0.0438,0.02666,-0.0077
m665,50000,0.0,-4.0,-0.4366,0.03802,0.02068,-0.0031
m665,50000,0.0,-3.5,-0.4097,0.03377,0.01617,0.0019
m665,50000,0.0,-3.0,-0.3783,0.02915,0.01123,0.0072
m665,50000,0.0,-2.5,-0.3456,0.02672,0.00789,0.0122
m665,50000,0.0,-2.0,-0.2821,0.0225,0.0044,0.012
m665,50000,0.0,-1.5,-0.0247,0.01889,0.00162,-0.0209
m665,50000,0.0,-1.0,-0.0165,0.01953,0.00185,-0.0143
m665,50000,0.0,-0.5,-0.0126,0.02054,0.00223,-0.0078
m665,50000,0.0,0.0,-0.0053,0.02173,0.00272,-0.0023
m665,50000,0.0,0.5,0.0072,0.02303,0.0033,0.002
m665,50000,0.0,1.0,0.0459,0.02414,0.00419,0.0015
m665,50000,0.0,1.5,0.1446,0.02563,0.00572,-0.0101
m665,50000,0.0,2.0,0.223,0.02675,0.00712,-0.017
m665,50000,0.0,2.5,0.3199,0.02781,0.00848,-0.0261
m665,50000,0.0,3.0,0.3531,0.02887,0.00985,-0.0239
m665,50000,0.0,3.5,0.5063,0.02887,0.01071,-0.0397
m665,50000,0.0,4.0,0.5296,0.03032,0.01235,-0.0347
m665,50000,0.0,4.5,0.6501,0.02885,0.01182,-0.0397
m665,50000,0.0,5.0,0.7131,0.0241,0.00796,-0.0291
m665,50000,0.0,5.5,0.7197,0.02198,0.00416,-0.0115
m665,50000,0.0,6.0,0.7396,0.02829,0.00723,-0.0044
m665,50000,0.0,6.5,0.7832,0.03194,0.01049,-0.0011
m665,50000,0.0,7.0,0.8226,0.03723,0.01505,0.0022
m665,50000,0.0,7.5,0.8491,0.04368,0.02098,0.0063
m665,50000,0.0,8.0,0.8602,0.05063,0.02747,0.0109
m665,50000,0.0,8.5,0.8546,0.05795,0.03441,0.0157
m665,50000,0.0,9.0,0.8189,0.06632,0.04267,0.0203
m665,50000,0.0,9.5,0.7396,0.07684,0.05251,0.0211
m665,50000,0.0,10.0,0.6959,0.09115,0.0658,0.0134
m665,50000,0.0,10.5,0.6839,0.1036,0.07573,0.0103
m665,50000,0.0,11.0,0.6196,0.12589,0.10082,-0.0109
m665,50000,0.0,11.5,0.6237,0.13291,0.10862,-0.0121
m665,50000,0.0,12.0,0.6751,0.14538,0.11695,-0.0093
m665,50000,0.0,12.5,0.6759,0.15803,0.12554,-0.0112
m665,50000,0.0,13.5,0.6456,0.15889,0.13923,-0.0153
m665,50000,0.0,14.0,0.7099,0.18645,0.14998,-0.0119
m665,50000,0.0,14.5,0.6917,0.18412,0.15808,-0.0156
m665,50000,0.0,15.0,0.6668,0.17871,0.16541,-0.0197
m665,100000,0.0,-5.0,-0.4784,0.04981,0.03485,-0.0103
m665,100000,0.0,-4.5,-0.4691,0.0445,0.02975,-0.006
m665,100000,0.0,-4.0,-0.4498,0.0392,0.0255,-0.0009
m665,100000,0.0,-3.5,-0.4178,0.0273,0.01076,0.0081
m665,100000,0.0,-3.0,-0.3947,0.02411,0.00732,0.0143
m665,100000,0.0,-2.5,-0.3728,0.02145,0.00488,0.02
m665,100000,0.0,-2.0,-0.3271,0.01995,0.00297,0.0214
m665,100000,0.0,-1.5,-0.2514,0.0173,0.00142,0.0171
m665,100000,0.0,-1.0,-0.0025,0.01666,0.00146,-0.018
m665,100000,0.0,-0.5,0.1001,0.01622,0.00153,-0.0285
m665,100000,0.0,0.0,0.1965,0.01593,0.00156,-0.0376
m665,100000,0.0,0.5,0.2882,0.01531,0.00151,-0.0451
m665,100000,0.0,1.0,0.3835,0.01457,0.00129,-0.0529
m665,100000,0.0,1.5,0.4328,0.01448,0.00163,-0.0516
m665,100000,0.0,2.0,0.4984,0.01463,0.00186,-0.0534
m665,100000,0.0,2.5,0.5302,0.01471,0.0023,-0.0481
m665,100000,0.0,3.0,0.572,0.01477,0.00251,-0.0442
m665,100000,0.0,3.5,0.6105,0.01514,0.00283,-0.04
m665,100000,0.0,4.0,0.65,0.01492,0.00257,-0.0349
m665,100000,0.0,4.5,0.686,0.0145,0.00162,-0.0287
m665,100000,0.0,5.0,0.7112,0.0153,0.00075,-0.0212
m665,100000,0.0,5.5,0.7206,0.01987,0.00283,-0.0132
m665,100000,0.0,6.0,0.7521,0.02335,0.00494,-0.0084
m665,100000,0.0,6.5,0.7931,0.02618,0.00719,-0.0053
m665,100000,0.0,7.0,0.8327,0.03032,0.01062,-0.0019
m665,100000,0.0,7.5,0.8642,0.03572,0.01543,0.0022
m665,100000,0.0,8.0,0.8815,0.04254,0.0216,0.0074
m665,100000,0.0,8.5,0.8832,0.05051,0.02846,0.0127
m665,100000,0.0,9.0,0.8692,0.059,0.03723,0.0187
m665,100000,0.0,9.5,0.7991,0.06799,0.04531,0.0253
m665,100000,0.0,10.0,0.7409,0.07908,0.05525,0.0221
m665,100000,0.0,10.5,0.6355,0.09274,0.06175,0.0165
m665,100000,0.0,11.0,0.6107,0.12215,0.0798,0.0081
m665,100000,0.0,11.5,0.6014,0.1309,0.08771,0.0055
m665,100000,0.0,12.0,0.5894,0.1353,0.09519,0.0026
m665,100000,0.0,12.5,0.5666,0.13861,0.10229,-0.0013
m665,100000,0.0,13.0,0.5645,0.14452,0.10802,-0.0019
m665,100000,0.0,13.5,0.6059,0.15211,0.11139,0.003
m665,100000,0.0,14.0,0.5881,0.16756,0.12001,-0.0017
m665,100000,0.0,14.5,0.5816,0.16749,0.1276,-0.0063
m665,100000,0.0,15.0,0.7031,0.1767,0.15715,-0.0129
m665,200000,0.0,-5.0,-0.4881,0.04071,0.0276,-0.0088
m665,200000,0.0,-4.5,-0.4706,0.03669,0.02363,-0.0033
m665,200000,0.0,-4.0,-0.4588,0.03287,0.01953,0.0037
m665,200000,0.0,-3.5,-0.4104,0.02217,0.00833,0.0082
m665,200000,0.0,-3.0,-0.3363,0.01756,0.00364,0.006
m665,200000,0.0,-2.5,-0.2579,0.01457,0.00123,0.0021
m665,200000,0.0,-2.0,-0.1741,0.01238,-0.00021,-0.0033
m665,200000,0.0,-1.5,-0.1288,0.00901,-0.00036,-0.0013
m665,200000,0.0,-1.0,0.1507,0.01144,-0.00041,-0.0432
m665,200000,0.0,-0.5,0.2357,0.01059,-0.00079,-0.0497
m665,200000,0.0,0.0,0.3246,0.00986,-0.00124,-0.0568
m665,200000,0.0,0.5,0.3786,0.00962,-0.00125,-0.0566
m665,200000,0.0,1.0,0.421,0.00967,-0.001,-0.0542
m665,200000,0.0,1.5,0.4601,0.00973,-0.00086,-0.0506
m665,200000,0.0,2.0,0.503,0.00997,-0.00062,-0.0481
m665,200000,0.0,2.5,0.5422,0.00994,-0.00057,-0.0445
m665,200000,0.0,3.0,0.581,0.01018,-0.00049,-0.0409
m665,200000,0.0,3.5,0.6197,0.01021,-0.00046,-0.0373
m665,200000,0.0,4.0,0.6549,0.01052,-0.00061,-0.0329
m665,200000,0.0,4.5,0.6875,0.01126,-0.00075,-0.0283
m665,200000,0.0,5.0,0.7,0.01494,0.00057,-0.0215
m665,200000,0.0,5.5,0.7324,0.01685,0.00187,-0.017
m665,200000,0.0,6.0,0.7674,0.01893,0.00335,-0.0129
m665,200000,0.0,6.5,0.8051,0.02165,0.00536,-0.0092
m665,200000,0.0,7.0,0.8439,0.02526,0.00825,-0.0058
m665,200000,0.0,7.5,0.8779,0.03011,0.01234,-0.0018
m665,200000,0.0,8.0,0.9024,0.03563,0.01718,0.0028
m665,200000,0.0,8.5,0.9139,0.04212,0.02297,0.0083
m665,200000,0.0,9.0,0.906,0.05009,0.02984,0.0146
m665,200000,0.0,9.5,0.8905,0.05578,0.03531,0.0207
m665,200000,0.0,10.0,0.8487,0.06131,0.04012,0.0279
m665,200000,0.0,11.0,0.6464,0.09702,0.06828,0.0119
m665,200000,0.0,11.5,0.6255,0.10978,0.07883,0.0072
m665,200000,0.0,12.0,0.6126,0.12011,0.08765,0.004
m665,200000,0.0,12.5,0.6053,0.1286,0.09495,0.0022
m665,1000000,0.0,-5.0,-0.4867,0.01518,0.00409,-0.004
m665,1000000,0.0,-4.0,-0.3518,0.01478,0.00393,-0.01
m665,1000000,0.0,-3.5,-0.2921,0.00904,-0.00078,-0.0096
m665,1000000,0.0,-3.0,-0.2401,0.00827,-0.00126,-0.0085
m665,1000000,0.0,-2.5,-0.1906,0.00791,-0.00143,-0.0068
m665,1000000,0.0,-2.0,-0.138,0.0076,-0.00152,-0.0059
m665,1000000,0.0,-0.5,0.02,0.00716,-0.00149,-0.0037
m665,1000000,0.0,0.0,0.0712,0.00673,-0.00146,-0.0029
m665,1000000,0.0,0.5,0.1134,0.00571,-0.0015,-0.0006
m665,1000000,0.0,1.0,0.2039,0.0047,-0.00141,-0.0082
m665,1000000,0.0,1.5,0.2589,0.00486,-0.00132,-0.0078
m665,1000000,0.0,2.0,0.3477,0.00541,-0.00136,-0.0149
m665,1000000,0.0,2.5,0.4219,0.00579,-0.00141,-0.0188
m665,1000000,0.0,3.0,0.4813,0.00619,-0.00146,-0.0201
m665,1000000,0.0,3.5,0.5373,0.00721,-0.00136,-0.021
m665,1000000,0.0,4.0,0.593,0.00836,-0.00106,-0.022
m665,1000000,0.0,4.5,0.6499,0.00936,-0.00073,-0.0229
m665,1000000,0.0,5.0,0.7086,0.01011,-0.0004,-0.0237
m665,1000000,0.0,5.5,0.7671,0.01104,0.00012,-0.0245
m665,1000000,0.0,6.0,0.8169,0.01264,0.00114,-0.0238
m665,1000000,0.0,6.5,0.8485,0.01457,0.00246,-0.0195
m665,1000000,0.0,7.0,0.8804,0.01695,0.00409,-0.0153
m665,1000000,0.0,7.5,0.9194,0.01808,0.00499,-0.0123
m665,1000000,0.0,8.0,0.9503,0.02145,0.00745,-0.0084
m665,1000000,0.0,8.5,0.9851,0.02356,0.00916,-0.0054
m665,1000000,0.0,9.0,1.0267,0.02382,0.00942,-0.0035
m665,1000000,0.0,9.5,1.0718,0.02298,0.00845,-0.0023
m665,1000000,0.0,10.0,1.1069,0.02374,0.00849,0.0001
m665,1000000,0.0,10.5,1.1476,0.02367,0.0082,0.0021
m665,1000000,0.0,11.0,1.197,0.0221,0.00553,0.0025
m665,1000000,0.0,11.5,1.2531,0.02103,0.00358,0.0023
m665,1000000,0.0,12.0,1.2721,0.0228,0.00412,0.0075
m665,1000000,0.0,12.5,1.2611,0.02515,0.00523,0.0173
m665,1000000,0.0,13.0,1.2435,0.02864,0.00728,0.0251
m665,1000000,0.0,13.5,1.2202,0.0338,0.01084,0.0301
m665,1000000,0.0,14.0,1.1885,0.04109,0.01651,0.0317
m665,1000000,0.0,14.5,1.1504,0.05079,0.02471,0.0297
m665,1000000,0.0,15.0,1.1083,0.06284,0.0356,0.0245
mh23,50000,0.0,-5.0,-0.5053,0.04732,0.02873,-0.0177
mh23,50000,0.0,-4.5,-0.4785,0.03956,0.02155,-0.014
mh23,50000,0.0,-4.0,-0.4414,0.03385,0.01577,-0.0102
mh23,50000,0.0,-3.5,-0.3948,0.02887,0.01104,-0.0071
mh23,50000,0.0,-3.0,-0.3395,0.02455,0.00749,-0.0048
mh23,50000,0.0,-2.5,-0.1429,0.01798,0.00456,-0.0249
mh23,50000,0.0,-2.0,-0.1179,0.0178,0.00412,-0.0201
mh23,50000,0.0,-1.5,-0.0904,0.01774,0.00384,-0.0156
mh23,50000,0.0,-1.0,-0.0611,0.01778,0.00371,-0.0114
mh23,50000,0.0,-0.5,-0.0307,0.01792,0.00371,-0.0075
mh23,50000,0.0,0.0,0.0004,0.01816,0.00383,-0.0038
mh23,50000,0.0,0.5,0.0322,0.01851,0.00408,-0.0004
mh23,50000,0.0,1.0,0.0644,0.01899,0.00445,0.0026
mh23,50000,0.0,1.5,0.0966,0.01963,0.00499,0.0052
mh23,50000,0.0,2.0,0.1281,0.02045,0.00572,0.0076
mh23,50000,0.0,2.5,0.1584,0.02152,0.00669,0.0095
mh23,50000,0.0,3.0,0.1868,0.02291,0.00798,0.0109
mh23,50000,0.0,3.5,0.2852,0.02572,0.01072,-0.0018
mh23,50000,0.0,4.0,0.4489,0.02738,0.0127,-0.0227
mh23,50000,0.0,4.5,0.5849,0.0249,0.01107,-0.0316
mh23,50000,0.0,5.0,0.6977,0.02075,0.00687,-0.0294
mh23,50000,0.0,5.5,0.7294,0.02307,0.0069,-0.0206
mh23,50000,0.0,6.0,0.7582,0.0272,0.00922,-0.0142
mh23,50000,0.0,6.5,0.7957,0.03217,0.01231,-0.01
mh23,50000,0.0,7.0,0.8337,0.0394,0.01811,-0.0061
mh23,50000,0.0,7.5,0.8548,0.04656,0.02268,-0.0019
mh23,50000,0.0,8.0,0.8648,0.05457,0.03027,0.0035
mh23,50000,0.0,8.5,0.8614,0.06457,0.03871,0.0078
mh23,50000,0.0,9.0,0.8556,0.07183,0.04764,0.0117
mh23,50000,0.0,9.5,0.7888,0.08155,0.05936,0.0119
mh23,50000,0.0,10.0,0.7498,0.09546,0.07311,0.004
mh23,50000,0.0,10.5,0.7163,0.11183,0.09066,-0.0085
mh23,50000,0.0,11.0,0.7406,0.13702,0.11043,-0.0186
mh23,50000,0.0,11.5,0.6982,0.14015,0.11836,-0.024
mh23,50000,0.0,12.0,0.6896,0.14524,0.12651,-0.0267
mh23,50000,0.0,12.5,0.7595,0.17094,0.13669,-0.0221
mh23,50000,0.0,13.0,0.7253,0.16887,0.145,-0.0279
mh23,50000,0.0,13.5,0.7057,0.16914,0.15333,-0.0325
mh23,50000,0.0,14.0,0.7673,0.19538,0.1636,-0.028
mh23,50000,0.0,14.5,0.7453,0.19332,0.1731,-0.0341
mh23,50000,0.0,15.0,0.7314,0.19211,0.18259,-0.0393
mh23,100000,0.0,-4.5,-0.0088,0.0,-0.00387,-0.0079
mh23,100000,0.0,-4.0,-0.0021,0.0,-0.00529,-0.0076
mh23,100000,0.0,-3.5,0.0076,0.0,-0.00509,-0.0064
mh23,100000,0.0,-3.0,-0.0134,0.0,-0.00435,-0.0052
mh23,100000,0.0,-2.5,-0.0129,0.0,-0.00508,-0.0047
mh23,100000,0.0,-2.0,0.0011,0.0,-0.00491,-0.0042
mh23,100000,0.0,-1.5,0.0074,0.0,-0.00572,-0.0035
mh23,100000,0.0,-1.0,-0.0149,0.0,-0.00521,-0.0026
mh23,100000,0.0,-0.5,-0.0081,0.0,-0.00466,-0.0019
mh23,100000,0.0,0.0,0.0091,0.0,-0.00539,-0.0016
mh23,100000,0.0,0.5,-0.0156,0.0,-0.00523,-0.0007
mh23,100000,0.0,1.0,-0.0235,0.0,-0.00551,0.0001
mh23,100000,0.0,1.5,0.0063,0.0,-0.00503,0.0001
mh23,100000,0.0,2.0,-0.0136,0.0,-0.00511,0.0009
mh23,100000,0.0,2.5,-0.0237,0.0,-0.00535,0.0013
mh23,100000,0.0,3.0,-0.0151,0.0,-0.00548,0.0017
mh23,100000,0.0,3.5,-0.0064,0.0,-0.00469,0.0017
mh23,100000,0.0,4.0,-0.0171,0.0,-0.0049,0.0021
mh23,100000,0.0,4.5,-0.0054,0.0,-0.00479,0.0025
mh23,100000,0.0,5.0,-0.0178,0.0,-0.00518,0.0027
mh23,100000,0.0,5.5,-0.0223,0.0,-0.00534,0.0028
mh23,100000,0.0,6.0,-0.0147,0.0,-0.00506,0.003
mh23,100000,0.0,6.5,-0.0068,0.0,-0.00408,0.0029
mh23,100000,0.0,7.0,-0.0139,0.0,-0.00419,0.0028
mh23,100000,0.0,7.5,-0.0132,0.0,-0.00412,0.0028
mh23,100000,0.0,8.0,-0.0098,0.0,-0.00392,0.003
mh23,100000,0.0,8.5,-0.0131,0.0,-0.00377,0.0026
mh23,100000,0.0,9.0,-0.0105,0.0,-0.00345,0.0025
mh23,100000,0.0,9.5,-0.0054,0.0,-0.00295,0.0025
mh23,100000,0.0,10.0,-0.0074,0.0,-0.00266,0.0021
mh23,100000,0.0,10.5,-0.0064,0.0,-0.00233,0.0017
mh23,100000,0.0,11.0,-0.0068,0.0,-0.00216,0.0014
mh23,100000,0.0,11.5,-0.0043,0.0,-0.00136,0.001
mh23,100000,0.0,12.5,-0.0007,0.0,-0.0002,0.0002
mh23,200000,0.0,-5.0,-0.524,0.04122,0.02667,-0.0123
mh23,200000,0.0,-4.5,-0.5023,0.03551,0.02082,-0.0078
mh23,200000,0.0,-4.0,-0.4706,0.03101,0.01728,-0.0045
mh23,200000,0.0,-3.5,-0.4181,0.02169,0.00797,0.0014
mh23,200000,0.0,-3.0,-0.3684,0.01778,0.00469,0.0043
mh23,200000,0.0,-2.5,-0.3234,0.01555,0.00323,0.007
mh23,200000,0.0,-2.0,-0.2798,0.01392,0.00229,0.0099
mh23,200000,0.0,-1.5,-0.1102,0.01101,0.00317,-0.0122
mh23,200000,0.0,-1.0,-0.0843,0.01112,0.00318,-0.0074
mh23,200000,0.0,-0.5,0.0067,0.01151,0.00347,-0.0156
mh23,200000,0.0,0.0,0.0962,0.01178,0.00372,-0.0233
mh23,200000,0.0,0.5,0.1856,0.01191,0.00388,-0.0308
mh23,200000,0.0,1.0,0.2915,0.0118,0.00385,-0.0412
mh23,200000,0.0,1.5,0.3786,0.01144,0.00366,-0.0474
mh23,200000,0.0,2.0,0.4569,0.01084,0.00324,-0.0512
mh23,200000,0.0,2.5,0.5106,0.01016,0.00271,-0.0493
mh23,200000,0.0,3.0,0.5577,0.00946,0.00204,-0.0458
mh23,200000,0.0,3.5,0.6059,0.00914,0.00132,-0.0424
mh23,200000,0.0,4.0,0.6447,0.00992,0.00116,-0.0382
mh23,200000,0.0,4.5,0.6781,0.01119,0.00135,-0.0338
mh23,200000,0.0,5.0,0.7111,0.01262,0.00172,-0.0299
mh23,200000,0.0,5.5,0.7437,0.01434,0.00232,-0.0261
mh23,200000,0.0,6.0,0.77,0.01713,0.00358,-0.0209
mh23,200000,0.0,6.5,0.8047,0.01931,0.00479,-0.0165
mh23,200000,0.0,7.0,0.8383,0.0242,0.00766,-0.0122
mh23,200000,0.0,7.5,0.8746,0.02691,0.00954,-0.0083
mh23,200000,0.0,8.0,0.9001,0.03195,0.01294,-0.0031
mh23,200000,0.0,8.5,0.91,0.0388,0.01807,0.0033
mh23,200000,0.0,9.0,0.8992,0.04714,0.02473,0.0105
mh23,200000,0.0,9.5,0.8789,0.05451,0.03121,0.0171
mh23,200000,0.0,10.0,0.8516,0.06022,0.0368,0.0231
mh23,200000,0.0,10.5,0.8247,0.06703,0.04409,0.0241
mh23,200000,0.0,11.0,0.7492,0.095,0.07497,0.0048
mh23,200000,0.0,11.5,0.7267,0.10947,0.08852,-0.0022
mh23,500000,0.0,-5.0,-0.4203,0.03469,0.01837,-0.0288
mh23,500000,0.0,-4.5,-0.3875,0.02351,0.01107,-0.0271
s1048,50000,0.0,-5.0,-0.5764,0.03496,0.01826,0.0211
s1048,50000,0.0,-4.5,-0.5385,0.03459,0.01821,0.0258
s1048,50000,0.0,-4.0,-0.5248,0.03268,0.01688,0.0314
s1048,50000,0.0,-3.5,-0.5191,0.0311,0.01525,0.037
s1048,50000,0.0,-3.0,-0.4973,0.0303,0.01496,0.0424
s1048,50000,0.0,-2.5,-0.4858,0.02879,0.01348,0.0464
s1048,50000,0.0,-2.0,-0.4638,0.02817,0.01289,0.0502
s1048,50000,0.0,-1.5,-0.4383,0.0277,0.01259,0.0537
s1048,50000,0.0,-1.0,-0.3275,0.02857,0.01343,0.0416
s1048,50000,0.0,-0.5,-0.1912,0.02971,0.01453,0.0257
s1048,50000,0.0,0.0,-0.0,0.03028,0.01511,0.0
s1048,50000,0.0,0.5,0.1912,0.02971,0.01453,-0.0257
s1048,50000,0.0,1.0,0.3276,0.02857,0.01343,-0.0416
s1048,50000,0.0,1.5,0.4382,0.02769,0.01259,-0.0537
s1048,50000,0.0,2.0,0.4637,0.02816,0.0129,-0.0502
s1048,50000,0.0,2.5,0.4857,0.02879,0.01348,-0.0464
s1048,50000,0.0,3.0,0.4973,0.03029,0.01497,-0.0424
s1048,50000,0.0,3.5,0.5191,0.03109,0.01525,-0.037
s1048,50000,0.0,4.0,0.5247,0.03268,0.01688,-0.0314
s1048,50000,0.0,4.5,0.5385,0.03459,0.01821,-0.0258
s1048,50000,0.0,5.0,0.5763,0.03495,0.01826,-0.0211
s1048,50000,0.0,5.5,0.5806,0.03866,0.02149,-0.0169
s1048,50000,0.0,6.0,0.6457,0.03796,0.01969,-0.0127
s1048,50000,0.0,6.5,0.659,0.04099,0.02292,-0.0093
s1048,50000,0.0,7.0,0.6862,0.04333,0.02452,-0.0054
s1048,50000,0.0,7.5,0.7443,0.04297,0.02322,-0.0011
s1048,50000,0.0,8.0,0.8005,0.04214,0.02141,0.0033
s1048,50000,0.0,8.5,0.8432,0.04196,0.02032,0.008
s1048,50000,0.0,9.0,0.8835,0.04143,0.01851,0.0132
s1048,50000,0.0,9.5,0.9046,0.04056,0.01361,0.0204
s1048,50000,0.0,10.0,0.8939,0.04504,0.0159,0.0263
s1048,50000,0.0,10.5,0.8785,0.04894,0.018,0.0302
s1048,50000,0.0,11.5,0.857,0.06222,0.02818,0.0315
s1048,50000,0.0,12.0,0.8299,0.07221,0.03782,0.0282
s1048,50000,0.0,12.5,0.7897,0.08545,0.05138,0.0214
s1048,50000,0.0,13.0,0.7436,0.10212,0.069,0.012
s1048,50000,0.0,13.5,0.7065,0.11983,0.08811,0.0028
s1048,50000,0.0,14.5,0.6465,0.16052,0.13816,-0.0188
s1048,50000,0.0,15.0,0.647,0.17114,0.15174,-0.0236
s1048,100000,0.0,-5.0,-0.644,0.01864,0.00461,0.0155
s1048,100000,0.0,-4.5,-0.6141,0.01859,0.00471,0.0193
s1048,100000,0.0,-4.0,-0.5828,0.01817,0.0048,0.0222
s1048,100000,0.0,-3.5,-0.4874,0.01836,0.00518,0.0135
s1048,100000,0.0,-3.0,-0.3955,0.01832,0.00572,0.0065
s1048,100000,0.0,-2.5,-0.3036,0.01806,0.00593,-0.0003
s1048,100000,0.0,-2.0,-0.2253,0.01794,0.00592,-0.0043
s1048,100000,0.0,-1.5,-0.1572,0.01776,0.00617,-0.0054
s1048,100000,0.0,-1.0,-0.0998,0.0175,0.00598,-0.0049
s1048,100000,0.0,-0.5,-0.0469,0.01749,0.00605,-0.0026
s1048,100000,0.0,0.0,0.0,0.01748,0.0062,-0.0
s1048,100000,0.0,0.5,0.0469,0.01749,0.00605,0.0026
s1048,100000,0.0,1.0,0.0998,0.0175,0.00598,0.0049
s1048,100000,0.0,1.5,0.1572,0.01776,0.00617,0.0054
s1048,100000,0.0,2.0,0.2253,0.01794,0.00592,0.0043
s1048,100000,0.0,2.5,0.3036,0.01806,0.00594,0.0003
s1048,100000,0.0,3.0,0.3955,0.01832,0.00572,-0.0065
s1048,100000,0.0,3.5,0.4874,0.01835,0.00519,-0.0135
s1048,100000,0.0,4.0,0.5827,0.01817,0.00481,-0.0222
s1048,100000,0.0,4.5,0.6141,0.01859,0.00472,-0.0193
s1048,100000,0.0,5.0,0.6439,0.01864,0.00461,-0.0155
s1048,100000,0.0,5.5,0.6763,0.01932,0.00469,-0.0119
s1048,100000,0.0,6.0,0.7137,0.01951,0.00436,-0.0085
s1048,100000,0.0,6.5,0.7513,0.02022,0.00453,-0.0053
s1048,100000,0.0,7.0,0.7912,0.02084,0.00429,-0.0023
s1048,100000,0.0,7.5,0.8308,0.02141,0.00387,0.0008
s1048,100000,0.0,8.0,0.8635,0.02127,0.00273,0.0046
s1048,100000,0.0,8.5,0.8867,0.0222,0.00195,0.0084
s1048,100000,0.0,9.0,0.9018,0.02506,0.00285,0.0126
s1048,100000,0.0,9.5,0.8908,0.02998,0.00532,0.0195
s1048,100000,0.0,10.0,0.8903,0.03353,0.00721,0.0245
s1048,100000,0.0,10.5,0.8832,0.03883,0.01025,0.0282
s1048,100000,0.0,11.0,0.894,0.04418,0.01343,0.0307
s1048,100000,0.0,11.5,0.9003,0.04995,0.0176,0.032
s1048,100000,0.0,12.0,0.8929,0.05718,0.02356,0.0317
s1048,100000,0.0,12.5,0.8727,0.06613,0.03169,0.029
s1048,100000,0.0,13.0,0.8423,0.07721,0.04254,0.0237
s1048,100000,0.0,13.5,0.8036,0.09095,0.05685,0.0156
s1048,100000,0.0,14.0,0.7578,0.10838,0.07611,0.0048
s1048,200000,0.0,-5.0,-0.6019,0.01275,0.00054,0.0054
s1048,200000,0.0,-4.5,-0.5165,0.01245,0.00083,-0.0008
s1048,200000,0.0,-4.0,-0.4375,0.01203,0.00097,-0.0055
s1048,200000,0.0,-3.5,-0.3683,0.01186,0.00103,-0.0078
s1048,200000,0.0,-3.0,-0.3116,0.01155,0.00111,-0.0074
s1048,200000,0.0,-2.5,-0.2589,0.01154,0.00116,-0.0063
s1048,200000,0.0,-1.5,-0.1566,0.01135,0.00124,-0.0034
s1048,200000,0.0,-1.0,-0.1044,0.01125,0.00133,-0.0023
s1048,200000,0.0,-0.5,-0.0524,0.01137,0.0013,-0.001
s1048,200000,0.0,0.0,0.0,0.01119,0.00134,-0.0
s1048,200000,0.0,0.5,0.0524,0.01137,0.0013,0.001
s1048,200000,0.0,1.0,0.1044,0.01125,0.00133,0.0023
s1048,200000,0.0,1.5,0.1566,0.01135,0.00124,0.0034
s1048,200000,0.0,2.5,0.259,0.01154,0.00116,0.0063
s1048,200000,0.0,3.0,0.3116,0.01155,0.00111,0.0074
s1048,200000,0.0,3.5,0.3683,0.01186,0.00103,0.0078
s1048,200000,0.0,4.0,0.4375,0.01203,0.00097,0.0055
s1048,200000,0.0,4.5,0.5165,0.01245,0.00083,0.0008
s1048,200000,0.0,5.0,0.6019,0.01275,0.00054,-0.0054
s1048,200000,0.0,5.5,0.6911,0.01289,6e-05,-0.0127
s1048,200000,0.0,6.0,0.7208,0.01311,-0.00057,-0.0089
s1048,200000,0.0,6.5,0.7582,0.01356,-0.00062,-0.006
s1048,200000,0.0,7.0,0.792,0.01443,-0.00078,-0.0027
s1048,200000,0.0,7.5,0.8294,0.01536,-0.00073,-0.0
s1048,200000,0.0,8.0,0.8612,0.01691,-0.00044,0.0031
s1048,200000,0.0,8.5,0.8845,0.01937,0.00041,0.007
s1048,200000,0.0,9.0,0.9056,0.02204,0.00135,0.0115
s1048,200000,0.0,9.5,0.9113,0.02539,0.00281,0.0175
s1048,200000,0.0,10.0,0.9024,0.02955,0.00496,0.0241
s1048,200000,0.0,10.5,0.9121,0.03326,0.00708,0.0273
s1048,200000,0.0,11.0,0.9202,0.03787,0.00996,0.0296
s1048,200000,0.0,11.5,0.9212,0.04368,0.01401,0.0311
s1048,200000,0.0,12.0,0.9104,0.05099,0.01973,0.031
s1048,200000,0.0,12.5,0.8843,0.06073,0.02807,0.0287
s1048,200000,0.0,13.5,0.8458,0.07992,0.04648,0.0193
s1048,200000,0.0,14.0,0.8261,0.09111,0.05807,0.0126
s1048,200000,0.0,14.5,0.8035,0.10417,0.07229,0.0045
s1048,200000,0.0,15.0,0.7781,0.1194,0.0898,-0.0046
s1048,500000,0.0,-5.0,-0.5342,0.00888,-0.0016,-0.0058
s1048,500000,0.0,-4.5,-0.4851,0.00846,-0.00144,-0.0044
s1048,500000,0.0,-4.0,-0.4339,0.00827,-0.00126,-0.0034
s1048,500000,0.0,-3.5,-0.3813,0.00807,-0.0012,-0.0027
s1048,500000,0.0,-3.0,-0.3276,0.00803,-0.00115,-0.0021
s1048,500000,0.0,-2.5,-0.2735,0.00788,-0.00111,-0.0016
s1048,500000,0.0,-2.0,-0.219,0.00781,-0.00103,-0.0013
s1048,500000,0.0,-1.5,-0.1644,0.00774,-0.00102,-0.0009
s1048,500000,0.0,-1.0,-0.1098,0.00768,-0.00096,-0.0006
s1048,500000,0.0,-0.5,-0.0547,0.00766,-0.00097,-0.0003
s1048,500000,0.0,0.0,-0.0,0.00763,-0.00094,0.0
s1048,500000,0.0,0.5,0.0547,0.00766,-0.00097,0.0003
s1048,500000,0.0,1.0,0.1098,0.00768,-0.00096,0.0006
s1048,500000,0.0,1.5,0.1644,0.00774,-0.00102,0.0009
s1048,500000,0.0,2.0,0.219,0.00781,-0.00103,0.0013
s1048,500000,0.0,2.5,0.2735,0.00788,-0.00111,0.0016
s1048,500000,0.0,3.0,0.3276,0.00803,-0.00115,0.0021
s1048,500000,0.0,3.5,0.3813,0.00807,-0.0012,0.0027
s1048,500000,0.0,4.0,0.4339,0.00827,-0.00126,0.0034
s1048,500000,0.0,4.5,0.4851,0.00846,-0.00144,0.0044
s1048,500000,0.0,5.0,0.5342,0.00888,-0.0016,0.0058
s1048,500000,0.0,5.5,0.594,0.00954,-0.00162,0.0046
s1048,500000,0.0,6.0,0.6654,0.01044,-0.00156,0.0006
s1048,500000,0.0,6.5,0.7416,0.01114,-0.00154,-0.0042
s1048,500000,0.0,7.0,0.7969,0.01244,-0.00121,-0.0056
s1048,500000,0.0,7.5,0.8275,0.01385,-0.00072,-0.0018
s1048,500000,0.0,8.0,0.8653,0.01483,-0.00054,0.001
s1048,500000,0.0,8.5,0.9044,0.01584,-0.00052,0.0037
s1048,500000,0.0,9.0,0.9419,0.01708,-0.00038,0.0065
s1048,500000,0.0,9.5,0.9742,0.0187,6e-05,0.0099
s1048,500000,0.0,10.0,0.997,0.02083,0.00088,0.0142
s1048,500000,0.0,10.5,0.9998,0.02369,0.00221,0.0209
s1048,500000,0.0,11.0,0.996,0.02771,0.00449,0.0261
s1048,500000,0.0,11.5,0.9911,0.0331,0.00791,0.0296
s1048,500000,0.0,12.0,0.9793,0.04009,0.01288,0.0317
s1048,500000,0.0,12.5,0.9567,0.04874,0.01976,0.0315
s1048,500000,0.0,13.0,0.9244,0.05916,0.02893,0.0282
s1048,500000,0.0,13.5,0.8877,0.07137,0.04054,0.0221
s1048,500000,0.0,14.0,0.8507,0.08521,0.05449,0.0141
s1048,500000,0.0,14.5,0.8148,0.10108,0.07143,0.0043
s1048,500000,0.0,15.0,0.7786,0.11896,0.09175,-0.0064
s1048,1000000,0.0,-5.0,-0.5417,0.00842,-0.0018,-0.0025
s1048,1000000,0.0,-4.5,-0.4915,0.00782,-0.00187,-0.0018
s1048,1000000,0.0,-4.0,-0.4401,0.00731,-0.00188,-0.0012
s1048,1000000,0.0,-3.5,-0.3903,0.00675,-0.00182,-0.0003
s1048,1000000,0.0,-3.0,-0.3342,0.00662,-0.00174,-0.0003
s1048,1000000,0.0,-2.5,-0.2793,0.00655,-0.00169,-0.0001
s1048,1000000,0.0,-2.0,-0.2233,0.00642,-0.00164,-0.0001
s1048,1000000,0.0,-1.5,-0.1677,0.00643,-0.0016,-0.0001
s1048,1000000,0.0,-1.0,-0.1117,0.0063,-0.00157,-0.0001
s1048,1000000,0.0,-0.5,-0.056,0.00638,-0.00155,0.0
s1048,1000000,0.0,0.0,0.0002,0.00627,-0.00156,-0.0
s1048,1000000,0.0,0.5,0.056,0.00638,-0.00155,-0.0
s1048,1000000,0.0,1.0,0.1117,0.0063,-0.00157,0.0001
s1048,1000000,0.0,1.5,0.1677,0.00643,-0.0016,0.0001
s1048,1000000,0.0,2.0,0.2233,0.00642,-0.00164,0.0001
s1048,1000000,0.0,2.5,0.2793,0.00655,-0.00169,0.0001
s1048,1000000,0.0,3.0,0.3342,0.00662,-0.00174,0.0003
s1048,1000000,0.0,3.5,0.3903,0.00675,-0.00182,0.0003
s1048,1000000,0.0,4.0,0.4401,0.00731,-0.00188,0.0012
s1048,1000000,0.0,4.5,0.4915,0.00782,-0.00187,0.0018
s1048,1000000,0.0,5.0,0.5417,0.00842,-0.0018,0.0025
s1048,1000000,0.0,5.5,0.5881,0.0093,-0.00156,0.0039
s1048,1000000,0.0,6.0,0.6332,0.01006,-0.00129,0.0057
s1048,1000000,0.0,6.5,0.6887,0.01088,-0.00102,0.0053
s1048,1000000,0.0,7.5,0.8348,0.01207,-0.00098,-0.0029
s1048,1000000,0.0,8.0,0.8838,0.01282,-0.00126,-0.0019
s1048,1000000,0.0,8.5,0.9215,0.01386,-0.00125,0.0013
s1048,1000000,0.0,9.0,0.9575,0.01512,-0.00104,0.0046
s1048,1000000,0.0,9.5,0.9922,0.01652,-0.0007,0.0078
s1048,1000000,0.0,10.0,1.0231,0.01815,-0.0002,0.0113
s1048,1000000,0.0,10.5,1.033,0.02096,0.00102,0.0176
r1082,50000,0.0,-5.0,-0.7514,0.05329,0.03014,-0.0023
r1082,50000,0.0,-4.5,-0.7215,0.04916,0.02609,0.0007
r1082,50000,0.0,-4.0,-0.688,0.04618,0.02298,0.0035
r1082,50000,0.0,-3.5,-0.6501,0.04349,0.02109,0.0057
r1082,50000,0.0,-3.0,-0.6102,0.04134,0.02006,0.008
r1082,50000,0.0,-2.5,-0.5753,0.03899,0.01916,0.0116
r1082,50000,0.0,-2.0,-0.5762,0.04123,0.02322,0.0349
r1082,50000,0.0,-1.5,-0.2084,0.05522,0.03531,-0.0218
r1082,50000,0.0,-1.0,-0.1993,0.05505,0.03498,-0.018
r1082,50000,0.0,-0.5,-0.189,0.05504,0.03481,-0.0143
r1082,50000,0.0,0.0,-0.178,0.05516,0.03477,-0.0105
r1082,50000,0.0,0.5,-0.1667,0.05535,0.03483,-0.0067
r1082,50000,0.0,1.0,-0.1553,0.0556,0.03496,-0.0029
r1082,50000,0.0,1.5,-0.1442,0.05589,0.03513,0.0009
r1082,50000,0.0,2.0,-0.1188,0.0569,0.03609,0.0017
r1082,50000,0.0,2.5,-0.073,0.05937,0.03834,-0.0015
r1082,50000,0.0,3.0,-0.031,0.06169,0.04043,-0.0037
r1082,50000,0.0,3.5,0.0031,0.06355,0.04221,-0.0041
r1082,50000,0.0,4.0,0.035,0.06559,0.04399,-0.0039
r1082,50000,0.0,4.5,0.0644,0.06776,0.04575,-0.0032
r1082,50000,0.0,5.0,0.0962,0.07039,0.04776,-0.0028
r1082,50000,0.0,5.5,0.1295,0.07335,0.05003,-0.0028
r1082,50000,0.0,6.0,0.1661,0.07685,0.05269,-0.0035
r1082,50000,0.0,6.5,0.2025,0.08055,0.05553,-0.0043
r1082,50000,0.0,7.0,0.2208,0.08217,0.05755,-0.0027
r1082,50000,0.0,7.5,0.2444,0.08459,0.06005,-0.0021
r1082,50000,0.0,8.0,0.2743,0.08807,0.06319,-0.0026
r1082,50000,0.0,8.5,0.3056,0.09191,0.06662,-0.0034
r1082,50000,0.0,9.0,0.3389,0.09616,0.07033,-0.0046
r1082,50000,0.0,9.5,0.3727,0.10083,0.07432,-0.006
r1082,50000,0.0,10.5,0.4361,0.11125,0.08294,-0.0087
r1082,50000,0.0,11.0,0.4436,0.11443,0.08702,-0.0083
r1082,50000,0.0,11.5,0.4659,0.11872,0.0915,-0.0091
r1082,50000,0.0,12.0,0.4931,0.12404,0.09662,-0.0105
r1082,50000,0.0,12.5,0.53,0.13036,0.10168,-0.0124
r1082,50000,0.0,13.0,0.5484,0.13605,0.10775,-0.0138
r1082,50000,0.0,13.5,0.5656,0.13828,0.11145,-0.0135
r1082,50000,0.0,14.0,0.5705,0.14629,0.12107,-0.0164
r1082,50000,0.0,14.5,0.5876,0.15235,0.12853,-0.0183
r1082,50000,0.0,15.0,0.6038,0.1584,0.13639,-0.0202
r1082,100000,0.0,-5.0,-0.1746,0.02513,0.01116,-0.0806
r1082,100000,0.0,-4.5,-0.2046,0.02514,0.01244,-0.0671
r1082,100000,0.0,-4.0,-0.2042,0.02821,0.01629,-0.0542
r1082,100000,0.0,-3.5,-0.1819,0.03118,0.01884,-0.0455
r1082,100000,0.0,-3.0,0.0244,0.03407,0.02104,-0.0641
r1082,100000,0.0,-2.5,0.1329,0.03591,0.02227,-0.0724
r1082,100000,0.0,-2.0,0.0312,0.04052,0.02607,-0.0506
r1082,100000,0.0,-1.5,0.2803,0.0387,0.02455,-0.0827
r1082,100000,0.0,-1.0,0.3851,0.03789,0.02382,-0.0929
r1082,100000,0.0,-0.5,0.474,0.03745,0.02323,-0.1007
r1082,100000,0.0,0.0,0.2953,0.04652,0.03134,-0.0727
r1082,100000,0.0,0.5,0.3828,0.04676,0.03181,-0.0813
r1082,100000,0.0,1.0,0.4892,0.04579,0.03064,-0.0899
r1082,100000,0.0,2.0,0.3119,0.05537,0.03878,-0.0566
r1082,100000,0.0,2.5,0.3203,0.05807,0.04069,-0.0528
r1082,100000,0.0,3.5,0.2249,0.06322,0.04555,-0.0324
r1082,100000,0.0,4.5,0.2861,0.06619,0.04724,-0.0278
r1082,100000,0.0,5.0,0.2948,0.06693,0.04764,-0.0224
r1082,100000,0.0,5.5,0.2951,0.06754,0.04789,-0.0159
r1082,100000,0.0,6.0,0.3501,0.06465,0.04449,-0.0116
r1082,100000,0.0,6.5,0.3722,0.06503,0.04422,-0.0074
r1082,100000,0.0,7.5,0.4443,0.06709,0.04492,-0.0043
r1082,100000,0.0,8.0,0.5254,0.06658,0.04347,-0.0059
r1082,100000,0.0,8.5,0.5541,0.06802,0.04437,-0.0045
r1082,100000,0.0,9.0,0.5857,0.06942,0.04516,-0.0034
r1082,100000,0.0,10.0,0.6558,0.07171,0.04609,-0.0016
r1082,100000,0.0,11.0,0.7385,0.07233,0.04523,0.0002
r1082,100000,0.0,11.5,0.8342,0.06645,0.03866,0.0009
r1082,100000,0.0,12.5,1.0045,0.05425,0.02557,0.0036
r1082,100000,0.0,13.0,1.0702,0.05037,0.021,0.0053
r1082,100000,0.0,13.5,1.1364,0.04702,0.01652,0.007
r1082,100000,0.0,14.0,1.1493,0.04941,0.01711,0.0096
r1082,100000,0.0,14.5,1.1532,0.05314,0.01904,0.0118
r1082,100000,0.0,15.0,1.1609,0.05689,0.02095,0.0135
r1082,200000,0.0,-5.0,-0.1275,0.01651,0.0042,-0.0811
r1082,200000,0.0,-4.5,-0.1133,0.01511,0.00416,-0.0746
r1082,200000,0.0,-4.0,-0.087,0.01492,0.00558,-0.0677
r1082,200000,0.0,-3.5,-0.0442,0.01604,0.00681,-0.0641
r1082,200000,0.0,-3.0,0.0077,0.01736,0.00806,-0.0617
r1082,200000,0.0,-2.5,0.0614,0.01844,0.00899,-0.0599
r1082,200000,0.0,-2.0,0.1293,0.01965,0.00987,-0.0605
r1082,200000,0.0,-1.5,0.1987,0.02089,0.01087,-0.0615
r1082,200000,0.0,-1.0,0.2728,0.02176,0.01157,-0.0643
r1082,200000,0.0,-0.5,0.3198,0.02213,0.0119,-0.063
r1082,200000,0.0,0.0,0.4036,0.02239,0.012,-0.069
r1082,200000,0.0,0.5,0.4401,0.02249,0.01195,-0.066
r1082,200000,0.0,1.0,0.5027,0.02301,0.01235,-0.0685
r1082,200000,0.0,1.5,0.5001,0.02362,0.01304,-0.0589
r1082,200000,0.0,2.0,0.5612,0.02397,0.01333,-0.0612
r1082,200000,0.0,2.5,0.5548,0.02408,0.01313,-0.05
r1082,200000,0.0,3.0,0.6232,0.02459,0.01341,-0.0539
r1082,200000,0.0,3.5,0.5379,0.02641,0.0145,-0.0305
r1082,200000,0.0,4.0,0.6229,0.02602,0.01419,-0.0364
r1082,200000,0.0,4.5,0.7114,0.02571,0.01374,-0.0428
r1082,200000,0.0,5.0,0.6181,0.02864,0.01519,-0.0203
r1082,200000,0.0,5.5,0.7224,0.02736,0.01428,-0.0283
r1082,200000,0.0,6.5,0.7031,0.03426,0.01848,-0.0179
r1082,200000,0.0,7.0,0.8103,0.03111,0.01598,-0.0232
r1082,200000,0.0,7.5,0.9365,0.0276,0.01333,-0.0318
r1082,200000,0.0,8.0,1.0843,0.02415,0.01066,-0.0455
r1082,200000,0.0,8.5,1.1177,0.02419,0.01015,-0.043
r1082,200000,0.0,9.0,1.2026,0.02252,0.00839,-0.0477
r1082,200000,0.0,9.5,1.277,0.02098,0.00658,-0.051
r1082,200000,0.0,10.0,1.1868,0.02182,0.00618,-0.028
r1082,200000,0.0,10.5,1.1888,0.02236,0.00546,-0.0213
r1082,200000,0.0,11.0,1.2029,0.02312,0.00483,-0.0168
r1082,200000,0.0,11.5,1.2086,0.02485,0.00479,-0.012
r1082,200000,0.0,12.0,1.2087,0.02742,0.00537,-0.0073
r1082,200000,0.0,12.5,1.1983,0.03111,0.00688,-0.0025
r1082,200000,0.0,13.0,1.1827,0.03563,0.0092,0.0018
r1082,200000,0.0,13.5,1.1679,0.04063,0.01211,0.0051
r1082,200000,0.0,14.0,1.1579,0.04569,0.01528,0.0075
r1082,200000,0.0,14.5,1.1522,0.05071,0.01857,0.0092
r1082,200000,0.0,15.0,1.1505,0.05566,0.02193,0.0104
r1082,500000,0.0,-5.0,-0.1354,0.01252,0.00148,-0.077
r1082,500000,0.0,-4.5,-0.0941,0.01193,0.00144,-0.0748
r1082,500000,0.0,-4.0,-0.0551,0.0112,0.00136,-0.0724
r1082,500000,0.0,-3.5,-0.0242,0.01002,0.00121,-0.0686
r1082,500000,0.0,-3.0,0.0067,0.00908,0.00158,-0.064
r1082,500000,0.0,-2.5,0.062,0.00951,0.00199,-0.0638
r1082,500000,0.0,-2.0,0.1174,0.0099,0.0024,-0.0635
r1082,500000,0.0,-1.5,0.1727,0.01023,0.00275,-0.0633
r1082,500000,0.0,-1.0,0.228,0.01054,0.00312,-0.063
r1082,500000,0.0,-0.5,0.2821,0.01091,0.00349,-0.0624
r1082,500000,0.0,0.0,0.3367,0.01132,0.00383,-0.0619
r1082,500000,0.0,0.5,0.3925,0.01147,0.00391,-0.0623
r1082,500000,0.0,1.0,0.4484,0.01182,0.0041,-0.0626
r1082,500000,0.0,1.5,0.502,0.0119,0.00419,-0.0626
r1082,500000,0.0,2.0,0.5562,0.01199,0.00423,-0.0629
r1082,500000,0.0,2.5,0.6111,0.01204,0.00423,-0.0634
r1082,500000,0.0,3.0,0.6653,0.01204,0.00425,-0.0636
r1082,500000,0.0,3.5,0.7215,0.01212,0.0042,-0.0642
r1082,500000,0.0,4.0,0.7776,0.01244,0.00423,-0.0649
r1082,500000,0.0,4.5,0.8283,0.0124,0.00419,-0.0645
r1082,500000,0.0,5.0,0.8812,0.01239,0.00407,-0.0646
r1082,500000,0.0,5.5,0.9382,0.01235,0.00381,-0.0655
r1082,500000,0.0,6.0,0.9896,0.01238,0.00364,-0.0652
r1082,500000,0.0,6.5,1.0363,0.0122,0.00336,-0.0639
r1082,500000,0.0,7.0,1.0896,0.01215,0.00296,-0.0639
r1082,500000,0.0,7.5,1.1294,0.01204,0.00267,-0.0612
r1082,500000,0.0,8.0,1.1757,0.01196,0.00217,-0.0599
r1082,500000,0.0,8.5,1.2062,0.01186,0.00176,-0.0555
r1082,500000,0.0,9.0,1.2264,0.01183,0.00118,-0.0489
r1082,500000,0.0,9.5,1.2417,0.01215,0.00062,-0.0418
r1082,500000,0.0,10.0,1.2413,0.01295,0.00017,-0.0325
r1082,500000,0.0,10.5,1.2202,0.01474,8e-05,-0.0211
r1082,500000,0.0,11.0,1.2164,0.01792,0.0013,-0.0162
r1082,500000,0.0,11.5,1.202,0.02217,0.00322,-0.0114
r1082,500000,0.0,12.0,1.1869,0.02655,0.00538,-0.0065
r1082,500000,0.0,12.5,1.1768,0.03091,0.00771,-0.0026
r1082,500000,0.0,13.0,1.1709,0.03526,0.01016,0.0005
r1082,500000,0.0,13.5,1.1707,0.03939,0.01257,0.0028
r1082,500000,0.0,14.0,1.1718,0.04363,0.01514,0.0047
r1082,500000,0.0,14.5,1.1767,0.04771,0.01768,0.0061
r1082,500000,0.0,15.0,1.187,0.05147,0.02001,0.0071
r1082,1000000,0.0,-5.0,-0.1422,0.0108,0.00083,-0.0753
r1082,1000000,0.0,-4.5,-0.1011,0.01019,0.00071,-0.073
r1082,1000000,0.0,-4.0,-0.0548,0.00972,0.00063,-0.0717
r1082,1000000,0.0,-3.5,-0.0091,0.00917,0.00055,-0.0703
r1082,1000000,0.0,-3.0,0.0334,0.00839,0.00043,-0.0684
r1082,1000000,0.0,-2.5,0.0691,0.0071,0.00023,-0.0655
r1082,1000000,0.0,-2.0,0.1189,0.00686,0.00048,-0.0645
r1082,1000000,0.0,-1.5,0.1758,0.00703,0.00064,-0.0648
r1082,1000000,0.0,-1.0,0.2337,0.00728,0.00083,-0.0654
r1082,1000000,0.0,-0.5,0.2908,0.00737,0.00094,-0.0658
r1082,1000000,0.0,0.0,0.3476,0.00756,0.00114,-0.0661
r1082,1000000,0.0,0.5,0.4042,0.0077,0.00131,-0.0664
r1082,1000000,0.0,1.0,0.4611,0.00784,0.00142,-0.0669
r1082,1000000,0.0,1.5,0.5182,0.00794,0.00144,-0.0675
r1082,1000000,0.0,2.0,0.5753,0.00807,0.00144,-0.0682
r1082,1000000,0.0,2.5,0.6323,0.00816,0.00147,-0.0689
r1082,1000000,0.0,3.0,0.6887,0.00826,0.0015,-0.0695
r1082,1000000,0.0,3.5,0.7439,0.00826,0.00148,-0.0698
r1082,1000000,0.0,4.0,0.7989,0.00828,0.00142,-0.0701
r1082,1000000,0.0,4.5,0.8534,0.00832,0.00132,-0.0703
r1082,1000000,0.0,5.0,0.909,0.00852,0.00127,-0.0709
r1082,1000000,0.0,5.5,0.9607,0.00847,0.00114,-0.0705
r1082,1000000,0.0,6.0,1.0122,0.00845,0.00097,-0.0701
r1082,1000000,0.0,6.5,1.0619,0.00853,0.00084,-0.0694
r1082,1000000,0.0,7.0,1.1114,0.00853,0.00072,-0.0687
r1082,1000000,0.0,7.5,1.1555,0.00864,0.00052,-0.0669
r1082,1000000,0.0,8.0,1.193,0.00877,0.00026,-0.0637
r1082,1000000,0.0,8.5,1.22,0.00915,1e-05,-0.0585
r1082,1000000,0.0,9.0,1.2259,0.01011,-0.00013,-0.0498
r1082,1000000,0.0,9.5,1.2206,0.01148,-9e-05,-0.0396
r1082,1000000,0.0,10.0,1.2048,0.01344,0.00014,-0.0289
r1082,1000000,0.0,10.5,1.1885,0.0159,0.0007,-0.0195
r1082,1000000,0.0,11.0,1.1746,0.01887,0.00164,-0.0117
r1082,1000000,0.0,11.5,1.1669,0.02187,0.00278,-0.0056
fx2,50000,0.0,-5.0,-0.7591,0.04627,0.00315,0.0031
fx2,50000,0.0,-4.5,-0.7318,0.04441,0.00306,0.0096
fx2,50000,0.0,-4.0,-0.7248,0.05189,0.01369,0.0332
fx2,50000,0.0,-3.5,-0.6824,0.06154,0.02254,0.0468
fx2,50000,0.0,-2.0,-0.1368,0.07464,0.04087,-0.0203
fx2,50000,0.0,-1.5,-0.1243,0.0739,0.04041,-0.0177
fx2,50000,0.0,-1.0,-0.1116,0.07333,0.04007,-0.0149
fx2,50000,0.0,-0.5,-0.0984,0.07291,0.03984,-0.0121
fx2,50000,0.0,0.0,-0.085,0.07266,0.03972,-0.0093
fx2,50000,0.0,0.5,-0.0717,0.07256,0.0397,-0.0065
fx2,50000,0.0,1.0,-0.0587,0.07259,0.03976,-0.0036
fx2,50000,0.0,1.5,-0.0463,0.0727,0.03985,-0.0007
fx2,50000,0.0,2.0,-0.0344,0.07286,0.03993,0.0022
fx2,50000,0.0,2.5,-0.0232,0.07305,0.03999,0.0051
fx2,50000,0.0,3.0,-0.0131,0.0733,0.04006,0.0081
fx2,50000,0.0,3.5,0.0358,0.07491,0.04194,0.0026
fx2,50000,0.0,4.0,0.0806,0.07716,0.04365,-0.0017
fx2,50000,0.0,4.5,0.107,0.07754,0.0444,-0.0021
fx2,50000,0.0,5.0,0.127,0.07956,0.04528,-0.0015
fx2,50000,0.0,5.5,0.1552,0.08071,0.0463,-0.0022
fx2,50000,0.0,6.0,0.1756,0.08466,0.04751,-0.0017
fx2,50000,0.0,6.5,0.1898,0.08321,0.04756,0.0005
fx2,50000,0.0,7.0,0.2467,0.09509,0.05047,-0.0053
fx2,50000,0.0,7.5,0.1985,0.08546,0.04847,0.0068
fx2,50000,0.0,8.0,0.2538,0.09041,0.0501,0.0026
fx2,50000,0.0,8.5,0.2696,0.09797,0.05192,0.0032
fx2,50000,0.0,9.0,0.2253,0.08967,0.05054,0.0134
fx2,50000,0.0,10.0,0.3382,0.09083,0.04892,0.0081
fx2,50000,0.0,10.5,0.4379,0.09153,0.04627,0.0018
fx2,50000,0.0,11.0,0.4807,0.09117,0.04598,0.0007
fx2,50000,0.0,11.5,0.5319,0.09044,0.04414,0.0
fx2,50000,0.0,12.0,0.6134,0.08676,0.03835,-0.0008
fx2,50000,0.0,13.0,0.8395,0.05949,0.00373,0.0081
fx2,100000,0.0,-5.0,-0.7189,0.04153,0.00167,-0.0054
fx2,100000,0.0,-4.5,-0.6729,0.04126,0.00316,-0.0065
fx2,100000,0.0,-4.0,-0.6353,0.04031,0.00457,-0.0067
fx2,100000,0.0,-3.5,-0.6226,0.04261,0.00988,0.0063
fx2,100000,0.0,-3.0,-0.5722,0.04985,0.01645,0.0115
fx2,100000,0.0,-2.5,-0.5276,0.05793,0.0225,0.0205
fx2,100000,0.0,-2.0,-0.5239,0.05551,0.02253,0.0286
fx2,100000,0.0,-1.5,-0.4917,0.05552,0.02432,0.0343
fx2,100000,0.0,-1.0,-0.4359,0.05794,0.02645,0.0339
fx2,100000,0.0,-0.5,-0.3319,0.06323,0.03128,0.0279
fx2,100000,0.0,0.0,-0.3244,0.06643,0.03043,0.0321
fx2,100000,0.0,0.5,-0.3605,0.05856,0.02743,0.0448
fx2,100000,0.0,1.0,-0.3158,0.05857,0.02764,0.0422
fx2,100000,0.0,1.5,-0.2481,0.06124,0.02885,0.0353
fx2,100000,0.0,2.0,-0.1854,0.06902,0.0302,0.0288
fx2,100000,0.0,2.5,-0.1843,0.06428,0.02966,0.033
fx2,100000,0.0,3.0,-0.163,0.05972,0.02882,0.0349
fx2,100000,0.0,3.5,-0.0827,0.06164,0.03,0.0269
fx2,100000,0.0,4.0,-0.0042,0.07011,0.03153,0.0188
fx2,100000,0.0,4.5,-0.0299,0.06015,0.02946,0.0289
fx2,100000,0.0,5.0,0.0626,0.06138,0.02928,0.0208
fx2,100000,0.0,5.5,0.0861,0.06061,0.0285,0.0225
fx2,100000,0.0,6.0,0.1457,0.06045,0.02782,0.0191
fx2,100000,0.0,6.5,0.2298,0.06095,0.02688,0.0125
fx2,100000,0.0,7.0,0.3257,0.06255,0.0255,0.0043
fx2,100000,0.0,7.5,0.29,0.06316,0.02786,0.0117
fx2,100000,0.0,8.0,0.3703,0.06237,0.02579,0.0067
fx2,100000,0.0,8.5,0.464,0.06056,0.02195,0.0013
fx2,100000,0.0,9.0,0.4714,0.06096,0.0222,0.005
fx2,100000,0.0,9.5,0.5778,0.05506,0.01467,0.0012
fx2,100000,0.0,10.0,0.6732,0.05099,0.00879,-0.0028
fx2,100000,0.0,10.5,0.6747,0.0545,0.01128,-0.0001
fx2,100000,0.0,11.5,0.8553,0.04207,-0.00579,-0.0019
fx2,100000,0.0,13.0,0.872,0.05387,-0.00132,0.0057
fx2,100000,0.0,13.5,0.8784,0.0584,0.00078,0.0077
fx2,200000,0.0,-5.0,-0.5976,0.03792,0.00207,-0.0256
fx2,200000,0.0,-4.5,-0.5383,0.03769,0.00338,-0.0297
fx2,200000,0.0,-4.0,-0.4786,0.03524,0.00432,-0.0366
fx2,200000,0.0,-3.5,-0.4123,0.0412,0.00893,-0.0372
fx2,200000,0.0,-3.0,-0.3892,0.04612,0.01144,-0.0329
fx2,200000,0.0,-2.5,-0.3779,0.04638,0.01408,-0.025
fx2,200000,0.0,-2.0,-0.3627,0.04205,0.01494,-0.0165
fx2,200000,0.0,-1.5,-0.2988,0.04527,0.01771,-0.0173
fx2,200000,0.0,-1.0,-0.2301,0.0473,0.02004,-0.0185
fx2,200000,0.0,-0.5,-0.2363,0.04618,0.02005,-0.0064
fx2,200000,0.0,0.0,-0.2053,0.04703,0.02108,-0.0018
fx2,200000,0.0,0.5,-0.1459,0.04679,0.02123,-0.0058
fx2,200000,0.0,1.0,-0.0778,0.04665,0.02129,-0.0111
fx2,200000,0.0,1.5,-0.0013,0.04658,0.02115,-0.0176
fx2,200000,0.0,2.0,0.0828,0.04657,0.02063,-0.0251
fx2,200000,0.0,2.5,0.1574,0.04892,0.02014,-0.0296
fx2,200000,0.0,3.0,0.1164,0.04794,0.0213,-0.0183
fx2,200000,0.0,3.5,0.1731,0.04695,0.02083,-0.0217
fx2,200000,0.0,4.0,0.2351,0.0459,0.01985,-0.0244
fx2,200000,0.0,4.5,0.2984,0.04551,0.01889,-0.0269
fx2,200000,0.0,5.0,0.364,0.04507,0.01755,-0.0297
fx2,200000,0.0,5.5,0.4361,0.04453,0.01573,-0.0335
fx2,200000,0.0,6.0,0.4237,0.04629,0.01721,-0.0265
fx2,200000,0.0,6.5,0.4786,0.04573,0.01575,-0.028
fx2,200000,0.0,7.0,0.5744,0.04152,0.01044,-0.0328
fx2,200000,0.0,7.5,0.6557,0.03886,0.0065,-0.0366
fx2,200000,0.0,8.0,0.7127,0.03794,0.00404,-0.0376
fx2,200000,0.0,8.5,0.7387,0.03903,0.00383,-0.0354
fx2,200000,0.0,9.0,0.8212,0.03469,-0.00142,-0.0383
fx2,200000,0.0,9.5,0.8887,0.03184,-0.00622,-0.0389
fx2,200000,0.0,10.0,0.8949,0.03404,-0.00642,-0.0336
fx2,200000,0.0,10.5,0.8941,0.03728,-0.00562,-0.0283
fx2,200000,0.0,11.0,0.9024,0.04041,-0.00478,-0.0249
fx2,200000,0.0,11.5,0.9193,0.04326,-0.00415,-0.0228
fx2,200000,0.0,12.0,0.9409,0.04598,-0.0036,-0.0214
fx2,200000,0.0,12.5,0.9644,0.04868,-0.00344,-0.0203
fx2,500000,0.0,-5.0,-0.4122,0.02804,-0.00273,-0.0539
fx2,500000,0.0,-4.5,-0.3767,0.02768,-0.00171,-0.0526
fx2,500000,0.0,-4.0,-0.3345,0.02747,-0.00066,-0.0526
fx2,500000,0.0,-3.5,-0.284,0.02489,-0.00057,-0.0567
fx2,500000,0.0,-3.0,-0.2298,0.02417,0.00054,-0.0583
fx2,500000,0.0,-2.5,-0.1589,0.02386,0.00147,-0.0615
fx2,500000,0.0,-2.0,-0.0756,0.02296,0.0016,-0.0669
fx2,500000,0.0,-1.5,0.0027,0.022,0.00156,-0.0715
fx2,500000,0.0,-1.0,0.0775,0.02136,0.0016,-0.0756
fx2,500000,0.0,-0.5,0.1483,0.02079,0.00151,-0.0793
fx2,500000,0.0,0.0,0.2124,0.02049,0.00144,-0.0823
fx2,500000,0.0,0.5,0.2732,0.02041,0.00139,-0.0848
fx2,500000,0.0,1.0,0.3251,0.02125,0.00131,-0.0856
fx2,500000,0.0,1.5,0.3542,0.02264,0.00233,-0.0827
fx2,500000,0.0,2.0,0.3253,0.02427,0.00388,-0.0701
fx2,500000,0.0,2.5,0.3603,0.025,0.00418,-0.0683
fx2,500000,0.0,3.0,0.4064,0.02546,0.00418,-0.0682
fx2,500000,0.0,3.5,0.4547,0.026,0.00415,-0.0684
fx2,500000,0.0,4.0,0.5086,0.02629,0.00375,-0.0691
fx2,500000,0.0,4.5,0.5647,0.02597,0.0031,-0.0704
fx2,500000,0.0,5.0,0.6332,0.0243,0.00104,-0.0723
fx2,500000,0.0,5.5,0.6866,0.02367,-0.0005,-0.0723
fx2,500000,0.0,6.0,0.7125,0.02484,-0.00045,-0.0691
fx2,500000,0.0,6.5,0.7517,0.02477,-0.00167,-0.0674
fx2,500000,0.0,7.0,0.8208,0.02296,-0.00452,-0.0698
fx2,500000,0.0,7.5,0.8483,0.0231,-0.00648,-0.0656
fx2,500000,0.0,8.0,0.8566,0.02512,-0.00665,-0.0597
fx2,500000,0.0,8.5,0.8467,0.02859,-0.00537,-0.0521
fx2,500000,0.0,9.0,0.8294,0.03299,-0.00319,-0.0444
fx2,500000,0.0,9.5,0.8527,0.03487,-0.00332,-0.0419
fx2,500000,0.0,10.0,0.8789,0.03667,-0.00353,-0.0399
fx2,500000,0.0,10.5,0.9165,0.03783,-0.00421,-0.0392
fx2,500000,0.0,11.0,0.9549,0.03893,-0.00504,-0.0389
fx2,500000,0.0,11.5,0.9834,0.04078,-0.00538,-0.0375
fx2,1000000,0.0,-5.0,-0.0134,0.01186,-0.01012,-0.1261
fx2,1000000,0.0,-4.5,0.0156,0.01035,-0.00983,-0.1242
fx2,1000000,0.0,-4.0,0.0533,0.00843,-0.00962,-0.1243
fx2,1000000,0.0,-3.5,0.1078,0.0081,-0.00874,-0.1258
fx2,1000000,0.0,-3.0,0.1645,0.00806,-0.00801,-0.1276
fx2,1000000,0.0,-2.5,0.2203,0.00805,-0.00737,-0.1291
fx2,1000000,0.0,-2.0,0.2745,0.00805,-0.00681,-0.1303
fx2,1000000,0.0,-1.5,0.3276,0.00811,-0.00633,-0.1314
fx2,1000000,0.0,-1.0,0.3788,0.00822,-0.00589,-0.132
fx2,1000000,0.0,-0.5,0.4315,0.00829,-0.00561,-0.1329
fx2,1000000,0.0,0.0,0.472,0.00872,-0.00512,-0.1313
fx2,1000000,0.0,0.5,0.4895,0.00966,-0.00451,-0.125
fx2,1000000,0.0,1.0,0.5109,0.01065,-0.00401,-0.1197
fx2,1000000,0.0,2.0,0.5171,0.01479,-0.00252,-0.103
fx2,1000000,0.0,2.5,0.5862,0.01388,-0.00322,-0.1065
fx2,1000000,0.0,3.0,0.6365,0.01393,-0.00352,-0.1069
fx2,1000000,0.0,3.5,0.681,0.01436,-0.00368,-0.1063
fx2,1000000,0.0,4.0,0.739,0.01403,-0.0044,-0.108
fx2,1000000,0.0,4.5,0.715,0.01657,-0.00356,-0.0954
fx2,1000000,0.0,5.0,0.7453,0.01682,-0.00436,-0.0919
fx2,1000000,0.0,5.5,0.7736,0.01758,-0.00483,-0.0883
fx2,1000000,0.0,6.0,0.7971,0.0184,-0.00552,-0.0834
fx2,1000000,0.0,6.5,0.8013,0.02015,-0.00594,-0.0754
fx2,1000000,0.0,7.0,0.7957,0.02228,-0.00583,-0.0671
fx2,1000000,0.0,7.5,0.8047,0.02424,-0.0057,-0.0616
fx2,1000000,0.0,8.0,0.8154,0.02653,-0.00529,-0.0568
fx2,1000000,0.0,8.5,0.7967,0.03112,-0.00264,-0.0487
fx2,1000000,0.0,9.0,0.8306,0.03234,-0.00311,-0.0474
fx2,1000000,0.0,9.5,0.8713,0.03321,-0.00389,-0.0469
fx2,1000000,0.0,10.0,0.912,0.0341,-0.00474,-0.0466
fx2,1000000,0.0,10.5,0.9453,0.03545,-0.00534,-0.0453
fx2,1000000,0.0,11.0,0.982,0.03665,-0.00609,-0.0446
fx2,1000000,0.0,11.5,1.022,0.03766,-0.00714,-0.0442
goe256,50000,0.0,-5.0,-0.4725,0.11409,0.08528,0.0093
goe256,50000,0.0,-3.5,-0.3905,0.09521,0.06866,-0.0004
goe256,50000,0.0,-3.0,-0.3615,0.08813,0.06481,0.003
goe256,50000,0.0,-2.0,-0.1781,0.05933,0.03048,-0.052
goe256,50000,0.0,-1.5,-0.139,0.05663,0.02752,-0.0509
goe256,50000,0.0,-1.0,-0.0734,0.05368,0.02654,-0.055
goe256,50000,0.0,-0.5,0.0326,0.05338,0.02523,-0.0636
goe256,50000,0.0,0.0,0.1202,0.05358,0.0235,-0.0687
goe256,50000,0.0,0.5,0.1284,0.05153,0.02451,-0.0626
goe256,50000,0.0,1.0,0.229,0.04971,0.02426,-0.0676
goe256,50000,0.0,1.5,0.3311,0.05039,0.02369,-0.0733
goe256,50000,0.0,2.0,0.3471,0.05471,0.02614,-0.07
goe256,50000,0.0,2.5,0.335,0.05794,0.03006,-0.0645
goe256,50000,0.0,3.0,0.341,0.0615,0.0335,-0.0614
goe256,50000,0.0,3.5,0.3544,0.06504,0.03661,-0.0592
goe256,50000,0.0,4.0,0.3737,0.06824,0.03953,-0.0575
goe256,50000,0.0,4.5,0.4076,0.07091,0.04189,-0.0568
goe256,50000,0.0,5.0,0.4749,0.07267,0.04291,-0.0586
goe256,50000,0.0,5.5,0.564,0.07639,0.04248,-0.0617
goe256,50000,0.0,6.0,0.5264,0.08261,0.04927,-0.0568
goe256,50000,0.0,6.5,0.5247,0.09008,0.05587,-0.0563
goe256,50000,0.0,7.5,0.5001,0.13224,0.07926,-0.0656
goe256,50000,0.0,8.0,0.5185,0.13553,0.08342,-0.0652
goe256,50000,0.0,8.5,0.5213,0.13303,0.08637,-0.0621
goe256,50000,0.0,9.0,0.4975,0.11773,0.08492,-0.0526
goe256,50000,0.0,9.5,0.5733,0.12358,0.08856,-0.0562
goe256,50000,0.0,10.0,0.6554,0.15452,0.09555,-0.0641
goe256,50000,0.0,10.5,0.6574,0.15742,0.10225,-0.0638
goe256,50000,0.0,11.0,0.6054,0.13521,0.10188,-0.053
goe256,50000,0.0,11.5,0.6645,0.13748,0.10144,-0.0511
goe256,50000,0.0,12.0,0.7312,0.13692,0.09974,-0.0491
goe256,50000,0.0,12.5,0.7786,0.14547,0.10049,-0.048
goe256,50000,0.0,13.0,0.764,0.15196,0.11174,-0.05
goe256,50000,0.0,13.5,0.764,0.16153,0.12246,-0.0525
goe256,50000,0.0,14.5,0.6045,0.19645,0.11416,-0.0384
goe256,50000,0.0,15.0,0.813,0.2105,0.15562,-0.0637
goe256,100000,0.0,-5.0,-0.2424,0.07822,0.05411,-0.0613
goe256,100000,0.0,-4.5,-0.2113,0.08001,0.04751,-0.0622
goe256,100000,0.0,-4.0,-0.1994,0.06552,0.04131,-0.065
goe256,100000,0.0,-3.5,-0.1397,0.06103,0.03762,-0.0673
goe256,100000,0.0,-2.5,0.0084,0.04036,0.0132,-0.0774
goe256,100000,0.0,-2.0,0.0404,0.0398,0.01255,-0.0736
goe256,100000,0.0,-1.5,0.0803,0.03653,0.01116,-0.0713
goe256,100000,0.0,-1.0,0.1328,0.03495,0.01069,-0.0708
goe256,100000,0.0,-0.5,0.2074,0.03208,0.00869,-0.0726
goe256,100000,0.0,0.0,0.2943,0.02926,0.00646,-0.0754
goe256,100000,0.0,0.5,0.5104,0.02589,0.00573,-0.1025
goe256,100000,0.0,1.0,0.5597,0.02653,0.00533,-0.101
goe256,100000,0.0,1.5,0.5708,0.02652,0.0056,-0.0929
goe256,100000,0.0,2.0,0.616,0.02587,0.00504,-0.0902
goe256,100000,0.0,2.5,0.6957,0.02427,0.00353,-0.0929
goe256,100000,0.0,3.0,0.7879,0.02325,0.00211,-0.0984
goe256,100000,0.0,3.5,0.7964,0.02501,0.00331,-0.0909
goe256,100000,0.0,4.0,0.797,0.02685,0.00469,-0.0822
goe256,100000,0.0,4.5,0.7962,0.02905,0.00629,-0.0739
goe256,100000,0.0,5.0,0.8127,0.03109,0.00773,-0.0689
goe256,100000,0.0,5.5,0.8461,0.03241,0.00848,-0.0663
goe256,100000,0.0,6.0,0.8928,0.03308,0.00854,-0.0651
goe256,100000,0.0,6.5,0.8402,0.04325,0.01529,-0.056
goe256,100000,0.0,7.0,0.8305,0.04794,0.01969,-0.0515
goe256,100000,0.0,7.5,0.8217,0.05431,0.0254,-0.0486
goe256,100000,0.0,8.0,0.8502,0.05624,0.02657,-0.0465
goe256,100000,0.0,8.5,0.8647,0.06079,0.03007,-0.0449
goe256,100000,0.0,9.0,0.884,0.06491,0.03296,-0.0434
goe256,100000,0.0,9.5,0.9217,0.06657,0.03292,-0.0416
goe256,100000,0.0,10.0,0.8608,0.08517,0.04621,-0.0408
goe256,100000,0.0,10.5,0.8567,0.09105,0.05166,-0.0399
goe256,100000,0.0,11.0,0.8704,0.09374,0.05563,-0.0396
goe256,100000,0.0,11.5,0.8661,0.09882,0.06157,-0.0392
goe256,100000,0.0,12.0,0.9059,0.09847,0.06048,-0.0373
goe256,100000,0.0,12.5,0.9775,0.09357,0.0539,-0.0342
goe256,100000,0.0,13.0,1.2905,0.05163,0.00928,-0.0289
goe256,100000,0.0,13.5,1.2896,0.05648,0.01242,-0.0271
goe256,100000,0.0,14.0,1.2946,0.06087,0.01498,-0.0258
goe256,100000,0.0,15.0,1.2872,0.07143,0.02113,-0.0233
goe256,200000,0.0,-4.5,-0.0591,0.03424,0.00776,-0.0932
goe256,200000,0.0,-4.0,-0.0178,0.03211,0.00579,-0.0907
goe256,200000,0.0,-3.5,0.0221,0.02799,0.00259,-0.0879
goe256,200000,0.0,-3.0,0.0694,0.02424,0.00039,-0.0862
goe256,200000,0.0,-2.5,0.1223,0.0233,0.00014,-0.0852
goe256,200000,0.0,-2.0,0.1837,0.02138,-0.00095,-0.0856
goe256,200000,0.0,-1.5,0.2476,0.01986,-0.00171,-0.0866
goe256,200000,0.0,-1.0,0.3119,0.01816,-0.0027,-0.0876
goe256,200000,0.0,-0.5,0.3796,0.01722,-0.00321,-0.0895
goe256,200000,0.0,0.0,0.4272,0.01697,-0.00322,-0.0885
goe256,200000,0.0,0.5,0.6201,0.01482,-0.00234,-0.1144
goe256,200000,0.0,1.0,0.7072,0.01424,-0.0026,-0.1207
goe256,200000,0.0,1.5,0.7523,0.01384,-0.00306,-0.1185
goe256,200000,0.0,2.0,0.8064,0.01329,-0.00391,-0.1177
goe256,200000,0.0,2.5,0.8497,0.01339,-0.00423,-0.1154
goe256,200000,0.0,3.0,0.892,0.0136,-0.00456,-0.1129
goe256,200000,0.0,3.5,0.94,0.01446,-0.00438,-0.112
goe256,200000,0.0,4.0,0.9786,0.0149,-0.00419,-0.1092
goe256,200000,0.0,4.5,1.0158,0.01544,-0.00396,-0.1062
goe256,200000,0.0,5.0,1.0507,0.01606,-0.00371,-0.1028
goe256,200000,0.0,5.5,1.083,0.01673,-0.00347,-0.0989
goe256,200000,0.0,6.0,1.1109,0.01723,-0.00355,-0.0939
goe256,200000,0.0,6.5,1.1342,0.01767,-0.00391,-0.088
goe256,200000,0.0,7.0,1.1533,0.01839,-0.004,-0.0815
goe256,200000,0.0,7.5,1.1891,0.01969,-0.00359,-0.0788
goe256,200000,0.0,8.0,1.2132,0.02102,-0.00318,-0.0741
goe256,200000,0.0,8.5,1.2385,0.02148,-0.00343,-0.0694
goe256,200000,0.0,9.0,1.2594,0.02233,-0.00348,-0.0644
goe256,200000,0.0,9.5,1.2804,0.02354,-0.00333,-0.06
goe256,200000,0.0,10.0,1.3023,0.0235,-0.00537,-0.055
goe256,200000,0.0,10.5,1.3241,0.02514,-0.00536,-0.0513
goe256,200000,0.0,11.0,1.3511,0.02656,-0.00532,-0.0488
goe256,200000,0.0,11.5,1.3719,0.0285,-0.005,-0.0458
goe256,200000,0.0,12.5,1.3338,0.03848,-8e-05,-0.0346
goe256,200000,0.0,13.0,1.3174,0.04455,0.00372,-0.0312
goe256,200000,0.0,13.5,1.3309,0.04802,0.00532,-0.0294
goe256,200000,0.0,14.0,1.3249,0.0538,0.00902,-0.0275
goe256,200000,0.0,15.0,1.2738,0.07117,0.02214,-0.0255
goe256,500000,0.0,-5.0,-0.0269,0.01605,-0.00685,-0.1019
goe256,500000,0.0,-4.5,0.0209,0.01361,-0.00899,-0.1004
goe256,500000,0.0,-4.0,0.0696,0.01246,-0.00964,-0.0991
goe256,500000,0.0,-3.5,0.1223,0.01231,-0.00911,-0.0988
goe256,500000,0.0,-3.0,0.1755,0.01262,-0.0083,-0.0988
goe256,500000,0.0,-2.5,0.2219,0.01202,-0.00828,-0.0973
goe256,500000,0.0,-2.0,0.2787,0.01179,-0.00794,-0.0977
goe256,500000,0.0,-1.5,0.333,0.0113,-0.00792,-0.0975
goe256,500000,0.0,-1.0,0.3869,0.01089,-0.00789,-0.0972
goe256,500000,0.0,-0.5,0.4402,0.01056,-0.00783,-0.0968
goe256,500000,0.0,0.0,0.493,0.01031,-0.00778,-0.0963
goe256,500000,0.0,0.5,0.5456,0.01006,-0.00784,-0.0958
goe256,500000,0.0,1.0,0.5803,0.00879,-0.00804,-0.0921
goe256,500000,0.0,1.5,0.634,0.00843,-0.00736,-0.0908
goe256,500000,0.0,2.0,0.7195,0.00911,-0.00695,-0.0976
goe256,500000,0.0,2.5,0.82,0.00954,-0.0065,-0.1078
goe256,500000,0.0,3.0,0.8869,0.01013,-0.00622,-0.1109
goe256,500000,0.0,3.5,0.9573,0.01087,-0.00579,-0.1149
goe256,500000,0.0,4.0,1.0007,0.0113,-0.00566,-0.1131
goe256,500000,0.0,5.5,1.1265,0.01186,-0.00611,-0.1064
goe256,500000,0.0,6.0,1.1654,0.01208,-0.00629,-0.1036
goe256,500000,0.0,6.5,1.2004,0.01231,-0.00651,-0.0999
goe256,500000,0.0,7.0,1.2254,0.01255,-0.00679,-0.0942
goe256,500000,0.0,7.5,1.2359,0.01277,-0.00717,-0.0856
goe256,500000,0.0,8.0,1.2573,0.01322,-0.00753,-0.0796
goe256,500000,0.0,8.5,1.2596,0.01465,-0.00749,-0.071
goe256,500000,0.0,9.0,1.2725,0.01625,-0.00719,-0.0652
goe256,500000,0.0,9.5,1.3106,0.01706,-0.00736,-0.0634
goe256,500000,0.0,10.0,1.2979,0.02069,-0.00635,-0.0552
goe256,500000,0.0,10.5,1.2882,0.02479,-0.00438,-0.049
goe256,500000,0.0,11.0,1.293,0.02825,-0.00276,-0.0449
goe256,500000,0.0,11.5,1.3147,0.03064,-0.00192,-0.0425
goe256,500000,0.0,12.5,1.2823,0.04261,0.00563,-0.0346
goe256,500000,0.0,13.0,1.3016,0.04555,0.00688,-0.0329
goe256,500000,0.0,13.5,1.3262,0.04815,0.00783,-0.0318
goe256,500000,0.0,14.0,1.3422,0.05176,0.00963,-0.0307
goe256,500000,0.0,14.5,1.3248,0.05983,0.01563,-0.03
goe256,500000,0.0,15.0,1.3347,0.06426,0.01806,-0.0291
goe256,1000000,0.0,-5.0,0.0035,0.02182,0.00089,-0.1078
goe256,1000000,0.0,-4.5,0.0673,0.02393,0.00227,-0.1092
goe256,1000000,0.0,-3.5,0.1243,0.00273,-0.01311,-0.0967
goe256,1000000,0.0,-3.0,0.1783,0.00263,-0.01268,-0.0967
goe256,1000000,0.0,-2.5,0.2321,0.00253,-0.01233,-0.0967
goe256,1000000,0.0,-2.0,0.2856,0.00244,-0.01195,-0.0966
goe256,1000000,0.0,-1.5,0.3396,0.00238,-0.01165,-0.0966
goe256,1000000,0.0,-1.0,0.3931,0.00234,-0.01143,-0.0965
goe256,1000000,0.0,-0.5,0.4393,0.00237,-0.01137,-0.0947
goe256,1000000,0.0,0.0,0.4864,0.00243,-0.01125,-0.0933
goe256,1000000,0.0,1.0,0.5774,0.00255,-0.01106,-0.09
goe256,1000000,0.0,1.5,0.6237,0.00256,-0.01098,-0.0886
goe256,1000000,0.0,2.0,0.6603,0.0024,-0.01077,-0.0857
goe256,1000000,0.0,2.5,0.687,0.00199,-0.01034,-0.0804
goe256,1000000,0.0,3.0,0.7344,0.00203,-0.0102,-0.0784
goe256,1000000,0.0,3.5,0.8311,0.0021,-0.01004,-0.0879
goe256,1000000,0.0,4.0,0.911,0.00214,-0.0101,-0.0939
goe256,1000000,0.0,4.5,0.9876,0.00218,-0.01029,-0.0992
goe256,1000000,0.0,5.0,1.0664,0.00222,-0.01051,-0.105
goe256,1000000,0.0,5.5,1.1266,0.00228,-0.01085,-0.1069
goe256,1000000,0.0,6.0,1.1772,0.0024,-0.01125,-0.1068
goe256,1000000,0.0,6.5,1.1939,0.00263,-0.01163,-0.0998
goe256,1000000,0.0,7.0,1.1902,0.00279,-0.01203,-0.0884
goe256,1000000,0.0,7.5,1.1984,0.00294,-0.01253,-0.0798
goe256,1000000,0.0,8.0,1.2082,0.00314,-0.01306,-0.072
goe256,1000000,0.0,8.5,1.2375,0.00337,-0.01364,-0.0684
goe256,1000000,0.0,9.0,1.2493,0.00392,-0.01411,-0.0627
goe256,1000000,0.0,9.5,1.243,0.00547,-0.01435,-0.0549
goe256,1000000,0.0,10.0,1.2167,0.00856,-0.01352,-0.0458
goe256,1000000,0.0,10.5,1.1963,0.01248,-0.0122,-0.0389
goe256,1000000,0.0,11.0,1.1809,0.01725,-0.01044,-0.0332
goe256,1000000,0.0,12.0,1.1698,0.02762,-0.00674,-0.0261
goe256,1000000,0.0,12.5,1.1925,0.03052,-0.00653,-0.0244
goe256,1000000,0.0,13.0,1.2137,0.03357,-0.00632,-0.0227
goe256,1000000,0.0,13.5,1.2324,0.03716,-0.00582,-0.0212
goe256,1000000,0.0,14.0,1.1956,0.04835,-0.00047,-0.0187
goe256,1000000,0.0,14.5,1.211,0.05236,0.00016,-0.0174
goe256,1000000,0.0,15.0,1.227,0.05635,0.00082,-0.0162
s2050,50000,0.0,-5.0,-0.4297,0.02847,0.00716,-0.0377
s2050,50000,0.0,-4.5,-0.3929,0.02633,0.00756,-0.0366
s2050,50000,0.0,-4.0,-0.347,0.0223,0.0046,-0.034
s2050,50000,0.0,-3.5,-0.3028,0.01897,0.00272,-0.031
s2050,50000,0.0,-3.0,-0.2941,0.01837,0.00375,-0.0154
s2050,50000,0.0,-2.5,-0.2829,0.01839,0.00368,0.0
s2050,50000,0.0,-2.0,-0.0667,0.01794,0.00291,-0.0282
s2050,50000,0.0,-1.5,-0.0634,0.01731,0.00242,-0.0222
s2050,50000,0.0,-1.0,-0.0659,0.01686,0.00208,-0.0152
s2050,50000,0.0,-0.5,-0.0448,0.01677,0.00201,-0.0122
s2050,50000,0.0,0.0,-0.0052,0.01708,0.00227,-0.0124
s2050,50000,0.0,0.5,0.0376,0.01767,0.00281,-0.0132
s2050,50000,0.0,1.0,0.0797,0.01855,0.00362,-0.0142
s2050,50000,0.0,1.5,0.1196,0.01975,0.00473,-0.0153
s2050,50000,0.0,2.0,0.1833,0.02164,0.00653,-0.0214
s2050,50000,0.0,2.5,0.3066,0.02352,0.00852,-0.0367
s2050,50000,0.0,3.0,0.4204,0.02428,0.00941,-0.0475
s2050,50000,0.0,3.5,0.5331,0.02384,0.00914,-0.0547
s2050,50000,0.0,4.0,0.6297,0.02265,0.00787,-0.056
s2050,50000,0.0,4.5,0.6847,0.02263,0.00753,-0.0517
s2050,50000,0.0,5.0,0.735,0.02288,0.00703,-0.0462
s2050,50000,0.0,5.5,0.7792,0.02408,0.0067,-0.0408
s2050,50000,0.0,6.0,0.8157,0.02621,0.00768,-0.036
s2050,50000,0.0,6.5,0.855,0.02974,0.00968,-0.0323
s2050,50000,0.0,7.0,0.8952,0.03461,0.01211,-0.0298
s2050,50000,0.0,7.5,0.9355,0.03969,0.01663,-0.027
s2050,50000,0.0,8.0,0.9646,0.04522,0.02035,-0.024
s2050,50000,0.0,8.5,0.9722,0.05451,0.0289,-0.0204
s2050,50000,0.0,9.0,0.962,0.06455,0.03883,-0.018
s2050,50000,0.0,9.5,0.9282,0.07527,0.04958,-0.0176
s2050,50000,0.0,10.0,0.8835,0.08752,0.06182,-0.0221
s2050,50000,0.0,10.5,0.853,0.10289,0.07638,-0.0307
s2050,50000,0.0,11.0,0.7572,0.13926,0.12025,-0.0681
s2050,50000,0.0,11.5,0.7946,0.14784,0.12652,-0.0632
s2050,50000,0.0,12.0,0.8368,0.17061,0.13699,-0.0621
s2050,50000,0.0,12.5,0.803,0.17058,0.1475,-0.0697
s2050,50000,0.0,13.0,0.7874,0.1731,0.15749,-0.0753
s2050,50000,0.0,13.5,0.807,0.18218,0.16729,-0.0766
s2050,50000,0.0,14.0,0.8613,0.2085,0.17761,-0.0738
s2050,50000,0.0,14.5,0.8414,0.20698,0.18915,-0.0813
s2050,50000,0.0,15.0,0.8294,0.20575,0.20062,-0.0879
s2050,100000,0.0,-5.0,-0.4282,0.02157,0.00219,-0.0361
s2050,100000,0.0,-4.5,-0.382,0.0181,0.00042,-0.0343
s2050,100000,0.0,-4.0,-0.3334,0.01559,-0.0001,-0.0337
s2050,100000,0.0,-3.5,-0.2853,0.01423,-0.00011,-0.0333
s2050,100000,0.0,-3.0,-0.2483,0.0127,0.00065,-0.0292
s2050,100000,0.0,-2.5,-0.2161,0.01295,0.00125,-0.0226
s2050,100000,0.0,-2.0,-0.1933,0.01312,0.00158,-0.0142
s2050,100000,0.0,-1.5,-0.1714,0.01305,0.00157,-0.0065
s2050,100000,0.0,-1.0,-0.1164,0.01297,0.00149,-0.006
s2050,100000,0.0,-0.5,-0.0576,0.01298,0.00169,-0.0102
s2050,100000,0.0,0.0,0.0097,0.01354,0.00228,-0.0159
s2050,100000,0.0,0.5,0.1149,0.01416,0.00298,-0.0273
s2050,100000,0.0,1.0,0.2151,0.01432,0.00329,-0.0367
s2050,100000,0.0,1.5,0.3161,0.01403,0.0032,-0.0452
s2050,100000,0.0,2.0,0.4096,0.01347,0.00273,-0.0512
s2050,100000,0.0,2.5,0.486,0.01305,0.00222,-0.0536
s2050,100000,0.0,3.0,0.544,0.01304,0.00195,-0.0527
s2050,100000,0.0,3.5,0.5999,0.01332,0.00165,-0.0512
s2050,100000,0.0,4.0,0.6477,0.01372,0.00157,-0.0487
s2050,100000,0.0,4.5,0.6955,0.01439,0.00144,-0.0463
s2050,100000,0.0,5.0,0.7397,0.01537,0.00147,-0.0435
s2050,100000,0.0,5.5,0.7816,0.01664,0.00164,-0.0409
s2050,100000,0.0,6.0,0.8201,0.01893,0.00238,-0.0382
s2050,100000,0.0,6.5,0.8599,0.02181,0.00378,-0.0358
s2050,100000,0.0,7.0,0.9049,0.02553,0.00612,-0.0338
s2050,100000,0.0,7.5,0.9441,0.02845,0.00755,-0.0315
s2050,100000,0.0,8.0,0.979,0.03633,0.01279,-0.0283
s2050,100000,0.0,8.5,1.0039,0.04425,0.0196,-0.0248
s2050,100000,0.0,9.0,1.0087,0.05341,0.02786,-0.0211
s2050,100000,0.0,9.5,0.9916,0.0636,0.03702,-0.0182
s2050,100000,0.0,10.0,0.9716,0.0741,0.04595,-0.0165
s2050,100000,0.0,10.5,0.9359,0.08156,0.056,-0.0184
s2050,100000,0.0,11.0,0.8395,0.1135,0.09194,-0.0449
s2050,100000,0.0,11.5,0.8185,0.13605,0.11559,-0.0557
s2050,100000,0.0,12.0,0.8303,0.14616,0.12428,-0.0571
s2050,100000,0.0,12.5,0.8294,0.16347,0.13449,-0.06
s2050,100000,0.0,13.0,0.8291,0.17167,0.14719,-0.0662
s2050,100000,0.0,13.5,0.8158,0.1761,0.16231,-0.076
s2050,100000,0.0,14.0,0.823,0.18394,0.17347,-0.0802
s2050,100000,0.0,14.5,0.8381,0.19183,0.18329,-0.0826
s2050,100000,0.0,15.0,0.8717,0.20353,0.18951,-0.0801
s2050,200000,0.0,-5.0,-0.4311,0.01701,3e-05,-0.0347
s2050,200000,0.0,-4.5,-0.3819,0.0145,-0.00118,-0.0336
s2050,200000,0.0,-4.0,-0.3304,0.0131,-0.00154,-0.0327
s2050,200000,0.0,-3.5,-0.2791,0.01186,-0.0014,-0.0328
s2050,200000,0.0,-3.0,-0.2284,0.01128,-0.00122,-0.0326
s2050,200000,0.0,-2.5,-0.1778,0.00955,-0.0007,-0.0332
s2050,200000,0.0,-2.0,-0.1395,0.0097,0.00018,-0.0292
s2050,200000,0.0,-1.5,-0.0692,0.01006,0.00077,-0.0321
s2050,200000,0.0,-1.0,0.0087,0.0102,0.0012,-0.036
s2050,200000,0.0,-0.5,0.0818,0.01005,0.00131,-0.0386
s2050,200000,0.0,0.0,0.1533,0.00975,0.00122,-0.0406
s2050,200000,0.0,0.5,0.2146,0.00933,0.00093,-0.0402
s2050,200000,0.0,1.0,0.2804,0.00893,0.00058,-0.0409
s2050,200000,0.0,1.5,0.3567,0.00871,0.00025,-0.0442
s2050,200000,0.0,2.0,0.4323,0.00869,1e-05,-0.048
s2050,200000,0.0,2.5,0.5067,0.00882,-0.00021,-0.0519
s2050,200000,0.0,3.0,0.547,0.00918,-0.00031,-0.0493
s2050,200000,0.0,3.5,0.5974,0.0096,-0.00037,-0.0486
s2050,200000,0.0,4.0,0.6478,0.01023,-0.00044,-0.0477
s2050,200000,0.0,4.5,0.6978,0.01094,-0.00042,-0.0468
s2050,200000,0.0,5.0,0.7451,0.01198,-0.00031,-0.0455
s2050,200000,0.0,5.5,0.7912,0.01324,-0.0001,-0.0443
s2050,200000,0.0,6.0,0.8361,0.01487,0.00046,-0.043
s2050,200000,0.0,6.5,0.8793,0.01698,0.00146,-0.0412
s2050,200000,0.0,7.0,0.9206,0.01955,0.00272,-0.0391
s2050,200000,0.0,7.5,0.9584,0.02397,0.00481,-0.0358
s2050,200000,0.0,8.0,0.9993,0.0294,0.0086,-0.0331
s2050,200000,0.0,8.5,1.0295,0.03657,0.01431,-0.0297
s2050,200000,0.0,9.0,1.0385,0.04584,0.02209,-0.0256
s2050,500000,0.0,-5.0,-0.4375,0.01279,-0.00129,-0.0334
s2050,500000,0.0,-4.5,-0.3846,0.01101,-0.00204,-0.0327
s2050,500000,0.0,-4.0,-0.315,0.01033,-0.00193,-0.0356
s2050,500000,0.0,-3.5,-0.2377,0.00989,-0.00163,-0.0401
s2050,500000,0.0,-3.0,-0.1637,0.00901,-0.00156,-0.0445
s2050,500000,0.0,-2.5,-0.088,0.00833,-0.00143,-0.0492
s2050,500000,0.0,-2.0,-0.0226,0.0063,-0.00121,-0.0525
s2050,500000,0.0,-1.5,0.0498,0.00605,-0.00111,-0.0556
s2050,500000,0.0,-1.0,0.121,0.00586,-0.0011,-0.0584
s2050,500000,0.0,-0.5,0.1865,0.00575,-0.00106,-0.0598
s2050,500000,0.0,0.0,0.2453,0.00581,-0.00107,-0.0598
s2050,500000,0.0,0.5,0.298,0.006,-0.00102,-0.0586
s2050,500000,0.0,1.0,0.351,0.00622,-0.00098,-0.0576
s2050,500000,0.0,1.5,0.4019,0.00637,-0.00096,-0.0562
s2050,500000,0.0,2.0,0.4541,0.00665,-0.00098,-0.0553
s2050,500000,0.0,2.5,0.5042,0.00691,-0.00102,-0.0539
s2050,500000,0.0,3.0,0.554,0.00733,-0.00104,-0.0526
s2050,500000,0.0,3.5,0.5989,0.00789,-0.00108,-0.0504
s2050,500000,0.0,4.0,0.642,0.00851,-0.00112,-0.0479
s2050,500000,0.0,4.5,0.7007,0.00922,-0.00111,-0.0492
s2050,500000,0.0,5.0,0.7573,0.00965,-0.00102,-0.0496
s2050,500000,0.0,5.5,0.8088,0.01059,-0.00083,-0.0493
s2050,500000,0.0,6.0,0.8584,0.01173,-0.00049,-0.0487
s2050,500000,0.0,6.5,0.908,0.01286,-9e-05,-0.0479
s2050,500000,0.0,7.5,0.9989,0.01631,0.00105,-0.0448
s2050,500000,0.0,8.0,1.0372,0.01932,0.00282,-0.0417
s2050,500000,0.0,8.5,1.0776,0.022,0.00451,-0.0395
s2050,500000,0.0,9.0,1.1158,0.025,0.00655,-0.0373
s2050,500000,0.0,9.5,1.1504,0.02809,0.00874,-0.0349
s2050,500000,0.0,10.0,1.1766,0.03192,0.01157,-0.032
s2050,500000,0.0,10.5,1.1814,0.038,0.01644,-0.0274
s2050,500000,0.0,11.0,1.1532,0.0452,0.0226,-0.0205
s2050,500000,0.0,11.5,1.115,0.05345,0.03013,-0.0181
s2050,500000,0.0,12.0,1.0798,0.06417,0.0404,-0.0226
s2050,500000,0.0,12.5,1.0498,0.0776,0.05382,-0.0319
s2050,500000,0.0,13.0,1.0237,0.09333,0.07016,-0.0432
s2050,500000,0.0,13.5,0.996,0.11169,0.09022,-0.0549
naca23024,50000,0.0,-5.0,-0.1427,0.09082,0.04449,-0.0104
naca23024,50000,0.0,-4.5,-0.171,0.08751,0.04104,-0.0063
naca23024,50000,0.0,-4.0,-0.2014,0.08453,0.03615,-0.0024
naca23024,50000,0.0,-3.5,0.0656,0.08358,0.03591,-0.0287
naca23024,50000,0.0,-3.0,-0.001,0.08297,0.03794,-0.0147
naca23024,50000,0.0,-2.5,-0.0147,0.0818,0.03735,-0.0091
naca23024,50000,0.0,-2.0,-0.0028,0.07916,0.03443,-0.0068
naca23024,50000,0.0,-1.5,-0.0019,0.0774,0.03042,-0.0025
naca23024,50000,0.0,-1.0,0.0086,0.07744,0.03213,0.0007
naca23024,50000,0.0,-0.5,0.0104,0.07977,0.03575,0.0048
naca23024,50000,0.0,0.0,0.0574,0.07998,0.03628,0.0044
naca23024,50000,0.0,0.5,0.0991,0.07764,0.03282,0.0069
naca23024,50000,0.0,1.0,0.1588,0.07858,0.03206,0.0057
naca23024,50000,0.0,1.5,0.1405,0.08239,0.03807,0.0078
naca23024,50000,0.0,2.0,0.1643,0.08516,0.0413,0.0069
naca23024,50000,0.0,2.5,0.2013,0.08559,0.04144,0.0074
naca23024,50000,0.0,3.0,0.2371,0.08555,0.0398,0.0108
naca23024,50000,0.0,3.5,0.2773,0.09199,0.04482,0.0046
naca23024,50000,0.0,4.0,0.2297,0.09681,0.05025,0.0089
naca23024,50000,0.0,4.5,0.2641,0.10139,0.05696,0.0003
naca23024,50000,0.0,5.0,0.3068,0.10692,0.06388,-0.0091
naca23024,50000,0.0,5.5,0.3131,0.11104,0.06849,-0.011
naca23024,50000,0.0,6.0,0.2936,0.11407,0.07131,-0.0078
naca23024,50000,0.0,6.5,0.2576,0.11912,0.07629,-0.0049
naca23024,50000,0.0,7.0,0.2762,0.14919,0.08693,-0.0115
naca23024,50000,0.0,7.5,0.261,0.15297,0.08999,-0.0083
naca23024,50000,0.0,8.0,0.2477,0.15508,0.09281,-0.0048
naca23024,50000,0.0,8.5,0.2233,0.15032,0.09471,0.0004
naca23024,50000,0.0,9.0,0.1804,0.13726,0.0939,0.0087
naca23024,50000,0.0,9.5,0.195,0.13954,0.09611,0.0113
naca23024,50000,0.0,10.0,0.2208,0.14335,0.09889,0.013
naca23024,50000,0.0,10.5,0.2636,0.15038,0.10241,0.0137
naca23024,50000,0.0,11.0,0.2875,0.18009,0.10863,0.012
naca23024,50000,0.0,11.5,0.2865,0.18491,0.11367,0.0134
naca23024,50000,0.0,12.0,0.2863,0.18888,0.11874,0.0147
naca23024,50000,0.0,12.5,0.2859,0.19027,0.12362,0.0161
naca23024,50000,0.0,13.0,0.276,0.18559,0.12763,0.0184
naca23024,50000,0.0,13.5,0.2437,0.17023,0.13009,0.022
naca23024,50000,0.0,14.0,0.2525,0.17156,0.13437,0.0231
naca23024,50000,0.0,14.5,0.2751,0.17524,0.13886,0.0238
naca23024,50000,0.0,15.0,0.3148,0.18198,0.1436,0.0241
naca23024,100000,0.0,-5.0,-0.3152,0.03949,0.00221,-0.0211
naca23024,100000,0.0,-4.5,-0.4485,0.03564,0.00057,0.0066
naca23024,100000,0.0,-4.0,-0.3405,0.03532,0.00105,-0.0011
naca23024,100000,0.0,-3.5,-0.1725,0.03566,0.00169,-0.0154
naca23024,100000,0.0,-3.0,-0.098,0.03401,0.0007,-0.0178
naca23024,100000,0.0,-2.5,-0.1413,0.03396,0.00047,-0.0031
naca23024,100000,0.0,-2.0,-0.2977,0.03411,7e-05,0.0306
naca23024,100000,0.0,-1.5,-0.0864,0.03259,0.00021,0.0067
naca23024,100000,0.0,-1.0,0.1524,0.03265,0.00021,-0.0186
naca23024,100000,0.0,-0.5,0.2894,0.03364,0.00015,-0.0316
naca23024,100000,0.0,0.0,0.1501,0.03281,3e-05,0.0001
naca23024,100000,0.0,0.5,0.1628,0.03232,8e-05,0.0067
naca23024,100000,0.0,1.0,0.2976,0.03315,0.00054,-0.0041
naca23024,100000,0.0,1.5,0.4725,0.03392,0.00035,-0.0225
naca23024,100000,0.0,2.0,0.4516,0.03578,0.00143,-0.0104
naca23024,100000,0.0,2.5,0.3681,0.03644,0.00132,0.0121
naca23024,100000,0.0,3.0,0.4119,0.03646,0.00179,0.0135
naca23024,100000,0.0,3.5,0.5437,0.03529,0.00076,0.0027
naca23024,100000,0.0,4.0,0.6279,0.03771,0.00175,-0.0032
naca23024,100000,0.0,4.5,0.6288,0.03906,0.00252,0.0045
naca23024,100000,0.0,5.0,0.5447,0.04149,0.00329,0.0253
naca23024,100000,0.0,5.5,0.5729,0.04486,0.00608,0.0243
naca23024,100000,0.0,6.0,0.5271,0.05187,0.01118,0.0303
naca23024,100000,0.0,6.5,0.517,0.05818,0.01642,0.0305
naca23024,100000,0.0,7.0,0.6351,0.05499,0.01417,0.0227
naca23024,100000,0.0,7.5,0.6901,0.05721,0.01591,0.0184
naca23024,100000,0.0,8.0,0.5352,0.08257,0.0389,0.0153
naca23024,100000,0.0,8.5,0.5261,0.08469,0.04083,0.0192
naca23024,100000,0.0,9.0,0.5262,0.08648,0.04204,0.023
naca23024,100000,0.0,9.5,0.5145,0.09083,0.04561,0.0261
naca23024,100000,0.0,10.0,0.4973,0.0973,0.05106,0.0282
naca23024,100000,0.0,10.5,0.4588,0.10844,0.06152,0.0281
naca23024,100000,0.0,11.0,0.4471,0.11692,0.06764,0.0292
naca23024,100000,0.0,11.5,0.3796,0.12854,0.08193,0.0275
naca23024,100000,0.0,12.0,0.3429,0.13686,0.09252,0.0268
naca23024,100000,0.0,12.5,0.3349,0.14378,0.09968,0.0273
naca23024,100000,0.0,13.0,0.3813,0.15799,0.10305,0.0282
naca23024,100000,0.0,13.5,0.3769,0.16467,0.11015,0.0283
naca23024,100000,0.0,14.0,0.37,0.17042,0.11805,0.028
naca23024,100000,0.0,14.5,0.3132,0.16441,0.12769,0.0275
naca23024,100000,0.0,15.0,0.3422,0.16681,0.12955,0.029
naca23024,200000,0.0,-5.0,-0.3762,0.01846,-0.01062,-0.0126
naca23024,200000,0.0,-4.5,-0.3183,0.01778,-0.01062,-0.0123
naca23024,200000,0.0,-4.0,-0.2377,0.01722,-0.01063,-0.0165
naca23024,200000,0.0,-3.5,-0.2079,0.01728,-0.01029,-0.0114
naca23024,200000,0.0,-3.0,-0.1763,0.01665,-0.01057,-0.0067
naca23024,200000,0.0,-2.5,-0.1159,0.01625,-0.01059,-0.007
naca23024,200000,0.0,-2.0,-0.0498,0.01615,-0.01051,-0.0083
naca23024,200000,0.0,-1.5,-0.004,0.01643,-0.01012,-0.0063
naca23024,200000,0.0,-1.0,-0.018,0.01638,-0.01016,0.0081
naca23024,200000,0.0,-0.5,0.0532,0.01593,-0.01057,0.0049
naca23024,200000,0.0,0.0,0.1195,0.0161,-0.01048,0.0036
naca23024,200000,0.0,0.5,0.188,0.01696,-0.00983,0.0011
naca23024,200000,0.0,1.0,0.1939,0.01698,-0.00996,0.0113
naca23024,200000,0.0,1.5,0.2431,0.01689,-0.0102,0.0123
naca23024,200000,0.0,2.0,0.3193,0.01749,-0.01006,0.009
naca23024,200000,0.0,2.5,0.3751,0.01804,-0.01019,0.0097
naca23024,200000,0.0,3.0,0.4256,0.01925,-0.00968,0.0105
naca23024,200000,0.0,3.5,0.4413,0.01961,-0.00976,0.0183
naca23024,200000,0.0,4.0,0.4994,0.01974,-0.00994,0.0175
naca23024,200000,0.0,4.5,0.5555,0.02057,-0.0099,0.0175
naca23024,200000,0.0,5.0,0.6076,0.02148,-0.00993,0.0181
naca23024,200000,0.0,5.5,0.6317,0.02264,-0.00999,0.0235
naca23024,200000,0.0,6.0,0.616,0.02486,-0.00918,0.0353
naca23024,200000,0.0,6.5,0.6675,0.02554,-0.00914,0.0348
naca23024,200000,0.0,7.0,0.7249,0.02669,-0.00888,0.0327
naca23024,200000,0.0,7.5,0.7709,0.02791,-0.00874,0.0325
naca23024,200000,0.0,8.0,0.7663,0.02947,-0.00928,0.0417
naca23024,200000,0.0,8.5,0.8451,0.03008,-0.00925,0.0354
naca23024,200000,0.0,9.0,0.9126,0.03161,-0.0082,0.0299
naca23024,200000,0.0,9.5,0.9598,0.0326,-0.00784,0.0277
naca23024,200000,0.0,10.0,1.0027,0.03375,-0.0076,0.0262
naca23024,200000,0.0,10.5,1.0532,0.03541,-0.00696,0.0229
naca23024,200000,0.0,11.0,1.0466,0.03844,-0.00534,0.0286
naca23024,200000,0.0,11.5,1.03,0.04158,-0.00365,0.0347
naca23024,200000,0.0,12.0,1.0185,0.04434,-0.00228,0.0398
naca23024,200000,0.0,12.5,0.9858,0.04882,0.00044,0.0452
naca23024,200000,0.0,13.0,0.9527,0.05384,0.00375,0.0498
naca23024,200000,0.0,13.5,0.5218,0.11293,0.06467,0.0395
naca23024,200000,0.0,14.0,0.516,0.11732,0.06873,0.0409
naca23024,200000,0.0,14.5,0.5254,0.1199,0.07052,0.0424
naca23024,200000,0.0,15.0,0.5373,0.12262,0.07226,0.0436
goe802a,50000,0.0,-5.0,-0.2831,0.08449,0.06442,-0.0231
goe802a,50000,0.0,-4.5,-0.2553,0.07995,0.05951,-0.0273
goe802a,50000,0.0,-4.0,-0.2216,0.07601,0.05497,-0.0322
goe802a,50000,0.0,-3.5,-0.1836,0.0727,0.05085,-0.037
goe802a,50000,0.0,-2.5,0.0439,0.06419,0.03971,-0.0734
goe802a,50000,0.0,-2.0,0.0974,0.05978,0.03719,-0.0784
goe802a,50000,0.0,-1.5,0.2086,0.05687,0.03341,-0.093
goe802a,50000,0.0,-1.0,0.2352,0.05594,0.03261,-0.0915
goe802a,50000,0.0,-0.5,0.2986,0.05525,0.03106,-0.0955
goe802a,50000,0.0,0.0,0.4013,0.05186,0.02811,-0.1053
goe802a,50000,0.0,0.5,0.4973,0.05225,0.0257,-0.1128
goe802a,50000,0.0,1.0,0.5151,0.05143,0.02682,-0.1095
goe802a,50000,0.0,1.5,0.5703,0.05149,0.02667,-0.1107
goe802a,50000,0.0,2.0,0.6519,0.0497,0.02524,-0.1149
goe802a,50000,0.0,3.0,0.7393,0.05293,0.02737,-0.1156
goe802a,50000,0.0,3.5,0.7516,0.05586,0.03086,-0.1132
goe802a,50000,0.0,4.0,0.8004,0.05678,0.03199,-0.1131
goe802a,50000,0.0,4.5,0.879,0.05606,0.03077,-0.1144
goe802a,50000,0.0,6.0,0.8777,0.07574,0.04857,-0.1091
goe802a,50000,0.0,6.5,0.9016,0.07735,0.05098,-0.1066
goe802a,50000,0.0,7.0,0.9643,0.07808,0.05044,-0.1053
goe802a,50000,0.0,7.5,1.0285,0.08141,0.0493,-0.1035
goe802a,50000,0.0,8.0,0.9917,0.0911,0.05917,-0.1021
goe802a,50000,0.0,8.5,0.9597,0.09923,0.06919,-0.1015
goe802a,50000,0.0,9.0,0.9721,0.10399,0.07415,-0.1
goe802a,50000,0.0,9.5,1.0934,0.09771,0.06277,-0.0934
goe802a,50000,0.0,10.0,0.8832,0.12397,0.07428,-0.0821
goe802a,50000,0.0,10.5,0.8547,0.1345,0.08438,-0.0832
goe802a,50000,0.0,11.0,0.8376,0.14521,0.09363,-0.0844
goe802a,50000,0.0,11.5,0.8068,0.15219,0.10155,-0.0841
goe802a,50000,0.0,12.0,0.7913,0.16009,0.1094,-0.0846
goe802a,50000,0.0,13.0,1.0556,0.15694,0.12522,-0.0984
goe802a,50000,0.0,13.5,1.0404,0.16456,0.13951,-0.1028
goe802a,50000,0.0,14.0,1.0357,0.17348,0.15348,-0.1069
goe802a,50000,0.0,14.5,1.0366,0.18227,0.16746,-0.1111
goe802a,50000,0.0,15.0,1.0387,0.19177,0.18291,-0.1158
goe802a,100000,0.0,-5.0,-0.0822,0.07191,0.05078,-0.0656
goe802a,100000,0.0,-4.5,-0.0108,0.06707,0.04424,-0.0762
goe802a,100000,0.0,-4.0,0.0865,0.06281,0.03703,-0.0902
goe802a,100000,0.0,-3.5,0.1466,0.06048,0.03227,-0.0946
goe802a,100000,0.0,-3.0,0.176,0.05371,0.03002,-0.094
goe802a,100000,0.0,-2.5,0.2333,0.04723,0.02711,-0.0987
goe802a,100000,0.0,-2.0,0.3279,0.04269,0.02242,-0.1079
goe802a,100000,0.0,-1.0,0.4776,0.03767,0.01545,-0.1161
goe802a,100000,0.0,-0.5,0.5243,0.03429,0.01357,-0.116
goe802a,100000,0.0,0.0,0.5873,0.03186,0.01126,-0.1174
goe802a,100000,0.0,0.5,0.6572,0.02988,0.00878,-0.1189
goe802a,100000,0.0,1.0,0.7224,0.02942,0.00723,-0.1203
goe802a,100000,0.0,1.5,0.7699,0.02844,0.00645,-0.1191
goe802a,100000,0.0,2.0,0.8215,0.02733,0.00544,-0.1184
goe802a,100000,0.0,2.5,0.88,0.02587,0.00411,-0.1182
goe802a,100000,0.0,3.0,0.9405,0.02525,0.00321,-0.1187
goe802a,100000,0.0,3.5,0.9845,0.02571,0.00368,-0.1175
goe802a,100000,0.0,4.0,1.0298,0.0257,0.00387,-0.1162
goe802a,100000,0.0,4.5,1.0814,0.0248,0.00308,-0.1148
goe802a,100000,0.0,5.5,1.1368,0.01637,-0.00038,-0.1066
goe802a,200000,0.0,-5.0,0.1561,0.06275,0.03113,-0.1088
goe802a,200000,0.0,-4.5,0.1926,0.05861,0.02751,-0.109
goe802a,200000,0.0,-4.0,0.2356,0.05438,0.02373,-0.1096
goe802a,200000,0.0,-3.5,0.2865,0.05016,0.01994,-0.1114
goe802a,200000,0.0,-3.0,0.3324,0.03985,0.01632,-0.1149
goe802a,200000,0.0,-2.5,0.3791,0.03501,0.01433,-0.1169
goe802a,200000,0.0,-2.0,0.426,0.03131,0.01217,-0.1174
goe802a,200000,0.0,-1.5,0.4764,0.02844,0.00998,-0.1179
goe802a,200000,0.0,-1.0,0.531,0.02605,0.00776,-0.1184
goe802a,200000,0.0,-0.5,0.5915,0.02527,0.00537,-0.1186
goe802a,200000,0.0,0.0,0.6497,0.02572,0.00362,-0.1187
goe766,50000,0.0,-5.0,-0.5178,0.03425,3e-05,0.0045
goe766,50000,0.0,-4.5,-0.4855,0.03087,-0.00331,0.0087
goe766,50000,0.0,-4.0,-0.4494,0.0265,-0.0062,0.0121
goe766,50000,0.0,-3.5,-0.4202,0.02427,-0.00733,0.0162
goe766,50000,0.0,-3.0,-0.4002,0.02087,-0.00944,0.0225
goe766,50000,0.0,-2.5,-0.2463,0.02493,-0.00486,0.0193
goe766,50000,0.0,-2.0,-0.0718,0.02712,-0.00362,-0.0041
goe766,50000,0.0,-1.5,0.1501,0.02537,-0.00408,-0.0394
goe766,50000,0.0,-1.0,0.2965,0.02277,-0.00516,-0.0573
goe766,50000,0.0,-0.5,0.353,0.02234,-0.00479,-0.0588
goe766,50000,0.0,0.0,0.3879,0.02282,-0.00401,-0.0562
goe766,50000,0.0,0.5,0.4124,0.02335,-0.00275,-0.0524
goe766,50000,0.0,1.0,0.4426,0.02422,-0.00169,-0.0485
goe766,50000,0.0,1.5,0.4663,0.02614,0.00032,-0.0452
goe766,50000,0.0,2.0,0.4899,0.02762,0.0023,-0.0414
goe766,50000,0.0,2.5,0.5169,0.02922,0.0041,-0.0373
goe766,50000,0.0,3.0,0.5393,0.0324,0.00607,-0.0327
goe766,50000,0.0,3.5,0.553,0.03559,0.00892,-0.0286
goe766,50000,0.0,4.0,0.5656,0.03886,0.01234,-0.0251
goe766,50000,0.0,4.5,0.5675,0.04316,0.01638,-0.0212
goe766,50000,0.0,5.0,0.5579,0.04817,0.02081,-0.0168
goe766,50000,0.0,5.5,0.5848,0.05061,0.02298,-0.013
goe766,50000,0.0,6.0,0.6072,0.05764,0.02455,-0.0083
goe766,50000,0.0,6.5,0.5833,0.06093,0.02925,-0.0034
goe766,50000,0.0,7.0,0.5266,0.06885,0.03626,-0.0005
goe766,50000,0.0,7.5,0.5001,0.07563,0.04272,-0.0
goe766,50000,0.0,8.0,0.4862,0.08181,0.04888,0.0003
goe766,50000,0.0,8.5,0.4791,0.08872,0.05574,0.0004
goe766,50000,0.0,9.0,0.5208,0.09343,0.05962,0.0029
goe766,50000,0.0,9.5,0.4704,0.10353,0.07011,-0.0015
goe766,50000,0.0,10.0,0.5888,0.09816,0.06049,0.012
goe766,50000,0.0,10.5,0.5496,0.10937,0.07279,0.0073
goe766,50000,0.0,11.0,0.5298,0.11929,0.08334,0.0041
goe766,50000,0.0,11.5,0.5594,0.11855,0.08175,0.0087
goe766,50000,0.0,12.0,0.5398,0.12765,0.09257,0.0049
goe766,50000,0.0,12.5,0.5313,0.13649,0.10273,0.0022
goe766,50000,0.0,13.0,0.5372,0.14715,0.11312,0.0002
goe766,50000,0.0,13.5,0.4539,0.15505,0.11143,-0.0115
goe766,50000,0.0,14.0,0.4762,0.16217,0.11869,-0.0135
goe766,50000,0.0,14.5,0.5079,0.17284,0.12669,-0.0149
goe766,50000,0.0,15.0,0.5554,0.20112,0.13781,-0.0162
goe766,100000,0.0,-5.0,-0.5336,0.02677,-0.005,0.0093
goe766,100000,0.0,-4.5,-0.5028,0.02369,-0.0076,0.0138
goe766,100000,0.0,-4.0,-0.471,0.02136,-0.00945,0.0182
goe766,100000,0.0,-3.5,-0.4461,0.0202,-0.01042,0.0232
goe766,100000,0.0,-3.0,-0.3787,0.01694,-0.01184,0.02
goe766,100000,0.0,-2.5,-0.2859,0.0144,-0.01051,0.013
goe766,100000,0.0,-2.0,-0.0949,0.01551,-0.00795,-0.0053
goe766,100000,0.0,-1.5,0.0179,0.01568,-0.0074,-0.0132
goe766,100000,0.0,-1.0,0.1311,0.01654,-0.00703,-0.0218
goe766,100000,0.0,-0.5,0.2153,0.01747,-0.00676,-0.0266
goe766,100000,0.0,0.0,0.3322,0.01725,-0.00696,-0.0387
goe766,100000,0.0,0.5,0.419,0.01717,-0.00725,-0.0455
goe766,100000,0.0,1.0,0.4618,0.01767,-0.00653,-0.0449
goe766,100000,0.0,1.5,0.4891,0.01776,-0.00585,-0.0412
goe766,100000,0.0,2.0,0.5172,0.01806,-0.00516,-0.0372
goe766,100000,0.0,2.5,0.546,0.01869,-0.00452,-0.033
goe766,100000,0.0,3.0,0.5727,0.02079,-0.00287,-0.0294
goe766,100000,0.0,3.5,0.6061,0.02137,-0.00195,-0.026
goe766,100000,0.0,4.0,0.6389,0.02222,-0.00093,-0.0225
goe766,100000,0.0,4.5,0.6726,0.02294,-0.00021,-0.0189
goe766,100000,0.0,5.0,0.708,0.02368,0.00038,-0.0154
goe766,100000,0.0,5.5,0.7446,0.0246,0.00095,-0.0121
goe766,100000,0.0,6.0,0.77,0.02801,0.00297,-0.0082
goe766,100000,0.0,6.5,0.797,0.03021,0.00462,-0.0045
goe766,100000,0.0,7.0,0.856,0.02709,0.00138,-0.0023
goe766,100000,0.0,7.5,0.902,0.02662,-0.00062,0.0003
goe766,100000,0.0,8.0,0.9449,0.02518,-0.00297,0.0034
goe766,100000,0.0,8.5,0.9758,0.02574,-0.00364,0.0076
goe766,100000,0.0,9.0,0.9956,0.02738,-0.00348,0.0131
goe766,100000,0.0,9.5,0.995,0.03136,-0.00149,0.0212
goe766,100000,0.0,10.0,0.9873,0.03594,0.00169,0.0288
goe766,100000,0.0,10.5,0.9787,0.03653,0.00115,0.0367
goe766,100000,0.0,11.0,0.9661,0.03903,0.00218,0.0424
goe766,100000,0.0,11.5,0.9465,0.04382,0.00553,0.0455
goe766,100000,0.0,12.0,0.9137,0.05154,0.01189,0.0449
goe766,100000,0.0,12.5,0.6611,0.10221,0.06549,0.0174
goe766,100000,0.0,13.0,0.6196,0.11969,0.08465,0.0104
goe766,100000,0.0,13.5,0.6008,0.1329,0.09928,0.0058
goe766,100000,0.0,14.0,0.5933,0.14423,0.11141,0.0026
goe766,100000,0.0,15.0,0.5672,0.16955,0.14709,-0.0098
goe766,200000,0.0,-5.0,-0.5548,0.02216,-0.00796,0.0147
goe766,200000,0.0,-4.5,-0.508,0.02011,-0.00937,0.016
goe766,200000,0.0,-4.0,-0.4268,0.01728,-0.01094,0.0112
goe766,200000,0.0,-3.5,-0.3444,0.01396,-0.01281,0.0066
goe766,200000,0.0,-3.0,-0.2609,0.0122,-0.01266,0.0012
goe766,200000,0.0,-2.5,-0.1884,0.01069,-0.01224,-0.0022
goe766,200000,0.0,-2.0,-0.1379,0.00967,-0.01172,-0.0002
goe766,200000,0.0,-1.5,-0.091,0.0096,-0.0111,0.0028
goe766,200000,0.0,-1.0,-0.0362,0.00985,-0.01035,0.0043
goe766,200000,0.0,-0.5,0.0345,0.01053,-0.00959,0.0028
goe766,200000,0.0,0.0,0.1153,0.01144,-0.00882,-0.0013
goe766,200000,0.0,0.5,0.2036,0.01183,-0.00846,-0.0074
goe766,200000,0.0,1.0,0.2605,0.01229,-0.00821,-0.0073
goe766,200000,0.0,1.5,0.3552,0.01308,-0.0079,-0.0152
goe766,200000,0.0,2.0,0.4486,0.0133,-0.00788,-0.0231
goe766,200000,0.0,2.5,0.5299,0.01322,-0.00814,-0.0285
goe766,200000,0.0,3.0,0.6056,0.01331,-0.00845,-0.0329
goe766,200000,0.0,3.5,0.6358,0.01422,-0.00758,-0.0291
goe766,200000,0.0,4.0,0.6712,0.01471,-0.00709,-0.0259
goe766,200000,0.0,4.5,0.7089,0.01471,-0.00715,-0.0228
goe766,200000,0.0,5.0,0.7458,0.01471,-0.00744,-0.0195
goe766,200000,0.0,5.5,0.781,0.01494,-0.00782,-0.0159
goe766,200000,0.0,6.0,0.8181,0.01557,-0.0078,-0.0127
goe766,200000,0.0,6.5,0.8587,0.01576,-0.00803,-0.01
goe766,200000,0.0,7.0,0.8989,0.0161,-0.00838,-0.0073
goe766,200000,0.0,7.5,0.9365,0.01692,-0.00854,-0.0043
goe766,200000,0.0,8.0,0.9785,0.01703,-0.00906,-0.0018
goe766,200000,0.0,8.5,1.0093,0.0181,-0.00919,0.002
goe766,200000,0.0,9.0,1.0305,0.02009,-0.00873,0.0072
goe766,200000,0.0,9.5,1.0232,0.02399,-0.00645,0.0167
goe766,200000,0.0,10.0,1.0452,0.02511,-0.00641,0.0214
goe766,200000,0.0,10.5,1.0528,0.02639,-0.00625,0.0283
goe766,200000,0.0,11.0,1.057,0.02828,-0.00564,0.0345
goe766,200000,0.0,11.5,1.0567,0.03086,-0.00448,0.0396
goe766,200000,0.0,12.0,1.0554,0.03416,-0.00266,0.0429
goe766,200000,0.0,12.5,1.0491,0.03866,0.00022,0.0441
goe766,200000,0.0,13.0,1.0381,0.04449,0.00446,0.0434
goe766,200000,0.0,13.5,1.02,0.05191,0.01036,0.0411
goe766,200000,0.0,14.0,0.9944,0.06078,0.01798,0.0376
goe766,200000,0.0,14.5,0.9532,0.0727,0.02915,0.032
goe766,500000,0.0,-5.0,-0.465,0.01362,-0.01288,-0.0012
goe766,500000,0.0,-4.5,-0.3937,0.01177,-0.0137,-0.0042
goe766,500000,0.0,-4.0,-0.3208,0.01058,-0.0139,-0.0072
goe766,500000,0.0,-3.5,-0.2726,0.01008,-0.01381,-0.005
goe766,500000,0.0,-3.0,-0.2266,0.00975,-0.01357,-0.0027
goe766,500000,0.0,-2.5,-0.1793,0.00958,-0.01311,-0.0011
goe766,500000,0.0,-2.0,-0.128,0.00955,-0.01266,-0.0002
goe766,500000,0.0,-1.5,-0.078,0.00931,-0.01224,0.0007
goe766,500000,0.0,-1.0,-0.0307,0.00855,-0.01191,0.002
goe766,500000,0.0,-0.5,0.0188,0.00833,-0.01154,0.0031
goe766,500000,0.0,0.0,0.0656,0.00803,-0.01109,0.0048
goe766,500000,0.0,1.0,0.1688,0.00754,-0.01048,0.007
goe766,500000,0.0,1.5,0.2225,0.00759,-0.01019,0.0081
goe766,500000,0.0,2.0,0.3018,0.00821,-0.00992,0.0036
goe766,500000,0.0,2.5,0.3671,0.00857,-0.00978,0.0018
goe766,500000,0.0,3.0,0.4515,0.00906,-0.00978,-0.0042
goe766,500000,0.0,3.5,0.5219,0.00944,-0.00977,-0.0076
goe766,500000,0.0,4.0,0.5941,0.00965,-0.00987,-0.0111
goe766,500000,0.0,4.5,0.6671,0.00998,-0.01002,-0.0148
goe766,500000,0.0,5.0,0.7304,0.01033,-0.01017,-0.0167
goe766,500000,0.0,5.5,0.7918,0.0108,-0.01025,-0.0183
goe766,500000,0.0,6.0,0.8544,0.01099,-0.01053,-0.0199
goe766,500000,0.0,6.5,0.8949,0.01111,-0.01074,-0.0173
goe766,500000,0.0,7.0,0.9318,0.01148,-0.01094,-0.014
goe766,500000,0.0,7.5,0.9693,0.01218,-0.011,-0.011
goe766,500000,0.0,8.0,1.0061,0.01307,-0.01093,-0.0079
goe766,500000,0.0,8.5,1.0401,0.01431,-0.01058,-0.0044
goe766,500000,0.0,9.0,1.0746,0.0155,-0.0107,-0.0011
goe766,500000,0.0,9.5,1.1041,0.01699,-0.01041,0.0028
goe766,500000,0.0,10.0,1.1284,0.01861,-0.00982,0.0079
goe766,500000,0.0,10.5,1.1656,0.01916,-0.01018,0.0106
goe766,500000,0.0,11.0,1.1962,0.01998,-0.0104,0.0143
goe766,500000,0.0,11.5,1.2111,0.02094,-0.01057,0.0206
goe766,500000,0.0,12.0,1.2233,0.02211,-0.01066,0.0268
goe766,500000,0.0,13.0,1.2133,0.02755,-0.00807,0.0387
goe766,500000,0.0,13.5,1.2242,0.03018,-0.00709,0.0405
goe766,500000,0.0,14.0,1.2305,0.03385,-0.00525,0.041
goe766,500000,0.0,14.5,1.2288,0.03896,-0.00206,0.04
goe766,500000,0.0,15.0,1.2147,0.04605,0.00306,0.0376
goe766,1000000,0.0,-5.0,-0.4285,0.01038,-0.01462,-0.008
goe766,1000000,0.0,-4.5,-0.3854,0.01007,-0.01452,-0.0049
goe766,1000000,0.0,-4.0,-0.3375,0.00979,-0.01427,-0.0032
goe766,1000000,0.0,-3.5,-0.2875,0.00952,-0.01396,-0.0019
goe766,1000000,0.0,-3.0,-0.2365,0.00936,-0.01361,-0.0008
goe766,1000000,0.0,-2.0,-0.1332,0.0086,-0.01293,0.001
goe766,1000000,0.0,-1.5,-0.0817,0.0085,-0.01248,0.0016
goe766,1000000,0.0,-1.0,-0.0265,0.00843,-0.01207,0.0017
goe766,1000000,0.0,-0.5,0.0276,0.00848,-0.01172,0.002
goe766,1000000,0.0,0.0,0.0806,0.00857,-0.0114,0.0024
goe766,1000000,0.0,0.5,0.1334,0.0084,-0.01115,0.0029
goe766,1000000,0.0,1.0,0.182,0.00801,-0.01095,0.0038
goe766,1000000,0.0,1.5,0.2284,0.00728,-0.01076,0.0054
goe766,1000000,0.0,2.0,0.2807,0.00711,-0.01057,0.0062
goe766,1000000,0.0,2.5,0.333,0.007,-0.01042,0.0071
goe766,1000000,0.0,3.0,0.3839,0.00703,-0.01028,0.0084
goe766,1000000,0.0,3.5,0.4614,0.00742,-0.01017,0.004
goe766,1000000,0.0,4.0,0.5364,0.00774,-0.01016,-0.0001
goe766,1000000,0.0,4.5,0.6031,0.00793,-0.01026,-0.0026
goe766,1000000,0.0,5.0,0.6698,0.00812,-0.01042,-0.005
goe766,1000000,0.0,5.5,0.739,0.00835,-0.01065,-0.0079
goe766,1000000,0.0,6.0,0.8031,0.0087,-0.01091,-0.0099
goe766,1000000,0.0,6.5,0.8641,0.00927,-0.01108,-0.0114
goe766,1000000,0.0,7.0,0.923,0.01,-0.01118,-0.0127
goe766,1000000,0.0,7.5,0.9834,0.01063,-0.01133,-0.0141
goe766,1000000,0.0,8.0,1.0275,0.01144,-0.01127,-0.0123
goe766,1000000,0.0,8.5,1.0633,0.01236,-0.01127,-0.009
goe766,1000000,0.0,9.0,1.098,0.01346,-0.0112,-0.0056
goe766,1000000,0.0,9.5,1.1375,0.01425,-0.01131,-0.003
goe766,1000000,0.0,10.0,1.1751,0.01517,-0.01135,-0.0002
goe766,1000000,0.0,10.5,1.2118,0.01607,-0.01142,0.0027
goe766,1000000,0.0,11.0,1.2478,0.0169,-0.01159,0.0057
goe766,1000000,0.0,11.5,1.2878,0.01734,-0.01194,0.0082
goe766,1000000,0.0,12.0,1.3183,0.01821,-0.01213,0.012
goe766,1000000,0.0,12.5,1.3273,0.01929,-0.01229,0.0194
goe766,1000000,0.0,13.0,1.3389,0.02053,-0.01241,0.0257
goe766,1000000,0.0,13.5,1.3471,0.02213,-0.01235,0.0313
goe766,1000000,0.0,14.0,1.3523,0.02424,-0.01188,0.0359
goe766,1000000,0.0,14.5,1.3548,0.02716,-0.01079,0.039
goe766,1000000,0.0,15.0,1.3494,0.03161,-0.00845,0.0401
fx74080,50000,0.0,-5.0,-0.4613,0.09043,0.07494,-0.0245
fx74080,50000,0.0,-4.5,-0.449,0.08373,0.06851,-0.0269
fx74080,50000,0.0,-4.0,-0.4428,0.07543,0.06335,-0.0193
fx74080,50000,0.0,-3.5,-0.4311,0.06951,0.05772,-0.0156
fx74080,50000,0.0,-3.0,-0.4286,0.06437,0.05285,-0.006
fx74080,50000,0.0,-2.0,-0.4521,0.05564,0.04399,0.0307
fx74080,50000,0.0,-1.0,-0.0556,0.03622,0.02028,-0.0625
fx74080,50000,0.0,-0.5,-0.0007,0.03378,0.01734,-0.0622
fx74080,50000,0.0,0.0,0.0564,0.03195,0.01516,-0.0612
fx74080,50000,0.0,0.5,0.1147,0.02816,0.01334,-0.0601
fx74080,50000,0.0,1.0,0.1568,0.02949,0.01381,-0.0595
fx74080,50000,0.0,1.5,0.1972,0.03094,0.01482,-0.0591
fx74080,50000,0.0,2.0,0.2365,0.03252,0.01604,-0.0588
fx74080,50000,0.0,2.5,0.2747,0.03422,0.01745,-0.0585
fx74080,50000,0.0,3.0,0.312,0.03607,0.019,-0.0583
fx74080,50000,0.0,3.5,0.3483,0.03808,0.02068,-0.0581
fx74080,50000,0.0,4.0,0.3835,0.04025,0.02255,-0.058
fx74080,50000,0.0,4.5,0.4175,0.04262,0.02461,-0.058
fx74080,50000,0.0,5.0,0.4502,0.04521,0.0269,-0.058
fx74080,50000,0.0,5.5,0.4814,0.04806,0.02945,-0.0582
fx74080,50000,0.0,6.0,0.5109,0.05124,0.03236,-0.0585
fx74080,50000,0.0,6.5,0.5383,0.05478,0.03561,-0.0591
fx74080,50000,0.0,7.5,1.1158,0.05092,0.01685,-0.0724
fx74080,50000,0.0,8.0,1.1543,0.05734,0.02229,-0.0679
fx74080,50000,0.0,8.5,1.1759,0.06539,0.02972,-0.0615
fx74080,50000,0.0,9.0,1.17,0.07383,0.0386,-0.0541
fx74080,50000,0.0,9.5,1.141,0.0824,0.04793,-0.048
fx74080,50000,0.0,10.0,1.1114,0.09485,0.05961,-0.046
fx74080,50000,0.0,10.5,1.0549,0.10381,0.07006,-0.0455
fx74080,50000,0.0,11.0,0.9401,0.12729,0.10051,-0.0692
fx74080,50000,0.0,11.5,0.0124,0.0,-0.00236,0.0006
fx74080,50000,0.0,12.0,0.0146,0.0,-0.00215,0.0011
fx74080,50000,0.0,12.5,0.0129,0.0,-0.00197,0.0014
fx74080,50000,0.0,13.0,0.0116,0.0,-0.00169,0.0016
fx74080,50000,0.0,13.5,0.0153,0.0,-0.00133,0.0021
fx74080,50000,0.0,14.0,0.0103,0.0,-0.00112,0.002
fx74080,50000,0.0,14.5,0.012,0.0,-0.00077,0.0024
fx74080,50000,0.0,15.0,0.0098,0.0,-0.00049,0.0023
fx74080,100000,0.0,-5.0,-0.3677,0.07933,0.06314,-0.0512
fx74080,100000,0.0,-4.5,-0.3217,0.07336,0.05514,-0.0588
fx74080,100000,0.0,-4.0,-0.2839,0.06287,0.04925,-0.064
fx74080,100000,0.0,-3.5,-0.2285,0.05497,0.04283,-0.0705
fx74080,100000,0.0,-3.0,-0.1768,0.04872,0.03761,-0.0745
fx74080,100000,0.0,-1.5,0.06,0.03222,0.01852,-0.0888
fx74080,100000,0.0,-1.0,0.1273,0.02982,0.0152,-0.0896
fx74080,100000,0.0,-0.5,0.1909,0.02767,0.01393,-0.0913
fx74080,100000,0.0,0.0,0.2649,0.02464,0.01307,-0.0941
fx74080,100000,0.0,0.5,0.3021,0.02564,0.01386,-0.0923
fx74080,100000,0.0,1.0,0.3698,0.02689,0.01471,-0.0958
fx74080,100000,0.0,1.5,0.4086,0.02797,0.01571,-0.0943
fx74080,100000,0.0,2.0,0.4686,0.02939,0.01671,-0.0966
fx74080,100000,0.0,2.5,0.5094,0.03056,0.01779,-0.0955
fx74080,100000,0.0,3.0,0.5588,0.03207,0.01892,-0.096
fx74080,100000,0.0,3.5,0.61,0.0333,0.01995,-0.0966
fx74080,100000,0.0,4.0,0.6494,0.03482,0.02113,-0.0953
fx74080,100000,0.0,4.5,0.719,0.03588,0.02184,-0.0982
fx74080,100000,0.0,5.0,0.7524,0.03732,0.02304,-0.0958
fx74080,100000,0.0,5.5,0.8913,0.02365,0.00401,-0.08
fx74080,100000,0.0,6.0,0.9085,0.02679,0.00539,-0.0739
fx74080,100000,0.0,6.5,0.9876,0.03227,0.0074,-0.0766
fx74080,500000,0.0,-5.0,0.054,0.03289,0.02486,-0.14
fx74080,500000,0.0,-3.5,0.1927,0.01946,0.01039,-0.1387
fx74080,500000,0.0,-3.0,0.2427,0.0169,0.00811,-0.1384
fx74080,500000,0.0,-2.5,0.2968,0.01341,0.00381,-0.136
fx74080,500000,0.0,-2.0,0.3437,0.01073,0.00195,-0.1339
fx74080,500000,0.0,-1.5,0.3931,0.00979,0.00127,-0.1326
fx74080,500000,0.0,-1.0,0.4331,0.00801,0.00124,-0.1305
fx74080,500000,0.0,-0.5,0.4648,0.00731,0.00157,-0.1244
fx74080,500000,0.0,0.0,0.5807,0.0073,0.00145,-0.1379
fx74080,500000,0.0,0.5,0.6211,0.00739,0.00159,-0.1352
fx74080,500000,0.0,1.0,0.6663,0.00749,0.00168,-0.1336
fx74080,500000,0.0,1.5,0.7174,0.00758,0.0017,-0.133
fx74080,500000,0.0,2.0,0.7714,0.00771,0.00162,-0.133
fx74080,500000,0.0,2.5,0.821,0.0079,0.00165,-0.1322
fx74080,500000,0.0,3.0,0.8718,0.00716,0.00061,-0.1304
fx74080,500000,0.0,3.5,0.893,0.00723,-0.00054,-0.122
fx74080,500000,0.0,4.0,0.859,0.01178,0.00087,-0.1055
fx74080,500000,0.0,4.5,0.8866,0.01344,0.00128,-0.1002
fx74080,500000,0.0,5.0,0.9143,0.01498,0.00162,-0.095
fx74080,500000,0.0,5.5,0.9352,0.01697,0.00234,-0.0885
fx74080,500000,0.0,6.0,0.978,0.02134,0.00411,-0.0853
fx74080,500000,0.0,6.5,1.0708,0.02902,0.00778,-0.0888
fx74080,500000,0.0,7.0,1.1113,0.03364,0.01076,-0.0859
fx74080,500000,0.0,7.5,1.1394,0.04092,0.01496,-0.0824
fx74080,500000,0.0,8.0,1.1402,0.05142,0.02139,-0.0745
fx74080,500000,0.0,8.5,1.1424,0.05712,0.02619,-0.0671
fx74080,500000,0.0,9.0,1.1368,0.06222,0.03108,-0.0593
fx74080,500000,0.0,9.5,1.1278,0.06606,0.03574,-0.0508
fx74080,500000,0.0,10.0,1.1019,0.07159,0.0415,-0.0433
fx74080,500000,0.0,10.5,1.0675,0.07853,0.04869,-0.0387
fx74080,500000,0.0,11.0,1.0293,0.0871,0.05775,-0.0373
fx74080,500000,0.0,11.5,0.9888,0.09776,0.06921,-0.0397
fx74080,500000,0.0,12.0,0.9504,0.11094,0.08344,-0.0462
fx74080,500000,0.0,12.5,0.9238,0.12747,0.10161,-0.0566
fx74080,500000,0.0,13.0,0.9186,0.14313,0.11954,-0.0656
fx74080,500000,0.0,13.5,0.9193,0.15532,0.13463,-0.0717
fx74080,500000,0.0,14.0,0.9224,0.16668,0.14951,-0.0774
fx74080,500000,0.0,14.5,0.9268,0.17748,0.16409,-0.0827
fx74080,500000,0.0,15.0,0.9324,0.18765,0.17822,-0.0876
fx74080,1000000,0.0,-5.0,0.0566,0.02962,0.02243,-0.1398
naca001065,50000,0.0,-5.0,-0.6559,0.04071,0.012,0.0194
naca001065,50000,0.0,-4.5,-0.6212,0.03568,0.00784,0.023
naca001065,50000,0.0,-4.0,-0.574,0.03158,0.00445,0.0249
naca001065,50000,0.0,-3.5,-0.5122,0.02839,0.00206,0.0246
naca001065,50000,0.0,-3.0,-0.4404,0.02612,0.00049,0.0228
naca001065,50000,0.0,-2.5,-0.1185,0.02453,0.0029,-0.0223
naca001065,50000,0.0,-2.0,-0.0945,0.02412,0.00279,-0.0181
naca001065,50000,0.0,-1.5,-0.0712,0.02383,0.00273,-0.0136
naca001065,50000,0.0,-1.0,-0.0479,0.02362,0.0027,-0.0091
naca001065,50000,0.0,-0.5,-0.0242,0.02351,0.0027,-0.0045
naca001065,50000,0.0,0.0,0.0,0.02346,0.00272,0.0
naca001065,50000,0.0,0.5,0.0242,0.0235,0.0027,0.0045
naca001065,50000,0.0,1.0,0.0479,0.02361,0.00271,0.0091
naca001065,50000,0.0,1.5,0.0712,0.02381,0.00273,0.0136
naca001065,50000,0.0,2.0,0.0945,0.0241,0.00279,0.0181
naca001065,50000,0.0,2.5,0.1186,0.02449,0.00291,0.0223
naca001065,50000,0.0,3.0,0.1434,0.02502,0.00313,0.0263
naca001065,50000,0.0,3.5,0.1685,0.02571,0.0035,0.03
naca001065,50000,0.0,4.5,0.6209,0.03566,0.00784,-0.0229
naca001065,50000,0.0,5.0,0.6556,0.04069,0.012,-0.0194
naca001065,50000,0.0,5.5,0.6784,0.04709,0.01683,-0.0148
naca001065,50000,0.0,6.0,0.7044,0.05192,0.02179,-0.0102
naca001065,50000,0.0,6.5,0.6826,0.0617,0.03152,-0.0028
naca001065,50000,0.0,7.0,0.6512,0.06995,0.04307,0.0004
naca001065,50000,0.0,7.5,0.4982,0.08632,0.06189,-0.0091
naca001065,50000,0.0,8.0,0.5127,0.09257,0.06752,-0.0073
naca001065,50000,0.0,8.5,0.5577,0.11524,0.07289,-0.0073
naca001065,50000,0.0,9.0,0.5158,0.10488,0.07755,-0.0021
naca001065,50000,0.0,9.5,0.5278,0.11039,0.08314,-0.0004
naca001065,50000,0.0,10.0,0.5792,0.11999,0.08922,0.0019
naca001065,50000,0.0,10.5,0.5729,0.14294,0.09549,0.001
naca001065,50000,0.0,11.0,0.5481,0.13284,0.10145,0.0012
naca001065,50000,0.0,12.0,0.4244,0.13782,0.09102,0.0105
naca001065,50000,0.0,12.5,0.4641,0.15354,0.09704,0.0148
naca001065,50000,0.0,13.0,0.4458,0.14971,0.10105,0.0143
naca001065,50000,0.0,13.5,0.502,0.17472,0.11141,0.0173
naca001065,50000,0.0,14.0,0.4873,0.17659,0.11665,0.0157
naca001065,50000,0.0,14.5,0.4609,0.1721,0.12018,0.0137
naca001065,50000,0.0,15.0,0.4382,0.1681,0.12339,0.012
naca001065,100000,0.0,-5.0,-0.6724,0.03665,0.00971,0.0254
naca001065,100000,0.0,-4.5,-0.638,0.03011,0.0048,0.0293
naca001065,100000,0.0,-4.0,-0.5891,0.02614,0.00138,0.0314
naca001065,100000,0.0,-3.5,-0.539,0.02408,-0.00012,0.0327
naca001065,100000,0.0,-3.0,-0.4906,0.0223,-0.00102,0.034
naca001065,100000,0.0,-2.5,-0.4467,0.02059,-0.00168,0.036
naca001065,100000,0.0,-2.0,-0.406,0.01938,-0.00205,0.0385
naca001065,100000,0.0,-0.5,-0.0233,0.01995,0.00258,-0.0046
naca001065,100000,0.0,0.5,0.0233,0.01994,0.00258,0.0046
naca001065,100000,0.0,1.0,0.0535,0.01999,0.0026,0.0078
naca001065,100000,0.0,1.5,0.1413,0.01967,0.0024,-0.0006
naca001065,100000,0.0,2.0,0.4058,0.01937,-0.00204,-0.0385
naca001065,100000,0.0,2.5,0.4465,0.02058,-0.00167,-0.036
naca001065,100000,0.0,3.0,0.4903,0.02228,-0.00101,-0.034
naca001065,100000,0.0,3.5,0.5387,0.02407,-0.00011,-0.0327
naca001065,100000,0.0,4.0,0.5888,0.02612,0.00139,-0.0314
naca001065,100000,0.0,4.5,0.6377,0.03009,0.0048,-0.0293
naca001065,100000,0.0,5.0,0.6721,0.03662,0.00971,-0.0254
naca001065,100000,0.0,5.5,0.7102,0.0396,0.0134,-0.0215
naca001065,200000,0.0,-5.0,-0.6932,0.03243,0.00692,0.0318
naca001065,200000,0.0,-4.5,-0.6543,0.02515,0.00218,0.0348
naca001065,200000,0.0,-4.0,-0.6037,0.02165,-0.00062,0.0365
naca001065,200000,0.0,-3.5,-0.5556,0.01996,-0.0017,0.0379
naca001065,200000,0.0,-3.0,-0.5111,0.01896,-0.00204,0.0395
naca001065,200000,0.0,-2.5,-0.469,0.01814,-0.00218,0.0414
naca001065,200000,0.0,-2.0,-0.3553,0.01686,-0.00235,0.0284
naca001065,200000,0.0,-1.5,-0.2062,0.01535,-0.00318,0.0079
naca001065,200000,0.0,-1.0,-0.1621,0.01466,-0.00334,0.0102
naca001065,200000,0.0,-0.5,-0.1225,0.01168,-0.00388,0.0122
naca001065,500000,0.0,-4.5,-0.4158,0.01581,-0.00381,-0.0134
naca001065,500000,0.0,-4.0,-0.3691,0.01392,-0.00469,-0.0117
naca001065,500000,0.0,-3.5,-0.319,0.01251,-0.00527,-0.0108
naca001065,500000,0.0,-3.0,-0.2581,0.01135,-0.00576,-0.0125
naca001065,500000,0.0,-2.5,-0.2012,0.01058,-0.00602,-0.0134
naca001065,500000,0.0,-2.0,-0.155,0.01013,-0.00609,-0.0118
naca001065,500000,0.0,-1.5,-0.1438,0.01282,-0.00605,-0.0029
naca001065,500000,0.0,-1.0,-0.096,0.01269,-0.006,-0.0019
naca001065,500000,0.0,-0.5,-0.0481,0.01264,-0.00595,-0.0009
naca001065,500000,0.0,0.0,0.0,0.01263,-0.00586,-0.0
naca001065,500000,0.0,0.5,0.0481,0.01264,-0.00594,0.0009
naca001065,500000,0.0,1.0,0.096,0.01269,-0.00599,0.0019
naca001065,500000,0.0,1.5,0.1438,0.01282,-0.00604,0.0029
naca001065,500000,0.0,2.0,0.155,0.01013,-0.00609,0.0117
naca001065,500000,0.0,2.5,0.2012,0.01058,-0.00601,0.0134
naca001065,500000,0.0,3.0,0.2582,0.01135,-0.00575,0.0125
naca001065,500000,0.0,3.5,0.319,0.01251,-0.00527,0.0108
naca001065,500000,0.0,4.0,0.3691,0.01392,-0.00468,0.0116
naca001065,500000,0.0,4.5,0.4158,0.01581,-0.00381,0.0134
naca001065,500000,0.0,5.5,0.6408,0.02791,0.00403,-0.012
naca001065,500000,0.0,6.0,0.6757,0.03183,0.00667,-0.0092
naca001065,500000,0.0,6.5,0.7389,0.02564,0.00179,-0.0118
naca001065,500000,0.0,7.0,0.7822,0.02543,0.00037,-0.0111
naca001065,500000,0.0,7.5,0.819,0.02683,-0.00042,-0.0096
naca001065,500000,0.0,8.0,0.8693,0.0249,-0.00396,-0.0107
naca001065,500000,0.0,8.5,0.9319,0.0204,-0.01126,-0.0139
naca001065,1000000,0.0,-5.0,-0.4556,0.01691,-0.00153,-0.0175
naca001065,1000000,0.0,-4.5,-0.3983,0.01563,-0.0021,-0.019
naca001065,1000000,0.0,-4.0,-0.3477,0.01541,-0.00232,-0.0186
naca001065,1000000,0.0,-3.0,-0.2942,0.01539,-0.00304,-0.0085
naca001065,1000000,0.0,-2.5,-0.2447,0.01691,-0.00282,-0.0078
naca001065,1000000,0.0,-2.0,-0.1987,0.01312,-0.00398,-0.0071
naca001065,1000000,0.0,-1.5,-0.1453,0.01126,-0.00628,-0.0026
naca001065,1000000,0.0,-1.0,-0.0971,0.0111,-0.00622,-0.0017
naca001065,1000000,0.0,-0.5,-0.0486,0.01101,-0.00618,-0.0008
naca001065,1000000,0.0,0.0,0.0,0.011,-0.00611,-0.0
naca001065,1000000,0.0,0.5,0.0486,0.01101,-0.00618,0.0008
naca001065,1000000,0.0,1.0,0.0971,0.0111,-0.00622,0.0017
naca001065,1000000,0.0,1.5,0.1453,0.01126,-0.00627,0.0026
naca001065,1000000,0.0,2.0,0.1929,0.01151,-0.0063,0.0037
naca001065,1000000,0.0,2.5,0.239,0.01201,-0.00613,0.0054
naca001065,1000000,0.0,3.0,0.2828,0.01326,-0.0053,0.0082
naca001065,1000000,0.0,4.5,0.3983,0.01563,-0.00209,0.0189
naca001065,1000000,0.0,5.0,0.4557,0.01691,-0.00153,0.0175
naca001065,1000000,0.0,5.5,0.5069,0.0183,-0.00157,0.0168
goe234,50000,0.0,-5.0,-0.2222,0.12584,0.09131,-0.0193
goe234,50000,0.0,-4.5,-0.2264,0.1333,0.09003,-0.0226
goe234,50000,0.0,-4.0,-0.207,0.13648,0.08689,-0.029
goe234,50000,0.0,-3.5,-0.1798,0.13429,0.08307,-0.0353
goe234,50000,0.0,-3.0,-0.0803,0.12607,0.07525,-0.0559
goe234,50000,0.0,-1.5,0.2842,0.0656,0.03514,-0.1642
goe234,50000,0.0,-1.0,0.2626,0.07064,0.04129,-0.1491
goe234,50000,0.0,0.0,0.2607,0.07871,0.04865,-0.1281
goe234,50000,0.0,1.0,0.2358,0.08048,0.05001,-0.1025
goe234,50000,0.0,2.5,0.4119,0.07408,0.04535,-0.1063
goe234,50000,0.0,3.0,0.5216,0.07652,0.04842,-0.1208
goe234,50000,0.0,3.5,0.6709,0.08301,0.04921,-0.1376
goe234,50000,0.0,4.0,0.6538,0.08424,0.05429,-0.1347
goe234,50000,0.0,4.5,0.6915,0.08588,0.05755,-0.1378
goe234,50000,0.0,5.0,0.8617,0.08437,0.05574,-0.1546
goe234,50000,0.0,5.5,0.889,0.09074,0.06095,-0.1577
goe234,50000,0.0,6.0,0.8944,0.09712,0.06756,-0.1583
goe234,50000,0.0,6.5,0.9544,0.10011,0.06992,-0.1622
goe234,50000,0.0,7.0,1.0357,0.10205,0.07058,-0.1676
goe234,50000,0.0,7.5,1.0667,0.1153,0.07638,-0.1706
goe234,50000,0.0,8.0,1.0501,0.12284,0.0875,-0.1723
goe234,50000,0.0,8.5,1.03,0.133,0.10004,-0.1747
goe234,50000,0.0,9.0,1.0222,0.14262,0.11116,-0.1772
goe234,50000,0.0,9.5,1.0215,0.15062,0.12071,-0.1792
goe234,50000,0.0,10.0,1.0265,0.15622,0.1286,-0.1806
goe234,50000,0.0,10.5,1.2014,0.13744,0.0999,-0.1722
goe234,50000,0.0,11.0,1.1933,0.14858,0.11288,-0.1758
goe234,50000,0.0,11.5,1.1905,0.15684,0.12489,-0.1797
goe234,50000,0.0,12.0,1.1962,0.16441,0.13561,-0.1833
goe234,50000,0.0,12.5,1.2021,0.17134,0.14575,-0.1861
goe234,50000,0.0,13.0,1.2121,0.17734,0.15495,-0.1884
goe234,50000,0.0,13.5,1.2359,0.18081,0.16019,-0.189
goe234,50000,0.0,14.0,1.4302,0.13251,0.08438,-0.1581
goe234,100000,0.0,-5.0,0.0344,0.09206,0.06068,-0.0782
goe234,100000,0.0,-4.5,0.0952,0.08868,0.05429,-0.0916
goe234,100000,0.0,-3.5,0.4035,0.04117,0.00946,-0.1971
goe234,100000,0.0,-3.0,0.4669,0.03987,0.01004,-0.2009
goe234,100000,0.0,-2.5,0.5152,0.0402,0.01248,-0.201
goe234,100000,0.0,-2.0,0.5326,0.04504,0.01724,-0.1928
goe234,100000,0.0,-1.5,0.5471,0.04721,0.02096,-0.1811
goe234,100000,0.0,-1.0,0.5595,0.04832,0.02288,-0.1677
goe234,100000,0.0,-0.5,0.6172,0.0513,0.02282,-0.165
goe234,100000,0.0,1.5,0.7721,0.05135,0.02675,-0.163
goe234,100000,0.0,2.0,0.8131,0.05045,0.02664,-0.1619
goe234,100000,0.0,2.5,0.8744,0.04903,0.0252,-0.163
goe234,100000,0.0,3.0,0.9542,0.04691,0.02139,-0.1643
goe234,100000,0.0,3.5,1.1412,0.03154,0.00928,-0.1765
goe234,100000,0.0,4.0,1.1928,0.03115,0.00814,-0.1767
goe234,100000,0.0,4.5,1.2249,0.03228,0.0079,-0.1739
goe234,100000,0.0,5.0,1.282,0.03129,0.00812,-0.1767
goe234,100000,0.0,5.5,1.3598,0.02994,0.00636,-0.1811
goe234,100000,0.0,6.0,1.4504,0.02887,0.00396,-0.1873
goe234,100000,0.0,6.5,1.4937,0.03145,0.00459,-0.1881
goe234,200000,0.0,-5.0,0.2215,0.04662,0.01649,-0.1488
goe234,200000,0.0,-4.5,0.2451,0.05986,0.03299,-0.1234
goe234,200000,0.0,-4.0,0.3171,0.05916,0.02726,-0.1364
goe234,200000,0.0,-3.5,0.554,0.02294,-0.0026,-0.2132
goe234,200000,0.0,-3.0,0.6196,0.02222,-0.00202,-0.2157
goe234,200000,0.0,-2.5,0.7024,0.02181,-0.00054,-0.2223
goe234,200000,0.0,-2.0,0.7625,0.02249,4e-05,-0.2216
goe234,200000,0.0,-1.0,0.8531,0.02336,0.00262,-0.2138
goe234,200000,0.0,-0.5,0.8676,0.02433,0.00379,-0.2008
goe234,200000,0.0,0.0,0.9102,0.02618,0.00339,-0.1956
goe234,200000,0.0,0.5,0.9619,0.02996,0.00194,-0.1928
goe234,200000,0.0,1.0,1.023,0.02945,0.00165,-0.1957
goe234,200000,0.0,1.5,1.0817,0.02871,0.00141,-0.1982
goe234,200000,0.0,2.0,1.1394,0.02795,0.00112,-0.2003
goe234,200000,0.0,2.5,1.1966,0.02728,0.00074,-0.2021
goe234,200000,0.0,3.0,1.2514,0.0267,0.00029,-0.2035
goe234,200000,0.0,4.0,1.3576,0.02613,-0.00047,-0.2052
goe234,200000,0.0,4.5,1.3893,0.02681,-0.00092,-0.2019
goe234,200000,0.0,5.0,1.4051,0.02808,-0.00078,-0.196
goe234,200000,0.0,5.5,1.4255,0.02877,-0.00058,-0.1911
goe234,200000,0.0,6.0,1.4986,0.02637,0.00052,-0.2
goe234,200000,0.0,6.5,1.5353,0.02742,0.00069,-0.1984
goe234,200000,0.0,7.0,1.571,0.0286,0.00085,-0.1966
goe234,200000,0.0,7.5,1.6039,0.03001,0.00112,-0.1944
goe234,200000,0.0,8.0,1.6227,0.03247,0.0021,-0.1905
goe234,200000,0.0,8.5,1.6529,0.0342,0.00243,-0.1877
goe234,200000,0.0,9.0,1.6761,0.03641,0.00299,-0.1839
goe234,200000,0.0,10.5,1.5797,0.06043,0.01927,-0.1642
goe234,200000,0.0,11.0,1.5799,0.06632,0.02327,-0.1616
goe234,200000,0.0,11.5,1.5796,0.07244,0.02749,-0.1592
goe234,200000,0.0,12.0,1.5579,0.08242,0.03588,-0.1582
goe234,200000,0.0,12.5,1.5571,0.08918,0.04119,-0.1573
goe234,200000,0.0,13.0,1.5678,0.09426,0.0449,-0.1566
goe234,200000,0.0,13.5,1.5676,0.10123,0.05073,-0.1563
goe234,200000,0.0,14.0,1.5415,0.11323,0.06292,-0.1583
goe234,200000,0.0,14.5,1.5436,0.11979,0.069,-0.1586
goe234,200000,0.0,15.0,1.5502,0.12567,0.07446,-0.1588
goe234,500000,0.0,-5.0,0.3991,0.01927,-0.00729,-0.2066
goe234,500000,0.0,-4.5,0.4699,0.01727,-0.00792,-0.2114
goe234,500000,0.0,-4.0,0.5353,0.01595,-0.00821,-0.2139
goe234,500000,0.0,-3.5,0.6009,0.01515,-0.00817,-0.2168
goe234,500000,0.0,-3.0,0.6679,0.01457,-0.00817,-0.2207
goe234,500000,0.0,-2.5,0.739,0.01367,-0.00795,-0.2257
goe234,500000,0.0,-1.5,0.8855,0.01093,-0.00869,-0.2391
goe234,500000,0.0,-1.0,0.9405,0.01125,-0.00793,-0.2392
goe234,500000,0.0,-0.5,0.9958,0.01152,-0.00732,-0.2394
goe234,500000,0.0,0.5,1.095,0.01323,-0.00568,-0.2373
goe234,1000000,0.0,-5.0,0.3193,0.015,-0.00445,-0.1661
goe234,1000000,0.0,-4.5,0.4163,0.00991,-0.00828,-0.1882
goe234,1000000,0.0,-4.0,0.5224,0.00523,-0.01184,-0.2058
goe234,1000000,0.0,-3.5,0.5848,0.00529,-0.01128,-0.2092
goe234,1000000,0.0,-2.5,0.7095,0.00538,-0.01022,-0.2156
goe234,1000000,0.0,-2.0,0.7666,0.0059,-0.00956,-0.218
goe234,1000000,0.0,-1.5,0.8242,0.00607,-0.00899,-0.22
nlf416,50000,0.0,-5.0,-0.5044,0.03305,0.00961,-0.0308
nlf416,50000,0.0,-4.5,-0.4617,0.02982,0.01203,-0.03
nlf416,50000,0.0,-4.0,-0.3931,0.03892,0.02079,-0.0201
nlf416,50000,0.0,-3.5,-0.3265,0.04308,0.02458,-0.013
nlf416,50000,0.0,-3.0,-0.2443,0.04421,0.02524,-0.0132
nlf416,50000,0.0,-2.5,-0.202,0.04388,0.02456,-0.011
nlf416,50000,0.0,-2.0,0.0141,0.04128,0.02278,-0.0369
nlf416,50000,0.0,-1.5,0.1121,0.03971,0.02157,-0.0472
nlf416,50000,0.0,-1.0,0.2952,0.03642,0.01896,-0.0719
nlf416,50000,0.0,-0.5,0.3552,0.03661,0.01943,-0.0777
nlf416,50000,0.0,0.0,0.4717,0.03521,0.0186,-0.0917
nlf416,50000,0.0,0.5,0.4683,0.03741,0.02051,-0.0856
nlf416,50000,0.0,1.0,0.4613,0.03965,0.02262,-0.0792
nlf416,50000,0.0,1.5,0.5253,0.04012,0.02271,-0.0819
nlf416,50000,0.0,2.0,0.3836,0.04608,0.02793,-0.0585
nlf416,50000,0.0,2.5,0.3797,0.0478,0.02946,-0.0524
nlf416,50000,0.0,3.0,0.508,0.04811,0.02886,-0.0622
nlf416,50000,0.0,3.5,0.348,0.0531,0.03338,-0.0392
nlf416,50000,0.0,4.0,0.3034,0.05535,0.0355,-0.0303
nlf416,50000,0.0,4.5,0.3843,0.0567,0.03634,-0.0334
nlf416,50000,0.0,5.0,0.3863,0.06115,0.04008,-0.0328
nlf416,50000,0.0,5.5,0.3826,0.06552,0.04489,-0.0337
nlf416,50000,0.0,6.0,0.5074,0.06712,0.04432,-0.0381
nlf416,50000,0.0,6.5,0.4707,0.07342,0.05191,-0.0394
nlf416,50000,0.0,7.0,0.4775,0.07959,0.05821,-0.0426
nlf416,50000,0.0,7.5,0.5552,0.08193,0.05935,-0.0445
nlf416,50000,0.0,8.0,0.5498,0.08905,0.06691,-0.0478
nlf416,50000,0.0,8.5,0.5652,0.098,0.07508,-0.0529
nlf416,50000,0.0,9.0,0.5885,0.10742,0.08321,-0.0581
nlf416,50000,0.0,9.5,0.6187,0.10824,0.08523,-0.0571
nlf416,50000,0.0,10.0,0.6982,0.11247,0.08781,-0.0592
nlf416,50000,0.0,10.5,0.7068,0.12263,0.09753,-0.064
nlf416,50000,0.0,11.0,0.7416,0.12418,0.09928,-0.0632
nlf416,50000,0.0,11.5,0.7815,0.13572,0.10761,-0.0674
nlf416,50000,0.0,12.0,0.7566,0.15891,0.12771,-0.0787
nlf416,50000,0.0,12.5,0.7084,0.15303,0.13426,-0.0788
nlf416,50000,0.0,13.0,0.8221,0.17737,0.14234,-0.0834
nlf416,50000,0.0,13.5,0.7926,0.18043,0.15357,-0.0875
nlf416,50000,0.0,14.0,0.7596,0.17551,0.16255,-0.0902
nlf416,50000,0.0,14.5,0.8541,0.20036,0.17051,-0.0927
nlf416,50000,0.0,15.0,0.8004,0.19144,0.18255,-0.0975
nlf416,100000,0.0,-5.0,-0.2858,0.01858,0.00324,-0.0692
nlf416,100000,0.0,-4.5,-0.2129,0.02174,0.00781,-0.0645
nlf416,100000,0.0,-4.0,-0.1236,0.0238,0.00985,-0.0653
nlf416,100000,0.0,-3.5,-0.0509,0.02539,0.01118,-0.0641
nlf416,100000,0.0,-3.0,0.0112,0.02606,0.01207,-0.0615
nlf416,100000,0.0,-2.5,0.0741,0.02702,0.01207,-0.0625
nlf416,100000,0.0,-2.0,0.1227,0.02638,0.01234,-0.0578
nlf416,100000,0.0,-1.5,0.1672,0.02686,0.0122,-0.0561
nlf416,100000,0.0,-1.0,0.2128,0.02606,0.01207,-0.053
nlf416,100000,0.0,-0.5,0.2642,0.02627,0.01171,-0.0525
nlf416,100000,0.0,0.0,0.2914,0.0259,0.01177,-0.0484
nlf416,100000,0.0,0.5,0.3402,0.02541,0.0114,-0.0471
nlf416,100000,0.0,1.0,0.3822,0.02574,0.0112,-0.0457
nlf416,100000,0.0,1.5,0.4127,0.02586,0.01152,-0.0428
nlf416,100000,0.0,2.0,0.4494,0.0257,0.01163,-0.0403
nlf416,100000,0.0,2.5,0.492,0.0257,0.01159,-0.0389
nlf416,100000,0.0,3.0,0.5415,0.0262,0.01166,-0.039
nlf416,100000,0.0,3.5,0.5696,0.02715,0.01245,-0.0364
nlf416,100000,0.0,4.0,0.605,0.02726,0.0129,-0.0342
nlf416,100000,0.0,4.5,0.6595,0.02743,0.013,-0.0349
nlf416,100000,0.0,5.0,0.7128,0.02858,0.01321,-0.0356
nlf416,100000,0.0,5.5,0.744,0.02922,0.01419,-0.0335
nlf416,100000,0.0,6.0,0.799,0.02952,0.0144,-0.0345
nlf416,100000,0.0,6.5,0.8667,0.03026,0.01401,-0.0369
nlf416,100000,0.0,7.0,0.9012,0.0312,0.01531,-0.0359
nlf416,100000,0.0,7.5,0.9716,0.03035,0.01424,-0.0379
nlf416,100000,0.0,8.0,1.024,0.03111,0.01423,-0.0384
nlf416,100000,0.0,8.5,1.0656,0.03143,0.01447,-0.0373
nlf416,100000,0.0,9.0,1.1448,0.03053,0.0125,-0.0403
nlf416,100000,0.0,9.5,1.1845,0.0311,0.01297,-0.0398
nlf416,100000,0.0,10.0,1.2531,0.03058,0.01134,-0.042
nlf416,100000,0.0,10.5,1.2944,0.03111,0.01123,-0.0414
nlf416,100000,0.0,11.0,1.3324,0.03272,0.01164,-0.0407
nlf416,100000,0.0,11.5,1.3796,0.03408,0.01128,-0.0411
nlf416,100000,0.0,12.0,1.3828,0.03712,0.01355,-0.0377
nlf416,100000,0.0,12.5,1.412,0.0401,0.01463,-0.0371
nlf416,100000,0.0,13.0,1.4052,0.04452,0.01787,-0.0353
nlf416,100000,0.0,13.5,1.4218,0.04881,0.02002,-0.0349
nlf416,100000,0.0,14.0,1.4018,0.05601,0.02591,-0.0353
nlf416,100000,0.0,14.5,1.4167,0.0606,0.02838,-0.0356
nlf416,100000,0.0,15.0,1.0911,0.11911,0.09108,-0.0599
nlf416,200000,0.0,-5.0,-0.1776,0.0127,-0.00086,-0.0853
nlf416,200000,0.0,-4.0,-0.0391,0.01216,0.00067,-0.0895
nlf416,200000,0.0,-3.5,0.01,0.01461,0.00302,-0.0844
nlf416,200000,0.0,-3.0,0.0601,0.01598,0.00412,-0.0811
nlf416,200000,0.0,-2.5,0.1161,0.0167,0.0045,-0.0809
nlf416,200000,0.0,-2.0,0.1601,0.01729,0.00539,-0.0766
nlf416,200000,0.0,-1.5,0.2073,0.01782,0.00597,-0.0736
nlf416,200000,0.0,-1.0,0.2609,0.01825,0.00614,-0.073
nlf416,200000,0.0,-0.5,0.3156,0.01838,0.00623,-0.0732
nlf416,200000,0.0,0.0,0.3598,0.01846,0.0066,-0.0701
nlf416,200000,0.0,0.5,0.4064,0.01858,0.00678,-0.0678
nlf416,200000,0.0,1.0,0.4601,0.01869,0.00677,-0.0678
nlf416,200000,0.0,1.5,0.5193,0.01906,0.0066,-0.0691
nlf416,200000,0.0,2.0,0.5748,0.0194,0.00689,-0.0702
nlf416,200000,0.0,2.5,0.6192,0.01891,0.00698,-0.068
nlf416,200000,0.0,3.0,0.67,0.0188,0.00695,-0.0674
nlf416,200000,0.0,3.5,0.7236,0.01881,0.00689,-0.0675
nlf416,200000,0.0,4.0,0.7776,0.01897,0.00669,-0.0675
nlf416,200000,0.0,4.5,0.8335,0.0196,0.00692,-0.0686
nlf416,200000,0.0,5.0,0.8893,0.01949,0.00682,-0.0693
nlf416,200000,0.0,5.5,0.9463,0.01943,0.00655,-0.0702
nlf416,200000,0.0,6.0,1.0037,0.01985,0.00629,-0.0711
nlf416,200000,0.0,6.5,1.058,0.01989,0.00616,-0.0717
nlf416,200000,0.0,7.0,1.1129,0.01979,0.00583,-0.0722
nlf416,200000,0.0,7.5,1.168,0.02009,0.00534,-0.0728
nlf416,200000,0.0,8.0,1.2181,0.02001,0.00505,-0.0725
nlf416,200000,0.0,8.5,1.2666,0.02025,0.00447,-0.0719
nlf416,200000,0.0,9.0,1.3126,0.02037,0.00443,-0.0712
nlf416,200000,0.0,9.5,1.35,0.02108,0.00435,-0.0689
nlf416,200000,0.0,10.0,1.382,0.02197,0.00442,-0.066
nlf416,200000,0.0,10.5,1.4108,0.02313,0.00482,-0.0627
nlf416,200000,0.0,11.0,1.4282,0.02508,0.00548,-0.0584
nlf416,200000,0.0,11.5,1.4503,0.02664,0.00623,-0.0552
nlf416,200000,0.0,12.0,1.4585,0.02957,0.00773,-0.0513
nlf416,200000,0.0,12.5,1.4722,0.03234,0.00936,-0.049
nlf416,200000,0.0,13.0,1.4695,0.03693,0.01214,-0.0466
nlf416,200000,0.0,13.5,1.4766,0.04122,0.01506,-0.0462
nlf416,200000,0.0,14.0,1.4668,0.04756,0.01941,-0.0459
nlf416,200000,0.0,14.5,1.4687,0.05321,0.02347,-0.0463
nlf416,200000,0.0,15.0,1.4628,0.05989,0.0285,-0.0475
nlf416,500000,0.0,-5.0,-0.1286,0.01089,-0.00203,-0.0918
nlf416,500000,0.0,-4.5,-0.0764,0.00997,-0.00218,-0.0925
nlf416,500000,0.0,-4.0,-0.0217,0.00964,-0.00217,-0.0929
nlf416,500000,0.0,-3.5,0.0368,0.00886,-0.00219,-0.0946
nlf416,500000,0.0,-3.0,0.0955,0.00829,-0.00203,-0.096
nlf416,500000,0.0,-2.5,0.151,0.00886,-0.00092,-0.0951
nlf416,500000,0.0,-2.0,0.2011,0.00994,0.00017,-0.0925
nlf416,500000,0.0,-1.5,0.2568,0.01055,0.00064,-0.0919
nlf416,500000,0.0,-1.0,0.3134,0.01093,0.00092,-0.0916
nlf416,500000,0.0,-0.5,0.3705,0.01115,0.00115,-0.0917
nlf416,500000,0.0,0.0,0.4253,0.01103,0.00142,-0.0914
nlf416,500000,0.0,0.5,0.4785,0.01136,0.00167,-0.0907
nlf416,500000,0.0,1.0,0.5339,0.0118,0.00199,-0.0904
nlf416,500000,0.0,1.5,0.5895,0.01189,0.00208,-0.0902
nlf416,500000,0.0,2.0,0.646,0.01199,0.00213,-0.0904
nlf416,500000,0.0,2.5,0.7022,0.01211,0.00213,-0.0905
nlf416,500000,0.0,3.0,0.7588,0.01222,0.00206,-0.0909
nlf416,500000,0.0,3.5,0.8147,0.0125,0.00208,-0.0912
nlf416,500000,0.0,4.0,0.8709,0.01278,0.00209,-0.0915
nlf416,500000,0.0,4.5,0.9276,0.01274,0.00194,-0.0919
nlf416,500000,0.0,5.0,0.9835,0.01276,0.00174,-0.0922
nlf416,500000,0.0,5.5,1.0369,0.01299,0.0016,-0.0919
nlf416,500000,0.0,6.0,1.0916,0.01318,0.0015,-0.0922
nlf416,500000,0.0,6.5,1.1493,0.013,0.00128,-0.0932
nlf416,500000,0.0,7.0,1.2007,0.01321,0.0011,-0.0931
nlf416,500000,0.0,7.5,1.2546,0.01338,0.00098,-0.0933
nlf416,500000,0.0,8.0,1.3023,0.0139,0.00098,-0.0925
nlf416,500000,0.0,8.5,1.3473,0.01458,0.00107,-0.0912
nlf416,500000,0.0,9.0,1.393,0.01524,0.00119,-0.09
nlf416,500000,0.0,9.5,1.4317,0.01623,0.00146,-0.0877
nlf416,500000,0.0,10.0,1.4678,0.01728,0.00173,-0.0852
nlf416,500000,0.0,10.5,1.4995,0.01827,0.002,-0.0818
nlf416,500000,0.0,11.0,1.5222,0.01979,0.00258,-0.0773
nlf416,500000,0.0,11.5,1.5424,0.02147,0.00325,-0.073
nlf416,500000,0.0,12.0,1.5596,0.02341,0.00415,-0.0689
nlf416,500000,0.0,12.5,1.5648,0.02635,0.00576,-0.0644
nlf416,500000,0.0,13.0,1.5706,0.02974,0.00773,-0.0612
nlf416,500000,0.0,13.5,1.5719,0.03409,0.0105,-0.059
nlf416,500000,0.0,14.0,1.5774,0.03864,0.01349,-0.0581
nlf416,500000,0.0,14.5,1.5719,0.04478,0.01779,-0.0579
nlf416,500000,0.0,15.0,1.561,0.05199,0.02303,-0.0584
nlf416,1000000,0.0,-5.0,-0.1267,0.01005,-0.00222,-0.0923
nlf416,1000000,0.0,-4.5,-0.0722,0.00983,-0.00218,-0.0924
nlf416,1000000,0.0,-4.0,-0.0151,0.00938,-0.00221,-0.0931
nlf416,1000000,0.0,-3.5,0.0416,0.0088,-0.00225,-0.0942
nlf416,1000000,0.0,-3.0,0.1017,0.00803,-0.00229,-0.096
nlf416,1000000,0.0,-2.5,0.1629,0.00735,-0.0023,-0.098
nlf416,1000000,0.0,-2.0,0.2234,0.0068,-0.00213,-0.0996
nlf416,1000000,0.0,-1.5,0.2785,0.00732,-0.00131,-0.0989
nlf416,1000000,0.0,-1.0,0.3359,0.00758,-0.00097,-0.0989
nlf416,1000000,0.0,-0.5,0.3936,0.00777,-0.00073,-0.0989
nlf416,1000000,0.0,0.0,0.4513,0.00796,-0.00053,-0.0991
nlf416,1000000,0.0,0.5,0.5083,0.00821,-0.00034,-0.0991
nlf416,1000000,0.0,1.0,0.5645,0.00847,-0.0002,-0.0991
nlf416,1000000,0.0,1.5,0.6201,0.00883,-0.0,-0.0989
nlf416,1000000,0.0,2.0,0.677,0.00905,0.00011,-0.099
nlf416,1000000,0.0,2.5,0.7343,0.00922,0.00016,-0.0992
nlf416,1000000,0.0,3.0,0.7943,0.00895,6e-05,-0.1005
nlf416,1000000,0.0,3.5,0.8526,0.0089,-3e-05,-0.1012
nlf416,1000000,0.0,4.0,0.9087,0.009,-8e-05,-0.1015
nlf416,1000000,0.0,4.5,0.9643,0.0092,-5e-05,-0.1017
nlf416,1000000,0.0,5.0,1.0221,0.00922,-0.00014,-0.1023
nlf416,1000000,0.0,5.5,1.0781,0.00937,-0.00026,-0.1026
nlf416,1000000,0.0,6.0,1.1312,0.00971,-0.00029,-0.1024
nlf416,1000000,0.0,6.5,1.1846,0.01004,-0.00034,-0.1022
nlf416,1000000,0.0,7.0,1.2363,0.01049,-0.0003,-0.1018
nlf416,1000000,0.0,7.5,1.2847,0.01118,-0.00017,-0.1009
nlf416,1000000,0.0,8.0,1.3316,0.01194,0.0,-0.0998
nlf416,1000000,0.0,8.5,1.374,0.01299,0.00031,-0.0981
nlf416,1000000,0.0,9.0,1.4246,0.01338,0.00032,-0.0975
nlf416,1000000,0.0,9.5,1.4634,0.01452,0.00069,-0.0952
nlf416,1000000,0.0,10.0,1.4991,0.01572,0.0011,-0.0925
nlf416,1000000,0.0,10.5,1.5303,0.0169,0.0015,-0.089
nlf416,1000000,0.0,11.0,1.5607,0.0179,0.0018,-0.0853
nlf416,1000000,0.0,11.5,1.5822,0.01938,0.0024,-0.0806
nlf416,1000000,0.0,12.0,1.6074,0.02072,0.00292,-0.0768
nlf416,1000000,0.0,13.0,1.6327,0.02525,0.00521,-0.0679
nlf416,1000000,0.0,13.5,1.6377,0.0286,0.00716,-0.0644
nlf416,1000000,0.0,14.0,1.6423,0.03253,0.00957,-0.0621
nlf416,1000000,0.0,14.5,1.6489,0.03684,0.01229,-0.0608
nlf416,1000000,0.0,15.0,1.6462,0.04256,0.01618,-0.0604
fx77w270s,50000,0.0,-5.0,0.0094,0.09827,0.0796,-0.0606
fx77w270s,50000,0.0,-4.5,0.3169,0.09939,0.08225,-0.0989
fx77w270s,50000,0.0,-3.5,-0.4562,0.10069,0.08317,0.0071
fx77w270s,50000,0.0,-3.0,0.0322,0.11944,0.10391,-0.0642
fx77w270s,50000,0.0,-2.5,0.0502,0.11896,0.10333,-0.0641
fx77w270s,50000,0.0,-2.0,0.0615,0.11897,0.10318,-0.0626
fx77w270s,50000,0.0,-1.5,0.1055,0.1212,0.10373,-0.0664
fx77w270s,50000,0.0,-1.0,0.0988,0.12031,0.10388,-0.0612
fx77w270s,50000,0.0,-0.5,0.0934,0.1206,0.10432,-0.0564
fx77w270s,50000,0.0,0.0,0.1325,0.1232,0.10548,-0.0583
fx77w270s,50000,0.0,0.5,0.1127,0.12261,0.10592,-0.0514
fx77w270s,50000,0.0,1.0,0.1619,0.12668,0.10752,-0.0541
fx77w270s,50000,0.0,1.5,0.1321,0.12505,0.10782,-0.0458
fx77w270s,50000,0.0,2.5,0.1403,0.12786,0.1101,-0.0392
fx77w270s,50000,0.0,3.0,0.1657,0.13014,0.11153,-0.0381
fx77w270s,50000,0.0,3.5,0.2178,0.13718,0.11398,-0.0405
fx77w270s,50000,0.0,4.0,0.1609,0.13235,0.1138,-0.03
fx77w270s,50000,0.0,4.5,0.1948,0.13584,0.11546,-0.0296
fx77w270s,50000,0.0,5.0,0.2587,0.1465,0.11855,-0.0332
fx77w270s,50000,0.0,5.5,0.1782,0.13698,0.11752,-0.0206
fx77w270s,50000,0.0,6.0,0.2045,0.14019,0.11901,-0.0192
fx77w270s,50000,0.0,6.5,0.2524,0.14873,0.12164,-0.0204
fx77w270s,50000,0.0,7.0,0.1842,0.14128,0.12096,-0.0103
fx77w270s,50000,0.0,7.5,0.1971,0.14276,0.12172,-0.0073
fx77w270s,50000,0.0,8.0,0.2309,0.14838,0.12308,-0.0061
fx77w270s,50000,0.0,8.5,0.2005,0.14709,0.12309,0.0002
fx77w270s,50000,0.0,9.0,0.1727,0.14258,0.12206,0.0069
fx77w270s,50000,0.0,9.5,0.1909,0.14452,0.12316,0.0083
fx77w270s,50000,0.0,10.0,0.2529,0.15482,0.128,0.0031
fx77w270s,50000,0.0,10.5,0.2338,0.15186,0.13161,0.0034
fx77w270s,50000,0.0,11.0,0.2599,0.15454,0.13635,0.0002
fx77w270s,50000,0.0,11.5,0.3073,0.16132,0.14162,-0.0043
fx77w270s,50000,0.0,12.0,0.3772,0.17584,0.14826,-0.0109
fx77w270s,50000,0.0,12.5,0.3562,0.17163,0.15386,-0.0113
fx77w270s,50000,0.0,13.0,0.3743,0.17286,0.15978,-0.0141
fx77w270s,50000,0.0,13.5,0.4144,0.1793,0.16544,-0.0177
fx77w270s,50000,0.0,14.0,0.472,0.19267,0.17142,-0.0223
fx77w270s,50000,0.0,14.5,0.505,0.20474,0.17903,-0.0265
fx77w270s,50000,0.0,15.0,0.4771,0.19217,0.18707,-0.0273
fx77w270s,100000,0.0,-5.0,-0.2569,0.04273,0.02661,-0.0257
fx77w270s,100000,0.0,-4.5,-0.2394,0.04496,0.0292,-0.0224
fx77w270s,100000,0.0,-4.0,-0.2092,0.04845,0.03286,-0.0195
fx77w270s,100000,0.0,-3.5,-0.27,0.0555,0.03981,-0.013
fx77w270s,100000,0.0,-3.0,-0.4395,0.06594,0.05043,-0.0048
fx77w270s,100000,0.0,-2.5,-0.4311,0.06848,0.0529,0.0005
fx77w270s,100000,0.0,-2.0,-0.3956,0.07149,0.05614,0.0055
fx77w270s,100000,0.0,-1.5,-0.3411,0.07571,0.05936,0.0096
fx77w270s,100000,0.0,-1.0,-0.2651,0.08445,0.06467,0.0162
fx77w270s,100000,0.0,-0.5,-0.345,0.07955,0.06415,0.0268
fx77w270s,100000,0.0,0.0,-0.2994,0.08338,0.067,0.0335
fx77w270s,100000,0.0,0.5,-0.2198,0.08837,0.06883,0.03
fx77w270s,100000,0.0,1.0,-0.2971,0.08454,0.06847,0.04
fx77w270s,100000,0.0,1.5,-0.2413,0.08639,0.06938,0.0378
fx77w270s,100000,0.0,2.0,-0.1726,0.09024,0.07075,0.0344
fx77w270s,100000,0.0,2.5,-0.2178,0.08992,0.07282,0.0391
fx77w270s,100000,0.0,3.0,-0.1765,0.09193,0.07441,0.0374
fx77w270s,100000,0.0,3.5,-0.1191,0.09504,0.0762,0.0339
fx77w270s,100000,0.0,4.0,-0.0487,0.09993,0.07824,0.0293
fx77w270s,100000,0.0,4.5,0.0117,0.10829,0.08093,0.0247
fx77w270s,100000,0.0,5.0,-0.0478,0.10282,0.08369,0.0292
fx77w270s,100000,0.0,5.5,0.007,0.10645,0.08598,0.0262
fx77w270s,100000,0.0,6.0,0.0735,0.11189,0.0885,0.0224
fx77w270s,100000,0.0,6.5,0.1513,0.12138,0.09112,0.0178
fx77w270s,100000,0.0,7.0,0.0659,0.11621,0.09595,0.0218
fx77w270s,100000,0.0,7.5,0.1124,0.1198,0.09867,0.0189
fx77w270s,100000,0.0,8.0,0.1718,0.12492,0.10151,0.0152
fx77w270s,100000,0.0,8.5,0.2444,0.13299,0.10475,0.0105
fx77w270s,100000,0.0,9.0,0.2804,0.14279,0.10962,0.0075
fx77w270s,100000,0.0,9.5,0.2108,0.1355,0.11501,0.0104
fx77w270s,100000,0.0,10.0,0.2538,0.13951,0.11805,0.0081
fx77w270s,100000,0.0,10.5,0.3083,0.14525,0.12088,0.0053
fx77w270s,100000,0.0,11.0,0.3783,0.15529,0.12431,0.0015
fx77w270s,100000,0.0,11.5,0.3835,0.16287,0.13126,-0.0007
fx77w270s,100000,0.0,12.0,0.3404,0.15612,0.13888,-0.0014
fx77w270s,100000,0.0,12.5,0.3855,0.16004,0.14271,-0.0057
fx77w270s,100000,0.0,13.0,0.4434,0.16719,0.14624,-0.0103
fx77w270s,100000,0.0,13.5,0.5204,0.1812,0.15042,-0.0163
fx77w270s,100000,0.0,14.0,0.4618,0.17706,0.16381,-0.0185
fx77w270s,100000,0.0,14.5,0.4841,0.17961,0.1707,-0.0222
fx77w270s,100000,0.0,15.0,0.5249,0.18446,0.17474,-0.0254
fx77w270s,200000,0.0,-5.0,-0.3066,0.02195,0.00697,-0.0202
fx77w270s,200000,0.0,-4.5,-0.2554,0.02307,0.00912,-0.0188
fx77w270s,200000,0.0,-4.0,-0.1991,0.0241,0.01043,-0.0192
fx77w270s,200000,0.0,-3.5,-0.1419,0.02518,0.0117,-0.0195
fx77w270s,200000,0.0,-3.0,-0.0851,0.0264,0.01304,-0.0195
fx77w270s,200000,0.0,-2.5,-0.0285,0.02841,0.01497,-0.0189
fx77w270s,200000,0.0,-2.0,0.0264,0.03029,0.01695,-0.0176
fx77w270s,200000,0.0,-1.5,0.0719,0.03308,0.0187,-0.0166
fx77w270s,200000,0.0,-1.0,0.115,0.037,0.02235,-0.0119
fx77w270s,200000,0.0,-0.5,0.1546,0.0386,0.02516,-0.0071
fx77w270s,200000,0.0,0.0,0.1811,0.04004,0.02665,-0.0059
fx77w270s,200000,0.0,0.5,0.1942,0.04232,0.02877,-0.0041
fx77w270s,200000,0.0,1.0,0.1777,0.04609,0.0325,0.0011
fx77w270s,200000,0.0,1.5,0.1986,0.04796,0.03392,0.0031
fx77w270s,200000,0.0,2.0,0.2586,0.04768,0.03327,0.0021
fx77w270s,200000,0.0,2.5,0.3072,0.04835,0.03312,0.0018
fx77w270s,200000,0.0,4.0,0.0405,0.08932,0.07201,0.0049
fx77w270s,200000,0.0,4.5,0.0859,0.09111,0.07321,0.0034
fx77w270s,200000,0.0,5.0,0.149,0.09223,0.07311,0.0017
fx77w270s,200000,0.0,5.5,0.1745,0.09535,0.07497,0.001
fx77w270s,200000,0.0,6.0,0.2054,0.10085,0.07889,-0.0007
fx77w270s,200000,0.0,6.5,0.2748,0.10679,0.07951,-0.0027
fx77w270s,200000,0.0,7.0,0.2045,0.1097,0.09019,-0.0026
fx77w270s,200000,0.0,7.5,0.258,0.11101,0.09041,-0.0038
fx77w270s,200000,0.0,8.0,0.3116,0.1115,0.08898,-0.0045
fx77w270s,200000,0.0,8.5,0.302,0.11873,0.09734,-0.0061
fx77w270s,200000,0.0,9.0,0.3178,0.12306,0.10224,-0.0076
fx77w270s,200000,0.0,9.5,0.3769,0.12301,0.10068,-0.0086
fx77w270s,200000,0.0,10.0,0.4566,0.12172,0.09654,-0.0096
fx77w270s,200000,0.0,10.5,0.5223,0.12288,0.09381,-0.0104
fx77w270s,200000,0.0,11.0,0.431,0.1367,0.11518,-0.0135
fx77w270s,200000,0.0,11.5,0.4681,0.13903,0.11699,-0.015
fx77w270s,200000,0.0,12.0,0.5286,0.1387,0.11435,-0.0158
fx77w270s,200000,0.0,12.5,0.5948,0.13833,0.11087,-0.0166
fx77w270s,200000,0.0,13.0,0.5382,0.15087,0.12991,-0.0203
fx77w270s,200000,0.0,13.5,0.5619,0.15493,0.13471,-0.0223
fx77w270s,200000,0.0,14.0,0.6016,0.15674,0.13567,-0.0236
fx77w270s,200000,0.0,14.5,0.6584,0.15639,0.1325,-0.0242
fx77w270s,200000,0.0,15.0,0.7136,0.15648,0.12888,-0.0246
fx77w270s,500000,0.0,-5.0,-0.2427,0.01899,0.00304,-0.0266
fx77w270s,500000,0.0,-4.5,-0.1925,0.01934,0.0035,-0.0263
fx77w270s,500000,0.0,-4.0,-0.139,0.01915,0.00369,-0.0264
fx77w270s,500000,0.0,-3.5,-0.0846,0.01901,0.0039,-0.0266
fx77w270s,500000,0.0,-3.0,-0.029,0.01887,0.00409,-0.0271
fx77w270s,500000,0.0,-2.5,0.0274,0.01872,0.00425,-0.0277
fx77w270s,500000,0.0,-2.0,0.084,0.01868,0.00449,-0.0284
fx77w270s,500000,0.0,-1.5,0.1367,0.01826,0.00461,-0.0287
fx77w270s,500000,0.0,-1.0,0.1716,0.01576,0.00461,-0.0274
fx77w270s,500000,0.0,-0.5,0.2323,0.01675,0.00579,-0.0282
fx77w270s,500000,0.0,0.0,0.2924,0.01826,0.00734,-0.0283
fx77w270s,500000,0.0,0.5,0.3503,0.01959,0.00883,-0.0278
fx77w270s,500000,0.0,1.0,0.4101,0.01971,0.00889,-0.0293
fx77w270s,500000,0.0,1.5,0.47,0.01987,0.00894,-0.0308
fx77w270s,500000,0.0,2.0,0.5305,0.02008,0.00891,-0.0323
fx77w270s,500000,0.0,2.5,0.5911,0.02022,0.00879,-0.0338
fx77w270s,500000,0.0,3.0,0.6492,0.02001,0.00873,-0.0354
fx77w270s,500000,0.0,3.5,0.7031,0.02072,0.00915,-0.0363
fx77w270s,500000,0.0,4.0,0.7489,0.02234,0.01015,-0.0363
fx77w270s,500000,0.0,4.5,0.806,0.02241,0.01024,-0.0375
fx77w270s,500000,0.0,5.0,0.8618,0.0226,0.01039,-0.0385
fx77w270s,500000,0.0,5.5,0.9166,0.02285,0.01054,-0.0394
fx77w270s,500000,0.0,6.0,0.9699,0.02318,0.01071,-0.0401
fx77w270s,500000,0.0,6.5,1.0216,0.02357,0.01089,-0.0407
fx77w270s,500000,0.0,7.0,1.0713,0.024,0.01105,-0.0409
fx77w270s,500000,0.0,7.5,1.122,0.02421,0.01096,-0.0412
fx77w270s,500000,0.0,8.0,1.1716,0.02446,0.01086,-0.0414
fx77w270s,500000,0.0,8.5,1.2249,0.02435,0.0104,-0.042
fx77w270s,500000,0.0,9.0,1.3222,0.01857,0.00433,-0.047
fx77w270s,500000,0.0,9.5,1.3581,0.0183,0.00329,-0.0444
fx77w270s,500000,0.0,10.0,1.3798,0.01916,0.0031,-0.0403
fx77w270s,500000,0.0,10.5,1.3758,0.02189,0.00396,-0.0345
e327,50000,0.0,-4.5,-0.5447,0.0476,0.02788,0.0118
e327,50000,0.0,-4.0,-0.4369,0.04224,0.02044,0.0029
e327,50000,0.0,-3.5,-0.345,0.03526,0.0157,-0.0039
e327,50000,0.0,-3.0,-0.1813,0.02884,0.01179,-0.0196
e327,50000,0.0,-2.5,0.2073,0.02494,0.01037,-0.0641
e327,50000,0.0,-2.0,0.2778,0.02476,0.01008,-0.0678
e327,50000,0.0,-1.5,0.3206,0.02537,0.01063,-0.0662
e327,50000,0.0,-1.0,0.3582,0.0261,0.01146,-0.0639
e327,50000,0.0,-0.5,0.3975,0.02708,0.01245,-0.0623
e327,50000,0.0,0.0,0.4371,0.02817,0.01319,-0.0597
e327,50000,0.0,0.5,0.4743,0.02973,0.0151,-0.0593
e327,50000,0.0,1.0,0.5118,0.03092,0.01619,-0.0566
e327,50000,0.0,1.5,0.5429,0.03304,0.01824,-0.0548
e327,50000,0.0,2.0,0.5748,0.03487,0.02019,-0.0526
e327,50000,0.0,2.5,0.6102,0.03675,0.02141,-0.0495
e327,50000,0.0,3.0,0.6168,0.04109,0.02582,-0.0473
e327,50000,0.0,3.5,0.6195,0.04468,0.02947,-0.0431
e327,50000,0.0,4.0,0.6654,0.04557,0.02987,-0.0398
e327,50000,0.0,4.5,0.6531,0.05126,0.03442,-0.0347
e327,50000,0.0,5.0,0.572,0.05874,0.04154,-0.025
e327,50000,0.0,5.5,0.5006,0.06399,0.04623,-0.0142
e327,50000,0.0,6.0,0.4686,0.06796,0.04994,-0.0075
e327,50000,0.0,6.5,0.4489,0.07318,0.05453,-0.004
e327,50000,0.0,7.5,0.5725,0.08411,0.05972,-0.0048
e327,50000,0.0,8.0,0.4101,0.09027,0.07077,-0.0023
e327,50000,0.0,8.5,0.4566,0.09577,0.07563,-0.0036
e327,50000,0.0,9.0,0.5215,0.11093,0.0827,-0.0084
e327,50000,0.0,9.5,0.4783,0.10424,0.08403,-0.0018
e327,50000,0.0,10.0,0.5621,0.12118,0.0917,-0.0068
e327,50000,0.0,10.5,0.5067,0.11435,0.09374,-0.0017
e327,50000,0.0,11.0,0.6199,0.1362,0.10224,-0.007
e327,50000,0.0,11.5,0.5367,0.12599,0.1049,-0.0028
e327,50000,0.0,12.0,0.6115,0.13701,0.11158,-0.0045
e327,50000,0.0,12.5,0.624,0.14999,0.11997,-0.0071
e327,50000,0.0,13.0,0.5798,0.14377,0.12393,-0.0058
e327,50000,0.0,13.5,0.6686,0.16594,0.13291,-0.0083
e327,50000,0.0,14.0,0.6076,0.1575,0.13855,-0.0089
e327,50000,0.0,14.5,0.6308,0.16379,0.1458,-0.01
e327,50000,0.0,15.0,0.682,0.18374,0.15585,-0.0124
e327,100000,0.0,-5.0,-0.3972,0.03966,0.02239,-0.0168
e327,100000,0.0,-4.5,-0.3155,0.02944,0.01321,-0.0183
e327,100000,0.0,-4.0,-0.2355,0.02477,0.00915,-0.0207
e327,100000,0.0,-3.5,-0.1671,0.02166,0.00667,-0.0208
e327,100000,0.0,-3.0,-0.1156,0.01913,0.00514,-0.0183
e327,100000,0.0,-2.5,0.2013,0.01933,0.00744,-0.0513
e327,100000,0.0,-2.0,0.2432,0.01919,0.00719,-0.0498
e327,100000,0.0,-1.5,0.2843,0.01924,0.00697,-0.0479
e327,100000,0.0,-1.0,0.3276,0.01912,0.00705,-0.0468
e327,100000,0.0,-0.5,0.3705,0.01936,0.00705,-0.0451
e327,100000,0.0,0.0,0.4151,0.01957,0.00741,-0.0442
e327,100000,0.0,0.5,0.4589,0.0197,0.00759,-0.0427
e327,100000,0.0,1.0,0.5024,0.02036,0.00786,-0.0412
e327,100000,0.0,1.5,0.5468,0.02068,0.00848,-0.0401
e327,100000,0.0,2.0,0.5909,0.02108,0.00895,-0.0387
e327,100000,0.0,2.5,0.6344,0.02186,0.00935,-0.0371
e327,100000,0.0,3.0,0.6765,0.02277,0.01029,-0.0358
e327,100000,0.0,3.5,0.7185,0.02337,0.01109,-0.0342
e327,100000,0.0,4.0,0.7609,0.02399,0.01167,-0.0323
e327,100000,0.0,4.5,0.7996,0.02594,0.01259,-0.0304
e327,100000,0.0,5.0,0.8371,0.02664,0.01382,-0.0283
e327,100000,0.0,5.5,0.873,0.02763,0.01497,-0.0258
e327,100000,0.0,6.0,0.9117,0.02833,0.0155,-0.0232
e327,100000,0.0,6.5,0.9436,0.03049,0.01642,-0.0202
e327,100000,0.0,7.0,0.9683,0.03176,0.01821,-0.0163
e327,100000,0.0,7.5,0.9956,0.03271,0.01913,-0.0123
e327,100000,0.0,8.0,1.0425,0.0323,0.01792,-0.0097
e327,100000,0.0,8.5,1.0475,0.03512,0.02026,-0.0036
e327,100000,0.0,9.0,1.0559,0.03616,0.02128,0.0031
e327,100000,0.0,9.5,1.115,0.03431,0.01872,0.0049
e327,100000,0.0,10.0,1.1036,0.03666,0.02033,0.0138
e327,100000,0.0,10.5,1.1044,0.03695,0.0203,0.0219
e327,100000,0.0,11.0,1.1629,0.03558,0.01773,0.0234
e327,100000,0.0,11.5,1.1593,0.03641,0.01808,0.0307
e327,100000,0.0,12.0,1.193,0.03601,0.01634,0.0343
e327,100000,0.0,12.5,1.1889,0.03755,0.01681,0.0397
e327,100000,0.0,13.0,1.184,0.04079,0.01837,0.0427
e327,100000,0.0,13.5,1.1887,0.04393,0.01944,0.0446
e327,100000,0.0,14.0,1.1533,0.05183,0.02599,0.0436
e327,100000,0.0,15.0,1.1093,0.06785,0.03868,0.0403
e327,200000,0.0,-5.0,-0.3394,0.03025,0.01486,-0.02
e327,200000,0.0,-4.5,-0.2918,0.02358,0.00859,-0.0153
e327,200000,0.0,-4.0,-0.2392,0.02017,0.0059,-0.0135
e327,200000,0.0,-3.5,-0.1846,0.01738,0.00389,-0.0121
e327,200000,0.0,-3.0,-0.1387,0.01569,0.00289,-0.0096
e327,200000,0.0,-2.5,-0.1005,0.01422,0.00201,-0.0056
e327,200000,0.0,-2.0,-0.0598,0.01431,0.00502,0.0039
e327,200000,0.0,-1.5,0.1218,0.01684,0.00663,-0.0155
e327,200000,0.0,-1.0,0.1968,0.01699,0.00641,-0.0191
e327,200000,0.0,-0.5,0.2678,0.01646,0.00603,-0.0227
e327,200000,0.0,0.0,0.3188,0.01632,0.00579,-0.0224
e327,200000,0.0,0.5,0.376,0.01629,0.00563,-0.0234
e327,200000,0.0,1.0,0.44,0.01588,0.00541,-0.0258
e327,200000,0.0,1.5,0.4937,0.01576,0.00528,-0.0262
e327,200000,0.0,2.0,0.5446,0.01621,0.00539,-0.026
e327,200000,0.0,2.5,0.6091,0.01588,0.0053,-0.0286
e327,200000,0.0,3.0,0.6621,0.01582,0.00533,-0.0288
e327,200000,0.0,3.5,0.7134,0.0159,0.00537,-0.0286
e327,200000,0.0,4.0,0.7639,0.0165,0.00562,-0.0285
e327,200000,0.0,4.5,0.8248,0.01654,0.00575,-0.0304
e327,200000,0.0,5.0,0.87,0.01677,0.00603,-0.0291
e327,200000,0.0,5.5,0.9139,0.01698,0.00617,-0.0274
e327,200000,0.0,6.0,0.9569,0.01747,0.00625,-0.0257
e327,200000,0.0,6.5,0.9985,0.01817,0.00677,-0.0239
e327,200000,0.0,7.0,1.0399,0.01828,0.00689,-0.0217
e327,200000,0.0,7.5,1.0808,0.0184,0.00682,-0.0195
e327,200000,0.0,8.0,1.1194,0.01934,0.00706,-0.0171
e327,200000,0.0,8.5,1.1559,0.01927,0.00704,-0.0141
e327,200000,0.0,9.0,1.1907,0.01936,0.00684,-0.0108
e327,200000,0.0,9.5,1.2203,0.01998,0.0068,-0.0068
e327,200000,0.0,10.0,1.2453,0.02017,0.00677,-0.002
e327,200000,0.0,10.5,1.2584,0.0209,0.00665,0.0047
e327,200000,0.0,11.0,1.2621,0.02128,0.00664,0.013
e327,200000,0.0,11.5,1.2411,0.02217,0.00653,0.0251
e327,200000,0.0,12.0,1.2448,0.02338,0.00691,0.0318
e327,200000,0.0,12.5,1.2433,0.02592,0.00812,0.0366
e327,200000,0.0,13.0,1.2295,0.03036,0.01071,0.0394
e327,200000,0.0,13.5,1.2258,0.03513,0.01397,0.0397
e327,200000,0.0,14.0,1.2074,0.04182,0.01873,0.0393
e327,200000,0.0,14.5,1.195,0.0485,0.0238,0.0379
e327,200000,0.0,15.0,1.1695,0.05657,0.0299,0.0367
e327,500000,0.0,-5.0,-0.0353,1e-05,-0.02821,-0.0452
e327,500000,0.0,-4.5,0.0073,0.0,-0.02942,-0.0438
e327,500000,0.0,-4.0,0.0339,0.0,-0.03013,-0.0411
e327,500000,0.0,-3.5,0.0511,0.0,-0.03076,-0.0374
e327,500000,0.0,-3.0,0.0609,0.0,-0.0311,-0.0331
e327,500000,0.0,-2.5,0.0456,0.0,-0.03129,-0.0254
e327,500000,0.0,-2.0,0.038,0.0,-0.03137,-0.0174
e327,500000,0.0,-1.5,0.0764,0.0,-0.0313,-0.0151
e327,500000,0.0,-1.0,0.0927,0.0,-0.03119,-0.01
e327,500000,0.0,-0.5,0.1648,0.0,-0.03064,-0.0117
e327,500000,0.0,0.0,0.2052,0.0,-0.03065,-0.0096
e327,500000,0.0,0.5,0.2041,0.0,-0.03076,-0.0024
e327,500000,0.0,1.0,0.2387,0.0,-0.03104,0.0003
e327,500000,0.0,1.5,0.2589,0.0,-0.03125,0.0053
e327,500000,0.0,2.0,0.1947,0.0,-0.03144,0.0216
e327,500000,0.0,2.5,0.2473,0.0,-0.0316,0.0211
e327,500000,0.0,3.0,0.269,0.0,-0.03216,0.0248
e327,500000,0.0,3.5,0.279,0.0,-0.03278,0.0298
e327,500000,0.0,4.0,0.2172,0.0,-0.03376,0.0442
e327,500000,0.0,4.5,0.2391,0.0,-0.0345,0.0468
e327,500000,0.0,5.0,0.2622,0.0,-0.03524,0.0491
e327,500000,0.0,5.5,0.2816,0.0,-0.03571,0.0524
e327,500000,0.0,6.0,0.2422,0.0,-0.03707,0.0613
e327,500000,0.0,6.5,0.2415,1e-05,-0.03782,0.0646
e327,500000,0.0,7.0,0.2476,1e-05,-0.03836,0.067
e327,500000,0.0,7.5,0.2557,2e-05,-0.03936,0.0698
e327,500000,0.0,8.0,0.2738,2e-05,-0.04038,0.072
e327,500000,0.0,8.5,0.26,4e-05,-0.04036,0.0744
e327,500000,0.0,9.0,0.2469,9e-05,-0.03971,0.0757
e327,500000,0.0,9.5,0.2634,0.00012,-0.0403,0.0766
e327,500000,0.0,10.0,0.2942,0.00012,-0.04181,0.0778
e327,500000,0.0,10.5,0.2874,0.00025,-0.03997,0.077
e327,500000,0.0,11.0,0.2911,0.00047,-0.03788,0.0749
e327,500000,0.0,11.5,0.3255,0.00049,-0.03929,0.0749
e327,500000,0.0,12.0,0.3451,0.0007,-0.03824,0.0734
e327,500000,0.0,12.5,0.3462,0.00122,-0.03479,0.0703
e327,500000,0.0,13.0,0.3647,0.0013,-0.03579,0.0712
e327,500000,0.0,13.5,0.37,0.00179,-0.03361,0.0699
e327,500000,0.0,14.0,0.3743,0.00264,-0.02999,0.067
e327,500000,0.0,14.5,0.3933,0.00316,-0.02885,0.0655
e327,500000,0.0,15.0,0.4042,0.00425,-0.02527,0.0624
e327,1000000,0.0,-5.0,-0.3661,0.01561,0.00424,-0.0081
e327,1000000,0.0,-4.5,-0.3153,0.01348,0.0026,-0.0068
e327,1000000,0.0,-4.0,-0.2684,0.01188,0.00145,-0.0048
e327,1000000,0.0,-3.5,-0.2221,0.01079,0.00077,-0.0027
e327,1000000,0.0,-3.0,-0.1739,0.01019,0.00039,-0.0011
e327,1000000,0.0,-2.5,-0.1238,0.00983,0.00017,0.0001
e327,1000000,0.0,-2.0,-0.0757,0.00912,-0.00011,0.0019
e327,1000000,0.0,-1.5,-0.0318,0.00836,-0.00024,0.0039
e327,1000000,0.0,-1.0,-0.0184,0.00604,-0.00032,0.0119
e327,1000000,0.0,-0.5,0.0359,0.00636,0.0001,0.013
e327,1000000,0.0,0.0,0.0903,0.00671,0.00037,0.0138
e327,1000000,0.0,0.5,0.1437,0.00711,0.00071,0.0148
e327,1000000,0.0,1.0,0.1995,0.00732,0.00087,0.0151
e327,1000000,0.0,1.5,0.256,0.00734,0.00085,0.0148
e327,1000000,0.0,2.0,0.3116,0.00744,0.00082,0.0146
e327,1000000,0.0,2.5,0.3664,0.00761,0.00086,0.0146
e327,1000000,0.0,3.0,0.4226,0.00771,0.0009,0.0143
e327,1000000,0.0,3.5,0.4793,0.00777,0.00091,0.0139
e327,1000000,0.0,4.0,0.5357,0.00785,0.00091,0.0135
e327,1000000,0.0,4.5,0.5911,0.00801,0.00094,0.0133
e327,1000000,0.0,5.0,0.6449,0.00816,0.001,0.0131
e327,1000000,0.0,5.5,0.7005,0.00825,0.00104,0.0128
e327,1000000,0.0,6.0,0.7568,0.00829,0.00104,0.0123
e327,1000000,0.0,6.5,0.8115,0.00845,0.00107,0.0121
e327,1000000,0.0,7.0,0.8636,0.00877,0.00115,0.0123
e327,1000000,0.0,7.5,0.9167,0.00902,0.00125,0.0123
e327,1000000,0.0,8.0,0.9706,0.00921,0.0013,0.0123
e327,1000000,0.0,8.5,1.0199,0.0097,0.00142,0.0128
e327,1000000,0.0,9.0,1.0716,0.01001,0.00154,0.013
e327,1000000,0.0,9.5,1.1174,0.01071,0.00177,0.014
e327,1000000,0.0,10.0,1.1606,0.01155,0.00209,0.0153
e327,1000000,0.0,10.5,1.202,0.01238,0.00246,0.0168
e327,1000000,0.0,11.0,1.2382,0.01333,0.0029,0.0192
e327,1000000,0.0,11.5,1.27,0.01439,0.00338,0.0223
e327,1000000,0.0,12.0,1.291,0.01558,0.00388,0.0271
e327,1000000,0.0,12.5,1.3226,0.01726,0.00476,0.0285
e327,1000000,0.0,13.0,1.3488,0.01904,0.00567,0.0302
e327,1000000,0.0,13.5,1.3545,0.02178,0.00715,0.0335
e327,1000000,0.0,14.0,1.3637,0.02491,0.009,0.0351
e327,1000000,0.0,14.5,1.356,0.03017,0.01244,0.0357
e327,1000000,0.0,15.0,1.3512,0.03575,0.01626,0.0353
goe424,50000,0.0,-5.0,-0.3458,0.0626,0.02461,-0.0637
goe424,50000,0.0,-4.5,-0.3239,0.0597,0.02301,-0.0609
goe424,50000,0.0,-4.0,-0.2933,0.05863,0.02233,-0.0593
goe424,50000,0.0,-3.5,-0.2575,0.05892,0.02249,-0.0582
goe424,50000,0.0,-3.0,-0.2203,0.06022,0.02331,-0.0571
goe424,50000,0.0,-2.0,-0.1959,0.05889,0.02653,-0.0493
goe424,50000,0.0,-1.5,-0.1254,0.06001,0.02824,-0.0536
goe424,50000,0.0,-0.5,-0.0898,0.06972,0.03429,-0.0385
goe424,50000,0.0,0.0,0.0084,0.075,0.04135,-0.0521
goe424,50000,0.0,0.5,-0.1203,0.06673,0.04001,-0.0322
goe424,50000,0.0,1.0,-0.0819,0.0695,0.04262,-0.0336
goe424,50000,0.0,1.5,-0.0346,0.07311,0.04592,-0.0363
goe424,50000,0.0,2.0,0.0438,0.07998,0.05089,-0.0435
goe424,50000,0.0,2.5,0.1005,0.10451,0.05519,-0.0486
goe424,50000,0.0,3.0,0.1295,0.10675,0.05831,-0.0487
goe424,50000,0.0,3.5,0.1575,0.10727,0.0614,-0.0484
goe424,50000,0.0,4.0,0.1363,0.0896,0.06005,-0.0385
goe424,50000,0.0,4.5,0.1726,0.09038,0.0624,-0.0382
goe424,50000,0.0,5.0,0.2485,0.09653,0.06736,-0.0438
goe424,50000,0.0,6.0,0.2729,0.10567,0.07523,-0.0414
goe424,50000,0.0,6.5,0.3069,0.10694,0.07803,-0.0408
goe424,50000,0.0,7.0,0.3861,0.11399,0.08247,-0.0457
goe424,50000,0.0,7.5,0.4684,0.12806,0.08808,-0.0522
goe424,50000,0.0,8.0,0.464,0.14919,0.09379,-0.0523
goe424,50000,0.0,8.5,0.4803,0.154,0.09897,-0.0527
goe424,50000,0.0,9.0,0.495,0.15768,0.10421,-0.0531
goe424,50000,0.0,9.5,0.4999,0.15751,0.1091,-0.0521
goe424,50000,0.0,10.0,0.4592,0.13818,0.10914,-0.044
goe424,50000,0.0,10.5,0.4945,0.14194,0.11322,-0.0447
goe424,50000,0.0,11.0,0.5612,0.14973,0.11747,-0.0477
goe424,50000,0.0,11.5,0.4611,0.18051,0.09894,-0.0333
goe424,50000,0.0,12.0,0.4668,0.18453,0.1035,-0.0334
goe424,50000,0.0,12.5,0.4664,0.18648,0.1078,-0.0331
goe424,50000,0.0,13.0,0.4435,0.17927,0.11001,-0.0302
goe424,50000,0.0,13.5,0.3917,0.15218,0.107,-0.0236
goe424,50000,0.0,14.0,0.4193,0.15504,0.11028,-0.0241
goe424,50000,0.0,14.5,0.4741,0.16399,0.11447,-0.026
goe424,50000,0.0,15.0,0.544,0.1843,0.12188,-0.0305
goe424,100000,0.0,-5.0,-0.0789,0.03194,0.002,-0.0847
goe424,100000,0.0,-4.5,-0.0438,0.03098,0.00184,-0.0817
goe424,100000,0.0,-4.0,-0.0155,0.0311,0.00264,-0.0779
goe424,100000,0.0,-3.5,-0.0034,0.03261,0.00455,-0.0727
goe424,100000,0.0,-3.0,-0.0005,0.03504,0.00721,-0.067
goe424,100000,0.0,-2.5,-0.009,0.03863,0.01085,-0.0612
goe424,100000,0.0,-2.0,0.002,0.04144,0.01389,-0.0581
goe424,100000,0.0,-1.5,0.025,0.04347,0.01624,-0.0558
goe424,100000,0.0,-1.0,0.0572,0.04386,0.01812,-0.0548
goe424,100000,0.0,-0.5,0.0917,0.04391,0.02025,-0.0519
goe424,100000,0.0,0.0,0.1331,0.04411,0.02151,-0.0471
goe424,100000,0.0,0.5,0.1985,0.04436,0.02211,-0.0461
goe424,100000,0.0,1.0,0.3214,0.04634,0.02303,-0.0571
goe424,100000,0.0,1.5,0.287,0.0518,0.02763,-0.0512
goe424,100000,0.0,2.0,0.264,0.05679,0.03286,-0.0467
goe424,100000,0.0,2.5,0.2691,0.06061,0.03675,-0.0446
goe424,100000,0.0,3.0,0.2748,0.0659,0.04146,-0.0437
goe424,100000,0.0,3.5,0.2886,0.07073,0.04568,-0.0432
goe424,100000,0.0,4.0,0.3047,0.07503,0.0495,-0.0427
goe424,100000,0.0,4.5,0.3223,0.07839,0.05286,-0.0419
goe424,100000,0.0,5.0,0.3488,0.08025,0.05511,-0.0409
goe424,100000,0.0,5.5,0.4157,0.08006,0.05474,-0.0413
goe424,100000,0.0,6.0,0.517,0.07837,0.0518,-0.0429
goe424,100000,0.0,6.5,0.551,0.08283,0.05071,-0.0403
goe424,100000,0.0,7.0,0.5451,0.08265,0.05513,-0.0383
goe424,100000,0.0,7.5,0.5618,0.08605,0.05847,-0.0374
goe424,100000,0.0,8.0,0.5903,0.08942,0.06122,-0.0372
goe424,100000,0.0,8.5,0.6246,0.09256,0.06351,-0.0373
goe424,100000,0.0,9.0,0.6627,0.09526,0.0651,-0.0372
goe424,100000,0.0,9.5,0.7088,0.09722,0.06532,-0.037
goe424,100000,0.0,10.0,0.7423,0.10333,0.06675,-0.0365
goe424,100000,0.0,10.5,0.7151,0.11328,0.07544,-0.0364
goe424,100000,0.0,11.0,0.6911,0.11867,0.08544,-0.0375
goe424,100000,0.0,11.5,0.6716,0.12655,0.09516,-0.0387
goe424,100000,0.0,12.0,0.6711,0.13359,0.10323,-0.0401
goe424,100000,0.0,12.5,0.6806,0.13927,0.10983,-0.0414
goe424,100000,0.0,13.0,0.7076,0.1423,0.11295,-0.0419
goe424,100000,0.0,13.5,0.7622,0.14191,0.11058,-0.0411
goe424,100000,0.0,14.0,0.8233,0.14063,0.10608,-0.0396
goe424,100000,0.0,15.0,0.8326,0.15493,0.12027,-0.0422
goe424,200000,0.0,-5.0,-0.0148,0.02325,-0.00449,-0.0893
goe424,200000,0.0,-4.5,0.0325,0.022,-0.00482,-0.0878
goe424,200000,0.0,-4.0,0.0764,0.02135,-0.0046,-0.0859
goe424,200000,0.0,-3.5,0.116,0.02101,-0.00411,-0.0835
goe424,200000,0.0,-3.0,0.1525,0.02093,-0.00347,-0.0807
goe424,200000,0.0,-2.5,0.1878,0.02109,-0.00268,-0.0777
goe424,200000,0.0,-2.0,0.2226,0.02148,-0.00174,-0.0749
goe424,200000,0.0,-1.5,0.2571,0.02211,-0.00055,-0.0722
goe424,200000,0.0,-1.0,0.2858,0.02239,0.00078,-0.0692
goe424,200000,0.0,-0.5,0.3142,0.0231,0.00246,-0.0662
goe424,200000,0.0,0.0,0.3418,0.02409,0.00439,-0.0628
goe424,200000,0.0,0.5,0.3685,0.02537,0.00639,-0.0589
goe424,200000,0.0,1.0,0.3925,0.02679,0.00832,-0.0541
goe424,200000,0.0,1.5,0.4318,0.02811,0.01001,-0.052
goe424,200000,0.0,2.0,0.5328,0.02886,0.01137,-0.0615
goe424,200000,0.0,2.5,0.6244,0.02899,0.01194,-0.0692
goe424,200000,0.0,3.0,0.6621,0.02871,0.01161,-0.0666
goe424,200000,0.0,3.5,0.7185,0.02793,0.01083,-0.0664
goe424,200000,0.0,4.0,0.7995,0.02694,0.00968,-0.0704
goe424,200000,0.0,4.5,0.7182,0.03417,0.01354,-0.0525
goe424,200000,0.0,5.0,0.7636,0.03389,0.01346,-0.0516
goe424,200000,0.0,5.5,0.7993,0.03447,0.01393,-0.05
goe424,200000,0.0,6.0,0.812,0.03769,0.01652,-0.0473
goe424,200000,0.0,6.5,0.7644,0.04862,0.02605,-0.044
goe424,200000,0.0,7.0,0.7501,0.05572,0.03228,-0.0423
goe424,200000,0.0,7.5,0.7793,0.05777,0.03372,-0.0415
goe424,200000,0.0,8.0,0.8299,0.05741,0.03278,-0.0411
goe424,200000,0.0,8.5,0.8924,0.05568,0.03042,-0.0409
goe424,200000,0.0,9.0,0.9615,0.05306,0.02714,-0.0408
goe424,200000,0.0,9.5,1.0392,0.04897,0.02247,-0.0406
goe424,200000,0.0,10.0,1.1255,0.04404,0.017,-0.0409
goe424,200000,0.0,11.0,1.0986,0.0566,0.02544,-0.0368
goe424,200000,0.0,11.5,1.1275,0.05858,0.02626,-0.0365
goe424,200000,0.0,12.0,1.159,0.06018,0.02657,-0.0359
goe424,200000,0.0,12.5,1.3029,0.04636,0.01037,-0.0368
goe424,200000,0.0,13.0,1.2623,0.05587,0.01737,-0.0349
goe424,200000,0.0,13.5,1.259,0.06102,0.02032,-0.0335
goe424,200000,0.0,14.0,1.1517,0.08072,0.03837,-0.0336
goe424,200000,0.0,14.5,1.1572,0.08581,0.04168,-0.0335
goe424,200000,0.0,15.0,1.1524,0.09155,0.04512,-0.0331
goe424,500000,0.0,-5.0,-0.0086,0.01822,-0.00766,-0.0879
goe424,500000,0.0,-4.5,0.0402,0.01698,-0.00784,-0.0869
goe424,500000,0.0,-4.0,0.0871,0.01608,-0.00779,-0.0856
goe424,500000,0.0,-3.5,0.1324,0.01543,-0.00759,-0.0841
goe424,500000,0.0,-3.0,0.1778,0.015,-0.00725,-0.0825
goe424,500000,0.0,-2.5,0.2241,0.01473,-0.00681,-0.0812
goe424,500000,0.0,-2.0,0.2719,0.01464,-0.00621,-0.0802
goe424,500000,0.0,-1.5,0.3217,0.01487,-0.00533,-0.0798
goe424,500000,0.0,-1.0,0.3702,0.01503,-0.00456,-0.0791
goe424,500000,0.0,-0.5,0.4188,0.01537,-0.00372,-0.0785
goe424,500000,0.0,0.0,0.4662,0.01578,-0.00286,-0.0777
goe424,500000,0.0,0.5,0.5001,0.01506,-0.00218,-0.0752
goe424,500000,0.0,1.0,0.5407,0.01564,-0.00107,-0.0736
goe424,500000,0.0,1.5,0.5755,0.01698,0.00036,-0.0712
goe424,500000,0.0,2.0,0.597,0.01945,0.00221,-0.0671
goe424,500000,0.0,2.5,0.6645,0.0173,0.00152,-0.0683
goe424,500000,0.0,3.0,0.7247,0.01612,0.00116,-0.0682
goe424,500000,0.0,3.5,0.7889,0.01592,0.00124,-0.0703
goe424,500000,0.0,4.0,0.8653,0.01549,0.00109,-0.0749
goe424,500000,0.0,4.5,0.9462,0.01513,0.00092,-0.0807
goe424,500000,0.0,5.0,1.024,0.01469,0.00056,-0.0858
goe424,500000,0.0,5.5,1.1089,0.01395,-0.00017,-0.0922
goe424,500000,0.0,6.0,1.1735,0.01361,-0.00071,-0.0947
goe424,500000,0.0,6.5,1.2036,0.01347,-0.00124,-0.0903
goe424,500000,0.0,7.0,1.2376,0.01338,-0.0018,-0.0866
goe424,500000,0.0,7.5,1.273,0.01331,-0.00241,-0.0833
goe424,500000,0.0,8.0,1.3129,0.0134,-0.00302,-0.0809
goe424,500000,0.0,8.5,1.3414,0.01418,-0.00311,-0.077
goe424,500000,0.0,9.0,1.3815,0.0146,-0.00351,-0.0754
goe424,500000,0.0,9.5,1.4188,0.01507,-0.00395,-0.0734
goe424,500000,0.0,10.0,1.3755,0.01853,-0.00354,-0.0598
goe424,500000,0.0,10.5,1.3343,0.02428,-0.00079,-0.0505
goe424,500000,0.0,11.0,1.3122,0.02983,0.00213,-0.045
goe424,500000,0.0,11.5,1.2665,0.03896,0.0084,-0.0409
goe424,500000,0.0,12.0,1.219,0.04958,0.01651,-0.0389
goe424,500000,0.0,12.5,1.2032,0.05602,0.02081,-0.0367
goe424,500000,0.0,13.5,1.0968,0.08202,0.04336,-0.0368
goe424,500000,0.0,14.0,1.0816,0.08879,0.04822,-0.0354
goe424,500000,0.0,14.5,1.1036,0.09193,0.04965,-0.0354
goe424,500000,0.0,15.0,1.1286,0.09477,0.05071,-0.0355
goe424,1000000,0.0,-5.0,0.0006,0.0201,-0.00611,-0.0901
goe424,1000000,0.0,-4.0,0.0868,0.01294,-0.00949,-0.0852
goe424,1000000,0.0,-3.5,0.133,0.01234,-0.00936,-0.0837
goe424,1000000,0.0,-3.0,0.1813,0.01201,-0.00896,-0.0827
goe424,1000000,0.0,-2.5,0.231,0.01185,-0.00841,-0.082
goe424,1000000,0.0,-2.0,0.2804,0.01167,-0.00784,-0.0812
goe424,1000000,0.0,-1.5,0.3326,0.01183,-0.00697,-0.0812
goe424,1000000,0.0,-1.0,0.3847,0.01202,-0.00617,-0.0811
goe424,1000000,0.0,-0.5,0.4367,0.01218,-0.00543,-0.0811
goe424,1000000,0.0,0.0,0.4891,0.01234,-0.00477,-0.0811
goe424,1000000,0.0,0.5,0.5397,0.01137,-0.00473,-0.0808
goe424,1000000,0.0,1.0,0.5992,0.01037,-0.00499,-0.0819
goe424,1000000,0.0,1.5,0.6517,0.00986,-0.00479,-0.082
goe424,1000000,0.0,2.0,0.7064,0.00983,-0.00442,-0.0825
goe424,1000000,0.0,2.5,0.7566,0.00948,-0.00413,-0.0822
goe424,1000000,0.0,3.0,0.811,0.00942,-0.00389,-0.0827
goe424,1000000,0.0,3.5,0.8613,0.00911,-0.00367,-0.0822
goe424,1000000,0.0,4.0,0.9114,0.00863,-0.00379,-0.0812
goe424,1000000,0.0,4.5,0.9654,0.00856,-0.00386,-0.0814
goe424,1000000,0.0,5.0,1.0221,0.00865,-0.0038,-0.0822
goe424,1000000,0.0,5.5,1.0805,0.00876,-0.00384,-0.0836
goe424,1000000,0.0,6.0,1.152,0.00894,-0.00392,-0.0879
goe424,1000000,0.0,6.5,1.214,0.00926,-0.00406,-0.0904
goe424,1000000,0.0,7.0,1.2719,0.00975,-0.00403,-0.0921
goe424,1000000,0.0,7.5,1.2968,0.00999,-0.00428,-0.0868
goe424,1000000,0.0,8.0,1.339,0.01024,-0.00457,-0.0851
goe424,1000000,0.0,8.5,1.3765,0.01076,-0.0049,-0.0828
goe424,1000000,0.0,9.0,1.3846,0.01229,-0.00481,-0.0757
goe424,1000000,0.0,9.5,1.4149,0.01329,-0.00485,-0.0728
goe424,1000000,0.0,10.0,1.3718,0.01795,-0.003,-0.0602
goe424,1000000,0.0,10.5,1.3149,0.0253,0.00112,-0.05
goe424,1000000,0.0,12.0,1.1865,0.05264,0.02047,-0.0386
goe424,1000000,0.0,12.5,1.2037,0.05605,0.02217,-0.0378
goe424,1000000,0.0,13.0,1.2251,0.05921,0.02365,-0.0374
goe424,1000000,0.0,13.5,1.0817,0.084,0.04656,-0.0377
goe424,1000000,0.0,14.0,1.1073,0.0867,0.0476,-0.0377
goe424,1000000,0.0,14.5,1.1339,0.0893,0.0485,-0.0377
goe424,1000000,0.0,15.0,1.1606,0.09187,0.04932,-0.0378
oaf095,50000,0.0,-5.0,-0.3146,0.04922,0.03565,-0.0638
oaf095,50000,0.0,-4.5,-0.2523,0.04154,0.02807,-0.074
oaf095,50000,0.0,-4.0,-0.1833,0.03583,0.02209,-0.0824
oaf095,50000,0.0,-3.5,-0.1231,0.03267,0.01907,-0.0864
oaf095,50000,0.0,-3.0,-0.0716,0.03129,0.01778,-0.0872
oaf095,50000,0.0,-2.5,-0.0125,0.02978,0.01619,-0.0901
oaf095,50000,0.0,-2.0,0.0359,0.02922,0.01577,-0.0903
oaf095,50000,0.0,-1.5,0.0902,0.02869,0.01522,-0.0923
oaf095,50000,0.0,-1.0,0.1408,0.02858,0.01513,-0.0934
oaf095,50000,0.0,-0.5,0.191,0.02863,0.0153,-0.0945
oaf095,50000,0.0,0.0,0.2412,0.02897,0.01569,-0.0958
oaf095,50000,0.0,0.5,0.288,0.02941,0.01636,-0.0963
oaf095,50000,0.0,1.0,0.3138,0.02926,0.01678,-0.0931
oaf095,50000,0.0,1.5,0.429,0.03174,0.01854,-0.1098
oaf095,50000,0.0,2.0,0.5121,0.034,0.02042,-0.1178
oaf095,50000,0.0,2.5,0.5891,0.03624,0.02238,-0.1241
oaf095,50000,0.0,3.0,0.6517,0.03844,0.02434,-0.1274
oaf095,50000,0.0,3.5,0.7366,0.04019,0.02582,-0.133
oaf095,50000,0.0,4.0,0.7928,0.04181,0.02726,-0.1335
oaf095,50000,0.0,4.5,0.8697,0.04216,0.02741,-0.1346
oaf095,50000,0.0,5.0,0.9732,0.0388,0.02401,-0.1339
oaf095,50000,0.0,5.5,1.0608,0.03265,0.01782,-0.1264
oaf095,50000,0.0,6.0,1.1247,0.02692,0.01148,-0.1155
oaf095,50000,0.0,6.5,1.1368,0.02859,0.00966,-0.1027
oaf095,50000,0.0,7.0,1.1711,0.03407,0.01246,-0.0985
oaf095,50000,0.0,7.5,1.227,0.03937,0.01545,-0.0974
oaf095,50000,0.0,8.0,1.2768,0.04505,0.01947,-0.0959
oaf095,50000,0.0,8.5,1.3135,0.05197,0.02599,-0.0927
oaf095,50000,0.0,9.0,1.3424,0.05875,0.03175,-0.0896
oaf095,50000,0.0,9.5,1.3467,0.06706,0.03886,-0.0854
oaf095,50000,0.0,10.0,1.3316,0.07654,0.04799,-0.0805
oaf095,50000,0.0,10.5,1.2999,0.08672,0.05763,-0.0762
oaf095,50000,0.0,11.0,1.2631,0.09797,0.06776,-0.0737
oaf095,50000,0.0,11.5,1.0723,0.13737,0.11427,-0.1015
oaf095,50000,0.0,12.0,1.0738,0.15097,0.12674,-0.1042
oaf095,50000,0.0,12.5,0.9861,0.1836,0.1708,-0.1361
oaf095,50000,0.0,13.0,1.0104,0.19387,0.17987,-0.1354
oaf095,50000,0.0,13.5,1.0257,0.2014,0.18957,-0.1358
oaf095,50000,0.0,14.0,1.0128,0.20775,0.20281,-0.1412
oaf095,50000,0.0,14.5,1.0349,0.21706,0.21305,-0.1415
oaf095,50000,0.0,15.0,1.0389,0.22601,0.22611,-0.1455
oaf095,100000,0.0,-5.0,-0.2139,0.02331,0.01005,-0.1005
oaf095,100000,0.0,-4.5,-0.1595,0.02202,0.00958,-0.1019
oaf095,100000,0.0,-4.0,-0.1062,0.02141,0.00922,-0.1028
oaf095,100000,0.0,-3.5,-0.0539,0.02113,0.0091,-0.1038
oaf095,100000,0.0,-3.0,0.0305,0.02102,0.00933,-0.1103
oaf095,100000,0.0,-2.5,0.1161,0.02076,0.00942,-0.1169
oaf095,100000,0.0,-2.0,0.2018,0.02072,0.00937,-0.1233
oaf095,100000,0.0,-1.5,0.2828,0.02049,0.00954,-0.1286
oaf095,100000,0.0,-1.0,0.363,0.0203,0.00955,-0.1336
oaf095,100000,0.0,-0.5,0.4376,0.02024,0.00963,-0.1375
oaf095,100000,0.0,0.0,0.5064,0.0201,0.00977,-0.1401
oaf095,100000,0.0,1.0,0.6254,0.01952,0.00996,-0.14
oaf095,100000,0.0,1.5,0.6806,0.01935,0.00978,-0.1392
oaf095,100000,0.0,2.0,0.7425,0.01965,0.00983,-0.1396
oaf095,100000,0.0,2.5,0.8024,0.01961,0.00958,-0.1388
oaf095,100000,0.0,3.0,0.858,0.01929,0.00904,-0.1364
oaf095,100000,0.0,3.5,0.9113,0.01885,0.00838,-0.1335
oaf095,100000,0.0,4.0,0.9639,0.01812,0.00737,-0.1299
oaf095,100000,0.0,4.5,1.0172,0.01728,0.00601,-0.126
oaf095,100000,0.0,5.0,1.0664,0.01692,0.00515,-0.1225
oaf095,100000,0.0,5.5,1.1124,0.01697,0.00441,-0.1188
oaf095,100000,0.0,6.0,1.1367,0.01969,0.00456,-0.1128
oaf095,100000,0.0,6.5,1.1583,0.0242,0.0069,-0.1078
oaf095,100000,0.0,7.0,1.1927,0.0276,0.00881,-0.1045
oaf095,100000,0.0,7.5,1.2368,0.03139,0.01104,-0.1022
oaf095,100000,0.0,8.0,1.2838,0.03574,0.01352,-0.1009
oaf095,100000,0.0,8.5,1.3269,0.03911,0.01642,-0.0985
oaf095,100000,0.0,9.0,1.3679,0.04413,0.01998,-0.0964
oaf095,100000,0.0,9.5,1.3947,0.05377,0.02693,-0.0935
oaf095,100000,0.0,10.0,1.4046,0.06207,0.03404,-0.0887
oaf095,100000,0.0,10.5,1.4066,0.06988,0.04118,-0.0836
oaf095,100000,0.0,11.0,1.3855,0.07717,0.04859,-0.0773
oaf095,100000,0.0,11.5,1.2664,0.0899,0.0641,-0.0717
oaf095,100000,0.0,12.0,1.1849,0.10806,0.0837,-0.0798
oaf095,100000,0.0,12.5,1.1322,0.12876,0.10516,-0.0905
oaf095,100000,0.0,13.0,1.076,0.17751,0.15429,-0.1139
oaf095,100000,0.0,13.5,1.0315,0.18803,0.17913,-0.1304
oaf095,100000,0.0,14.0,1.0513,0.19572,0.18711,-0.13
oaf095,100000,0.0,14.5,1.0576,0.20724,0.19904,-0.1327
oaf095,100000,0.0,15.0,1.0599,0.21336,0.21315,-0.1386
oaf095,200000,0.0,-5.0,-0.0952,0.01469,0.00416,-0.1223
oaf095,200000,0.0,-4.5,-0.0147,0.01405,0.00386,-0.1277
oaf095,200000,0.0,-4.0,0.0686,0.01348,0.00361,-0.1335
oaf095,200000,0.0,-3.5,0.1417,0.013,0.00345,-0.1371
oaf095,200000,0.0,-3.0,0.2082,0.01272,0.0034,-0.1389
oaf095,200000,0.0,-2.5,0.268,0.01252,0.00335,-0.1392
oaf095,200000,0.0,-2.0,0.3239,0.01243,0.00335,-0.1386
oaf095,200000,0.0,-1.5,0.3789,0.01231,0.0034,-0.1379
oaf095,200000,0.0,-1.0,0.4337,0.01223,0.00348,-0.1371
oaf095,200000,0.0,-0.5,0.4884,0.01215,0.00347,-0.1362
oaf095,200000,0.0,0.0,0.5432,0.01206,0.00343,-0.1353
oaf095,200000,0.0,0.5,0.5984,0.01192,0.00344,-0.1346
oaf095,200000,0.0,1.0,0.6532,0.01177,0.00339,-0.1338
oaf095,200000,0.0,1.5,0.7066,0.01144,0.00336,-0.1324
oaf095,200000,0.0,2.0,0.7496,0.01082,0.00298,-0.1282
oaf095,200000,0.0,3.0,0.8608,0.01098,0.00251,-0.1264
oaf095,200000,0.0,3.5,0.9157,0.01109,0.00232,-0.1255
oaf095,200000,0.0,4.0,0.9699,0.01129,0.00211,-0.1244
oaf095,200000,0.0,4.5,1.0232,0.01163,0.00196,-0.1232
oaf095,200000,0.0,5.0,1.0734,0.01232,0.00186,-0.1216
oaf095,200000,0.0,5.5,1.1126,0.01447,0.00232,-0.1191
oaf095,200000,0.0,6.0,1.1465,0.01765,0.00376,-0.1165
oaf095,200000,0.0,6.5,1.1855,0.02003,0.00512,-0.114
oaf095,200000,0.0,7.0,1.2243,0.02223,0.00642,-0.1114
oaf095,200000,0.0,7.5,1.2618,0.02458,0.00786,-0.1085
oaf095,200000,0.0,8.0,1.2967,0.02777,0.00965,-0.1054
oaf095,200000,0.0,8.5,1.3378,0.03047,0.01153,-0.1029
oaf095,200000,0.0,9.0,1.3774,0.03351,0.01362,-0.1003
oaf095,200000,0.0,9.5,1.4151,0.03744,0.0162,-0.0979
oaf095,200000,0.0,10.0,1.4418,0.04362,0.02068,-0.0946
oaf095,200000,0.0,10.5,1.4608,0.04774,0.02432,-0.0901
oaf095,200000,0.0,11.0,1.4631,0.05336,0.02918,-0.0843
oaf095,200000,0.0,11.5,1.4433,0.05937,0.03456,-0.077
oaf095,200000,0.0,12.0,1.412,0.06697,0.04158,-0.0719
oaf095,200000,0.0,12.5,1.3695,0.07684,0.05109,-0.07
oaf095,200000,0.0,13.0,1.3153,0.09003,0.06446,-0.0726
oaf095,200000,0.0,13.5,1.2488,0.10849,0.0844,-0.0819
oaf095,200000,0.0,14.0,1.1626,0.13843,0.11898,-0.1018
oaf095,500000,0.0,-5.0,-0.0489,0.0095,0.00107,-0.1266
oaf095,500000,0.0,-4.5,0.0071,0.00914,0.00093,-0.1264
oaf095,500000,0.0,-4.0,0.064,0.00887,0.00083,-0.1263
oaf095,500000,0.0,-3.5,0.1216,0.00865,0.00075,-0.1264
oaf095,500000,0.0,-3.0,0.1793,0.00844,0.00068,-0.1265
oaf095,500000,0.0,-2.5,0.2376,0.00824,0.00063,-0.1268
oaf095,500000,0.0,-2.0,0.2962,0.00809,0.00061,-0.1271
oaf095,500000,0.0,-1.5,0.3541,0.00801,0.00059,-0.1272
oaf095,500000,0.0,-1.0,0.4127,0.00793,0.0006,-0.1274
oaf095,500000,0.0,-0.5,0.4711,0.0079,0.00061,-0.1276
oaf095,500000,0.0,0.0,0.5288,0.00792,0.0006,-0.1276
oaf095,500000,0.0,1.0,0.6453,0.0079,0.00062,-0.128
oaf095,500000,0.0,1.5,0.7029,0.00791,0.00059,-0.128
oaf095,500000,0.0,2.0,0.7606,0.00794,0.00059,-0.1281
oaf095,500000,0.0,2.5,0.8179,0.00783,0.00063,-0.1282
oaf095,500000,0.0,3.0,0.8651,0.00748,0.00054,-0.1257
oaf095,500000,0.0,3.5,0.9215,0.00788,0.00055,-0.1255
oaf095,500000,0.0,4.0,0.9767,0.00845,0.00061,-0.1253
oaf095,500000,0.0,4.5,1.0276,0.00971,0.0009,-0.1247
oaf095,500000,0.0,5.0,1.0749,0.01159,0.0016,-0.1239
oaf095,500000,0.0,5.5,1.123,0.01315,0.00227,-0.1231
oaf095,500000,0.0,6.0,1.1714,0.0145,0.00291,-0.1221
oaf095,500000,0.0,6.5,1.2197,0.01576,0.00358,-0.1208
oaf095,500000,0.0,7.0,1.2679,0.01686,0.00417,-0.1196
oaf095,500000,0.0,7.5,1.3122,0.01835,0.00507,-0.1177
oaf095,500000,0.0,8.0,1.3571,0.01958,0.00579,-0.1159
oaf095,500000,0.0,8.5,1.3875,0.0224,0.00747,-0.112
oaf095,500000,0.0,9.0,1.4306,0.02344,0.00815,-0.1101
oaf095,500000,0.0,9.5,1.4643,0.02541,0.00943,-0.1068
oaf095,500000,0.0,10.0,1.4931,0.02761,0.01088,-0.1028
oaf095,500000,0.0,10.5,1.5149,0.02987,0.01239,-0.098
oaf095,500000,0.0,11.0,1.5328,0.0324,0.01411,-0.0931
oaf095,500000,0.0,11.5,1.5454,0.03575,0.01644,-0.0884
oaf095,500000,0.0,12.0,1.532,0.04363,0.0222,-0.0819
oaf095,500000,0.0,12.5,1.5391,0.0472,0.02514,-0.0785
oaf095,500000,0.0,13.0,1.5453,0.05119,0.02845,-0.076
oaf095,500000,0.0,13.5,1.5402,0.05696,0.03328,-0.0739
oaf095,500000,0.0,14.0,1.5236,0.06486,0.04013,-0.0729
oaf095,500000,0.0,14.5,1.4946,0.07505,0.04941,-0.0737
oaf095,500000,0.0,15.0,1.456,0.08807,0.06192,-0.0774
oaf095,1000000,0.0,-5.0,-0.0631,0.00788,0.00033,-0.122
oaf095,1000000,0.0,-4.5,-0.0035,0.00753,0.00019,-0.1227
oaf095,1000000,0.0,-4.0,0.0556,0.00726,8e-05,-0.1233
oaf095,1000000,0.0,-3.5,0.1152,0.00703,2e-05,-0.1239
oaf095,1000000,0.0,-3.0,0.1744,0.00687,-2e-05,-0.1243
oaf095,1000000,0.0,-2.5,0.2335,0.00675,-7e-05,-0.1248
oaf095,1000000,0.0,-2.0,0.2929,0.00662,-8e-05,-0.1253
oaf095,1000000,0.0,-1.5,0.3518,0.00656,-0.0001,-0.1257
oaf095,1000000,0.0,-1.0,0.4109,0.00649,-0.0001,-0.1261
oaf095,1000000,0.0,-0.5,0.4699,0.00645,-9e-05,-0.1265
oaf095,1000000,0.0,0.0,0.5286,0.00648,-8e-05,-0.1268
oaf095,1000000,0.0,0.5,0.5872,0.00651,-7e-05,-0.1271
oaf095,1000000,0.0,1.0,0.6455,0.00658,-6e-05,-0.1274
oaf095,1000000,0.0,1.5,0.7038,0.00666,-4e-05,-0.1277
oaf095,1000000,0.0,2.0,0.7617,0.00683,-1e-05,-0.1279
oaf095,1000000,0.0,2.5,0.8194,0.00702,4e-05,-0.1282
oaf095,1000000,0.0,3.0,0.8766,0.00732,0.00014,-0.1284
oaf095,1000000,0.0,3.5,0.9287,0.00716,0.00037,-0.1276
oaf095,1000000,0.0,4.0,0.9789,0.00842,0.00073,-0.1269
oaf095,1000000,0.0,4.5,1.0311,0.00966,0.00119,-0.1267
oaf095,1000000,0.0,5.0,1.0831,0.01077,0.00163,-0.1263
oaf095,1000000,0.0,5.5,1.1352,0.01171,0.00204,-0.1258
oaf095,1000000,0.0,6.0,1.1878,0.01247,0.00239,-0.1252
oaf095,1000000,0.0,6.5,1.2394,0.0133,0.00281,-0.1245
oaf095,1000000,0.0,7.0,1.2906,0.01407,0.00318,-0.1237
oaf095,1000000,0.0,7.5,1.3394,0.01513,0.00377,-0.1225
oaf095,1000000,0.0,8.0,1.3898,0.01579,0.0041,-0.1217
oaf095,1000000,0.0,8.5,1.4365,0.01686,0.00464,-0.1202
oaf095,1000000,0.0,9.0,1.4756,0.01874,0.00578,-0.1175
oaf095,1000000,0.0,9.5,1.5187,0.0199,0.00648,-0.1155
oaf095,1000000,0.0,10.0,1.5577,0.02131,0.00736,-0.1129
oaf095,1000000,0.0,10.5,1.5933,0.02285,0.00833,-0.1099
oaf095,1000000,0.0,11.0,1.6239,0.02448,0.00936,-0.1062
oaf095,1000000,0.0,11.5,1.6468,0.02617,0.01041,-0.1013
oaf095,1000000,0.0,12.0,1.6677,0.02801,0.01158,-0.0967
oaf095,1000000,0.0,12.5,1.6899,0.02998,0.0128,-0.093
oaf095,1000000,0.0,13.0,1.6995,0.03325,0.01497,-0.0886
oaf095,1000000,0.0,13.5,1.6738,0.04037,0.02029,-0.0824
oaf095,1000000,0.0,14.0,1.6942,0.04313,0.02228,-0.0805
oaf095,1000000,0.0,14.5,1.7067,0.04693,0.02509,-0.0788
oaf095,1000000,0.0,15.0,1.7071,0.05224,0.02919,-0.0771
goe374,50000,0.0,-5.0,-0.2854,0.0807,0.05087,-0.0113
goe374,50000,0.0,-4.5,-0.2786,0.07642,0.04604,-0.0119
goe374,50000,0.0,-4.0,-0.2546,0.07362,0.0405,-0.0192
goe374,50000,0.0,-3.5,-0.253,0.06692,0.03588,-0.0109
goe374,50000,0.0,-3.0,-0.2434,0.06024,0.03159,-0.011
goe374,50000,0.0,-2.5,-0.2409,0.05624,0.02722,-0.004
goe374,50000,0.0,-2.0,-0.2507,0.05112,0.02351,0.0046
goe374,50000,0.0,-0.5,0.0971,0.03538,0.00526,-0.0396
goe374,50000,0.0,0.0,0.1919,0.0307,0.00309,-0.0464
goe374,50000,0.0,0.5,0.2783,0.03011,0.00358,-0.0511
goe374,50000,0.0,1.0,0.3985,0.02852,0.00506,-0.0622
goe374,50000,0.0,1.5,0.4871,0.02872,0.00686,-0.0688
goe374,50000,0.0,2.0,0.5328,0.02925,0.00875,-0.0683
goe374,50000,0.0,2.5,0.6279,0.02879,0.01012,-0.0746
goe374,50000,0.0,3.0,0.6699,0.03099,0.01227,-0.0741
goe374,50000,0.0,4.5,0.8159,0.03448,0.01776,-0.0731
goe374,50000,0.0,5.0,0.8363,0.03694,0.02032,-0.0695
goe374,50000,0.0,5.5,0.9279,0.03447,0.01771,-0.0696
goe374,50000,0.0,6.0,0.9466,0.03797,0.02006,-0.0658
goe374,50000,0.0,6.5,0.9705,0.04,0.02199,-0.0619
goe374,50000,0.0,7.0,1.0381,0.04039,0.02082,-0.0606
goe374,50000,0.0,7.5,1.0218,0.04723,0.02616,-0.0548
goe374,50000,0.0,8.0,0.9826,0.05411,0.03255,-0.0476
goe374,50000,0.0,8.5,0.8934,0.06693,0.04411,-0.0432
goe374,50000,0.0,9.0,0.8668,0.0763,0.05271,-0.0431
goe374,50000,0.0,9.5,0.9834,0.07192,0.04289,-0.0362
goe374,50000,0.0,10.0,0.9587,0.07548,0.04798,-0.0347
goe374,50000,0.0,10.5,0.9377,0.08243,0.05489,-0.0354
goe374,50000,0.0,11.0,0.9128,0.09277,0.06488,-0.0379
goe374,50000,0.0,11.5,0.8882,0.10444,0.07648,-0.0415
goe374,50000,0.0,12.0,0.8658,0.11669,0.08908,-0.046
goe374,50000,0.0,12.5,0.8459,0.12931,0.10246,-0.0512
goe374,50000,0.0,13.5,1.0243,0.09964,0.05243,-0.0196
goe374,50000,0.0,14.0,0.9832,0.11645,0.0729,-0.029
goe374,50000,0.0,14.5,0.9391,0.13702,0.10011,-0.0404
goe374,50000,0.0,15.0,0.9147,0.15447,0.12383,-0.0489
goe374,100000,0.0,-5.0,-0.2884,0.07765,0.04865,-0.0104
goe374,100000,0.0,-4.5,-0.2824,0.07252,0.04409,-0.0102
goe374,100000,0.0,-4.0,-0.2678,0.06711,0.03903,-0.0114
goe374,100000,0.0,-3.5,-0.1872,0.05882,0.03007,-0.0252
goe374,100000,0.0,-3.0,-0.0974,0.04893,0.02174,-0.0386
goe374,100000,0.0,-2.5,0.0073,0.04109,0.01414,-0.0515
goe374,100000,0.0,-2.0,0.065,0.03443,0.00992,-0.0545
goe374,100000,0.0,-1.0,0.2648,0.0233,-0.00062,-0.0678
goe374,100000,0.0,-0.5,0.3211,0.02052,-0.00151,-0.066
goe374,100000,0.0,0.0,0.4082,0.01819,-0.0015,-0.071
goe374,100000,0.0,0.5,0.4854,0.01741,-0.00091,-0.0748
goe374,100000,0.0,1.0,0.5373,0.01666,-0.00031,-0.0736
goe374,100000,0.0,1.5,0.595,0.01634,0.00047,-0.0738
goe374,100000,0.0,2.0,0.6451,0.01631,0.00128,-0.0728
goe374,100000,0.0,2.5,0.6959,0.0171,0.00239,-0.0727
goe374,100000,0.0,3.0,0.7424,0.01723,0.00306,-0.0715
goe374,100000,0.0,3.5,0.7902,0.0175,0.00341,-0.0701
goe374,100000,0.0,4.0,0.8377,0.01862,0.00427,-0.0695
goe374,100000,0.0,4.5,0.884,0.01905,0.00485,-0.0684
goe374,100000,0.0,5.0,0.9391,0.01819,0.00521,-0.0692
goe374,100000,0.0,5.5,0.9824,0.02078,0.00661,-0.0683
goe374,100000,0.0,6.0,1.0279,0.02101,0.0066,-0.067
goe374,100000,0.0,6.5,1.0717,0.0214,0.00646,-0.0652
goe374,100000,0.0,7.0,1.111,0.0202,0.0031,-0.0618
goe374,100000,0.0,7.5,1.151,0.02018,0.00143,-0.0594
goe374,100000,0.0,8.0,1.1788,0.02159,-0.00098,-0.0549
goe374,100000,0.0,8.5,1.1795,0.02554,-0.00145,-0.0476
goe374,100000,0.0,9.0,1.1953,0.02815,-0.00232,-0.0408
goe374,100000,0.0,9.5,1.196,0.0307,-0.00265,-0.0321
goe374,100000,0.0,10.0,1.1856,0.03377,-0.00221,-0.0231
goe374,100000,0.0,10.5,1.172,0.03765,-0.00094,-0.0156
goe374,100000,0.0,11.0,1.1859,0.04326,0.00054,-0.0103
goe374,100000,0.0,11.5,1.1895,0.05199,0.00592,-0.0063
goe374,100000,0.0,12.0,1.1595,0.06018,0.01282,-0.0034
goe374,100000,0.0,12.5,1.1222,0.06922,0.02134,-0.0037
goe374,100000,0.0,13.0,1.0825,0.07972,0.03206,-0.0072
goe374,100000,0.0,13.5,1.0419,0.09214,0.04561,-0.0137
goe374,100000,0.0,14.0,1.002,0.10681,0.06251,-0.0224
goe374,100000,0.0,14.5,0.9638,0.12375,0.08337,-0.0325
goe374,100000,0.0,15.0,0.9327,0.14177,0.107,-0.042
goe374,200000,0.0,-5.0,-0.2174,0.0683,0.04079,-0.0275
goe374,200000,0.0,-4.5,-0.152,0.06024,0.03317,-0.0395
goe374,200000,0.0,-4.0,-0.0453,0.05587,0.02224,-0.0542
goe374,200000,0.0,-3.0,0.0714,0.03475,0.00976,-0.066
goe374,200000,0.0,-2.5,0.1495,0.02765,0.00374,-0.0707
goe374,200000,0.0,-2.0,0.2358,0.02161,-0.00156,-0.0751
goe374,200000,0.0,0.0,0.4374,0.01279,-0.00306,-0.0741
goe374,200000,0.0,1.0,0.5371,0.00412,-0.00336,-0.0702
goe374,200000,0.0,1.5,0.586,0.00391,-0.00281,-0.0692
goe374,200000,0.0,2.0,0.6328,0.00414,-0.0022,-0.0682
goe374,200000,0.0,2.5,0.6825,0.00412,-0.00168,-0.0681
goe374,200000,0.0,3.0,0.7316,0.00419,-0.00125,-0.0679
goe374,200000,0.0,3.5,0.7796,0.00441,-0.00089,-0.0673
goe374,200000,0.0,4.0,0.8287,0.00491,-0.00029,-0.0672
goe374,200000,0.0,4.5,0.8781,0.00493,-0.00027,-0.0669
goe374,200000,0.0,5.0,0.9267,0.00507,-0.0003,-0.0665
goe374,200000,0.0,5.5,0.978,0.00467,-0.00025,-0.0668
goe374,200000,0.0,6.0,1.0207,0.00535,-0.00051,-0.0654
goe374,200000,0.0,6.5,1.0656,0.00526,-0.00178,-0.0644
goe374,200000,0.0,7.0,1.1029,0.00603,-0.00264,-0.0624
goe374,200000,0.0,7.5,1.1305,0.0078,-0.00404,-0.059
goe374,200000,0.0,8.0,1.1538,0.01021,-0.00508,-0.0544
goe374,200000,0.0,8.5,1.1871,0.01179,-0.00736,-0.0499
goe374,200000,0.0,9.0,1.2144,0.02383,-0.00473,-0.0417
goe374,200000,0.0,10.0,1.2116,0.02905,-0.0055,-0.0232
goe374,200000,0.0,10.5,1.2487,0.04171,0.00044,-0.0198
goe374,200000,0.0,12.0,1.1324,0.06322,0.02106,-0.0013
goe374,200000,0.0,12.5,1.0894,0.07225,0.03008,-0.0032
goe374,200000,0.0,13.0,1.0496,0.08321,0.04142,-0.0083
goe374,200000,0.0,13.5,1.0135,0.09604,0.05507,-0.0155
goe374,200000,0.0,14.0,0.9805,0.11063,0.07132,-0.0236
goe374,200000,0.0,14.5,0.95,0.12705,0.09083,-0.0324
goe374,200000,0.0,15.0,0.9218,0.14525,0.11428,-0.0414
goe633,50000,0.0,-5.0,-0.2137,0.08681,0.05609,-0.0327
goe633,50000,0.0,-4.5,-0.2975,0.07308,0.03987,-0.0425
goe633,50000,0.0,-4.0,-0.3257,0.06884,0.03706,-0.0341
goe633,50000,0.0,-3.5,-0.3354,0.06413,0.0326,-0.029
goe633,50000,0.0,-3.0,-0.3367,0.05881,0.02679,-0.0245
goe633,50000,0.0,-2.5,-0.3248,0.05292,0.01982,-0.0205
goe633,50000,0.0,-2.0,-0.2659,0.04759,0.01336,-0.0214
goe633,50000,0.0,-1.5,-0.1579,0.04662,0.00991,-0.0288
goe633,50000,0.0,-1.0,-0.1365,0.04401,0.00914,-0.0235
goe633,50000,0.0,0.0,0.041,0.04317,0.01122,-0.033
goe633,50000,0.0,0.5,0.1072,0.04637,0.01284,-0.0351
goe633,50000,0.0,1.0,0.0921,0.04666,0.01431,-0.0276
goe633,50000,0.0,1.5,0.3007,0.0486,0.01947,-0.0576
goe633,50000,0.0,2.0,0.3828,0.04901,0.02027,-0.0594
goe633,50000,0.0,2.5,0.4605,0.05294,0.02119,-0.0613
goe633,50000,0.0,3.0,0.3794,0.05733,0.02631,-0.0497
goe633,50000,0.0,3.5,0.3604,0.06284,0.03102,-0.046
goe633,50000,0.0,4.0,0.359,0.06872,0.03559,-0.0443
goe633,50000,0.0,4.5,0.3642,0.07367,0.03946,-0.0425
goe633,50000,0.0,5.0,0.3773,0.07906,0.04331,-0.0415
goe633,50000,0.0,5.5,0.3358,0.10208,0.05285,-0.0462
goe633,50000,0.0,6.0,0.3154,0.08969,0.05336,-0.0381
goe633,50000,0.0,6.5,0.3343,0.09019,0.05575,-0.0355
goe633,50000,0.0,7.0,0.3868,0.09475,0.05974,-0.0363
goe633,50000,0.0,7.5,0.4649,0.12129,0.06583,-0.0419
goe633,50000,0.0,8.0,0.4707,0.12432,0.07064,-0.0407
goe633,50000,0.0,8.5,0.4292,0.10684,0.07104,-0.0322
goe633,50000,0.0,9.0,0.5029,0.10714,0.07009,-0.0284
goe633,50000,0.0,9.5,0.5434,0.10768,0.07131,-0.0257
goe633,50000,0.0,10.0,0.6118,0.1141,0.07066,-0.0229
goe633,50000,0.0,10.5,0.589,0.11915,0.0792,-0.0236
goe633,50000,0.0,11.0,0.5805,0.12689,0.08732,-0.0246
goe633,50000,0.0,12.0,0.5225,0.16848,0.0922,-0.0243
goe633,50000,0.0,12.5,0.5282,0.17549,0.09803,-0.0252
goe633,50000,0.0,13.0,0.5334,0.18076,0.10358,-0.0259
goe633,50000,0.0,13.5,0.538,0.18405,0.10895,-0.0268
goe633,50000,0.0,14.0,0.5377,0.18494,0.11402,-0.0277
goe633,50000,0.0,14.5,0.5005,0.16129,0.11531,-0.0285
goe633,50000,0.0,15.0,0.5155,0.16281,0.12013,-0.0297
goe633,100000,0.0,-5.0,-0.1317,0.04785,0.01954,-0.0739
goe633,100000,0.0,-4.5,-0.1624,0.03743,0.00948,-0.0644
goe633,100000,0.0,-4.0,-0.1297,0.0342,0.00531,-0.0595
goe633,100000,0.0,-3.5,-0.0848,0.03021,0.00233,-0.0565
goe633,100000,0.0,-3.0,-0.0292,0.02714,3e-05,-0.0549
goe633,100000,0.0,-2.5,0.0047,0.02804,-0.00025,-0.0518
goe633,100000,0.0,-2.0,0.0492,0.02682,-0.00057,-0.0494
goe633,100000,0.0,-1.5,0.0902,0.02633,-0.00043,-0.0467
goe633,100000,0.0,-1.0,0.1315,0.02625,-3e-05,-0.0441
goe633,100000,0.0,-0.5,0.1763,0.02599,0.00038,-0.0419
goe633,100000,0.0,0.0,0.2356,0.02524,0.00097,-0.0418
goe633,100000,0.0,0.5,0.3043,0.02447,0.00118,-0.0425
goe633,100000,0.0,1.0,0.3505,0.02606,0.00172,-0.0408
goe633,100000,0.0,1.5,0.6197,0.02335,0.00151,-0.0793
goe633,100000,0.0,2.0,0.6586,0.02338,0.00183,-0.0761
goe633,100000,0.0,2.5,0.7041,0.02293,0.00157,-0.0731
goe633,100000,0.0,3.0,0.7549,0.02218,0.0007,-0.0705
goe633,100000,0.0,3.5,0.7872,0.02362,0.00145,-0.0668
goe633,100000,0.0,4.0,0.8256,0.02361,0.0015,-0.0635
goe633,100000,0.0,4.5,0.8664,0.02377,0.00147,-0.0605
goe633,100000,0.0,5.0,0.9109,0.02368,0.00102,-0.0578
goe633,100000,0.0,5.5,0.9474,0.02491,0.00166,-0.0548
goe633,100000,0.0,6.0,0.959,0.0288,0.00442,-0.0499
goe633,100000,0.0,6.5,0.8988,0.03734,0.01021,-0.038
goe633,100000,0.0,7.0,0.7898,0.04705,0.01685,-0.024
goe633,100000,0.0,7.5,0.7447,0.05582,0.02391,-0.0208
goe633,100000,0.0,8.0,0.7284,0.06204,0.02946,-0.0191
goe633,100000,0.0,8.5,0.7103,0.06814,0.0353,-0.0177
goe633,100000,0.0,9.0,0.7122,0.07215,0.03898,-0.0159
goe633,100000,0.0,9.5,0.7515,0.0719,0.03815,-0.0129
goe633,100000,0.0,10.0,0.8229,0.06752,0.03285,-0.0085
goe633,100000,0.0,10.5,0.796,0.07697,0.03869,-0.0065
goe633,100000,0.0,11.0,0.8063,0.08015,0.04258,-0.006
goe633,100000,0.0,11.5,0.7545,0.09371,0.05693,-0.0091
goe633,100000,0.0,12.0,0.7226,0.10552,0.06919,-0.0117
goe633,100000,0.0,12.5,0.7033,0.11607,0.08022,-0.0141
goe633,100000,0.0,13.0,0.7081,0.12241,0.08664,-0.0148
goe633,100000,0.0,13.5,0.689,0.1333,0.0988,-0.0181
goe633,100000,0.0,14.0,0.6725,0.14374,0.11107,-0.0216
goe633,100000,0.0,14.5,0.661,0.15391,0.12349,-0.0252
goe633,100000,0.0,15.0,0.554,0.17888,0.1179,-0.0247
goe633,500000,0.0,-5.0,-0.1672,0.03274,0.00779,-0.0575
goe633,1000000,0.0,-5.0,-0.2269,0.01844,-0.00549,-0.047
goe633,1000000,0.0,-4.5,-0.1807,0.01689,-0.00633,-0.0454
goe633,1000000,0.0,-4.0,-0.1324,0.01549,-0.00706,-0.0441
goe633,1000000,0.0,-3.5,-0.0821,0.01423,-0.00767,-0.043
goe633,1000000,0.0,-3.0,-0.0305,0.01312,-0.00818,-0.0421
goe633,1000000,0.0,-2.5,0.0223,0.01224,-0.00857,-0.0413
goe633,1000000,0.0,-2.0,0.0727,0.01097,-0.0091,-0.0403
goe633,1000000,0.0,-1.5,0.1247,0.01043,-0.0091,-0.0396
goe633,1000000,0.0,-1.0,0.1786,0.00968,-0.00938,-0.0387
goe633,1000000,0.0,-0.5,0.2338,0.00905,-0.00972,-0.0375
b707e,50000,0.0,-4.5,-0.392,0.05803,0.04742,0.0213
b707e,50000,0.0,-3.5,-0.4177,0.03828,0.02475,-0.0142
b707e,50000,0.0,-3.0,-0.3652,0.03463,0.01993,-0.0126
b707e,50000,0.0,-2.5,-0.3208,0.03203,0.01641,-0.0099
b707e,50000,0.0,-2.0,-0.2744,0.03006,0.0136,-0.007
b707e,50000,0.0,-1.5,-0.2289,0.0276,0.01146,-0.0047
b707e,50000,0.0,-1.0,-0.1822,0.02624,0.00998,-0.0025
b707e,50000,0.0,-0.5,-0.1403,0.02531,0.00895,-0.0
b707e,50000,0.0,0.0,-0.1021,0.02467,0.00816,0.0023
b707e,50000,0.0,0.5,-0.0618,0.0243,0.00763,0.0039
b707e,50000,0.0,1.0,0.01,0.022,0.0079,0.0006
b707e,50000,0.0,1.5,0.0449,0.02292,0.00812,0.0025
b707e,50000,0.0,2.0,0.0794,0.02396,0.00871,0.0039
b707e,50000,0.0,2.5,0.1134,0.02516,0.00954,0.005
b707e,50000,0.0,3.0,0.1713,0.02724,0.01121,0.001
b707e,50000,0.0,3.5,0.2959,0.03022,0.01404,-0.0147
b707e,50000,0.0,4.0,0.3882,0.03187,0.01584,-0.0229
b707e,50000,0.0,4.5,0.5483,0.0309,0.01565,-0.0367
b707e,50000,0.0,5.0,0.6743,0.02839,0.014,-0.0426
b707e,50000,0.0,5.5,0.7598,0.02528,0.01126,-0.0399
b707e,50000,0.0,6.0,0.8108,0.02288,0.00849,-0.0322
b707e,50000,0.0,6.5,0.8313,0.02317,0.00679,-0.0221
b707e,50000,0.0,7.0,0.8365,0.0283,0.00899,-0.0135
b707e,50000,0.0,7.5,0.8824,0.03244,0.01118,-0.011
b707e,50000,0.0,8.0,0.9323,0.03814,0.01445,-0.0093
b707e,50000,0.0,8.5,0.972,0.04481,0.01986,-0.0064
b707e,50000,0.0,9.0,0.9919,0.05276,0.0269,-0.0021
b707e,50000,0.0,9.5,0.9793,0.06134,0.03565,0.0038
b707e,50000,0.0,10.0,0.9459,0.06989,0.04424,0.0089
b707e,50000,0.0,10.5,0.9015,0.07819,0.05244,0.012
b707e,50000,0.0,11.0,0.861,0.08887,0.06289,0.0096
b707e,50000,0.0,11.5,0.8331,0.10173,0.07586,0.0038
b707e,50000,0.0,12.0,0.7822,0.1224,0.09844,-0.0111
b707e,50000,0.0,12.5,0.73,0.14592,0.12704,-0.0313
b707e,50000,0.0,13.0,0.7634,0.15759,0.13665,-0.0312
b707e,50000,0.0,13.5,0.74,0.16251,0.14657,-0.0364
b707e,50000,0.0,14.0,0.7635,0.17228,0.15658,-0.0375
b707e,50000,0.0,14.5,0.7589,0.1785,0.167,-0.0415
b707e,50000,0.0,15.0,0.7776,0.18682,0.1773,-0.0431
b707e,100000,0.0,-5.0,-0.4876,0.04953,0.03923,-0.021
b707e,100000,0.0,-4.5,-0.4775,0.04511,0.03472,-0.0171
b707e,100000,0.0,-4.0,-0.4637,0.04078,0.03039,-0.0136
b707e,100000,0.0,-3.5,-0.4485,0.03665,0.0265,-0.0097
b707e,100000,0.0,-3.0,-0.4101,0.03219,0.02217,-0.0091
b707e,100000,0.0,-2.5,-0.3355,0.02784,0.01719,-0.0137
b707e,100000,0.0,-2.0,-0.2156,0.02666,0.01308,-0.0168
b707e,100000,0.0,-1.5,-0.1467,0.02415,0.01072,-0.0188
b707e,100000,0.0,-1.0,-0.0821,0.02327,0.00913,-0.0197
b707e,100000,0.0,-0.5,-0.0135,0.02158,0.00816,-0.0224
b707e,100000,0.0,0.0,0.0371,0.02097,0.00765,-0.0219
b707e,100000,0.0,0.5,0.1057,0.02066,0.00734,-0.0247
b707e,100000,0.0,1.0,0.2396,0.01828,0.00768,-0.0403
b707e,100000,0.0,1.5,0.3206,0.01843,0.00779,-0.0455
b707e,100000,0.0,2.0,0.4877,0.01546,0.00552,-0.0621
b707e,100000,0.0,2.5,0.5393,0.01523,0.00531,-0.06
b707e,100000,0.0,3.0,0.5938,0.01507,0.00509,-0.0584
b707e,100000,0.0,3.5,0.6382,0.01512,0.00504,-0.055
b707e,100000,0.0,4.0,0.6815,0.01479,0.00452,-0.0507
b707e,100000,0.0,4.5,0.7239,0.01438,0.00383,-0.0462
b707e,100000,0.0,5.0,0.7616,0.01426,0.00321,-0.0411
b707e,100000,0.0,5.5,0.7899,0.01512,0.00269,-0.0347
b707e,100000,0.0,6.0,0.8107,0.01727,0.00322,-0.0287
b707e,100000,0.0,6.5,0.83,0.02018,0.00416,-0.0229
b707e,100000,0.0,7.0,0.8589,0.02258,0.00547,-0.0183
b707e,100000,0.0,7.5,0.8871,0.02624,0.00736,-0.0134
b707e,100000,0.0,8.0,0.932,0.03079,0.01002,-0.0115
b707e,100000,0.0,8.5,0.9793,0.03639,0.01389,-0.0098
b707e,100000,0.0,9.0,1.0046,0.04348,0.02001,-0.0049
b707e,100000,0.0,9.5,1.0131,0.05163,0.02685,0.0004
b707e,100000,0.0,10.0,0.9878,0.06007,0.03536,0.0081
b707e,100000,0.0,10.5,0.9663,0.07138,0.04408,0.0121
b707e,100000,0.0,11.0,0.8283,0.07134,0.04279,0.0171
b707e,100000,0.0,11.5,0.7725,0.08466,0.05304,0.0116
b707e,100000,0.0,12.0,0.7835,0.11341,0.09149,-0.0069
b707e,100000,0.0,12.5,0.7564,0.13499,0.11557,-0.0192
b707e,100000,0.0,13.0,0.7783,0.14465,0.12305,-0.0188
b707e,100000,0.0,13.5,0.7543,0.15441,0.13698,-0.0271
b707e,100000,0.0,14.0,0.7546,0.16203,0.14788,-0.0314
b707e,100000,0.0,14.5,0.7893,0.17332,0.15368,-0.0288
b707e,100000,0.0,15.0,0.7675,0.17777,0.16915,-0.0383
b707e,200000,0.0,-5.0,-0.3956,0.04081,0.03108,-0.0355
b707e,200000,0.0,-4.0,-0.2714,0.03056,0.0209,-0.0431
b707e,200000,0.0,-3.5,-0.2153,0.02679,0.01701,-0.0443
b707e,200000,0.0,-3.0,-0.145,0.02303,0.01335,-0.049
b707e,200000,0.0,-2.0,0.0057,0.01678,0.00653,-0.0506
b707e,200000,0.0,-1.5,0.0651,0.0151,0.00509,-0.0509
b707e,200000,0.0,-1.0,0.1286,0.01386,0.00395,-0.052
b707e,200000,0.0,-0.5,0.1825,0.01285,0.00323,-0.0516
b707e,200000,0.0,0.5,0.2815,0.01112,0.00238,-0.0488
b707e,200000,0.0,1.0,0.4496,0.00945,0.00176,-0.0684
b707e,200000,0.0,1.5,0.4849,0.00942,0.00164,-0.0644
b707e,200000,0.0,2.0,0.5215,0.00939,0.00156,-0.0604
b707e,200000,0.0,2.5,0.5608,0.00934,0.00135,-0.0568
b707e,200000,0.0,3.0,0.6012,0.00938,0.00111,-0.0533
b707e,200000,0.0,3.5,0.6424,0.00959,0.00097,-0.05
b707e,200000,0.0,4.0,0.678,0.01017,0.00082,-0.0458
b707e,200000,0.0,4.5,0.7029,0.01172,0.00113,-0.0402
b707e,200000,0.0,5.0,0.7368,0.01295,0.00154,-0.0365
b707e,200000,0.0,5.5,0.7626,0.01501,0.00222,-0.0317
b707e,200000,0.0,6.0,0.8016,0.01608,0.00276,-0.0289
b707e,200000,0.0,6.5,0.8384,0.01737,0.0035,-0.0256
b707e,200000,0.0,7.0,0.8631,0.01983,0.00496,-0.0204
b707e,200000,0.0,7.5,0.894,0.02307,0.00671,-0.0162
b707e,200000,0.0,8.0,0.9366,0.02631,0.00867,-0.014
b707e,200000,0.0,8.5,0.981,0.03224,0.0121,-0.0131
b707e,200000,0.0,9.0,1.0126,0.03822,0.01636,-0.0098
b707e,200000,0.0,9.5,1.0333,0.04209,0.02006,-0.0045
b707e,200000,0.0,11.0,0.9674,0.05985,0.03657,0.0179
b707e,200000,0.0,12.5,0.8046,0.10885,0.0877,-0.0028
b707e,200000,0.0,13.5,0.7811,0.13421,0.11267,-0.0139
b707e,200000,0.0,14.0,0.7672,0.14907,0.13285,-0.0237
b707e,200000,0.0,14.5,0.7667,0.15963,0.14664,-0.0291
b707e,200000,0.0,15.0,0.7776,0.16655,0.15534,-0.0316
b707e,500000,0.0,-4.5,-0.2395,0.02582,0.01829,-0.0538
b707e,500000,0.0,-4.0,-0.1781,0.02282,0.01403,-0.0545
b707e,500000,0.0,-3.5,-0.1273,0.01895,0.01056,-0.0536
b707e,500000,0.0,-3.0,-0.077,0.01682,0.00861,-0.0529
b707e,500000,0.0,-2.5,-0.0262,0.01497,0.00671,-0.0519
b707e,500000,0.0,-2.0,0.0291,0.0126,0.00427,-0.0504
b707e,500000,0.0,-1.5,0.0812,0.01102,0.00277,-0.049
b707e,500000,0.0,-1.0,0.1302,0.01017,0.00209,-0.0476
b707e,500000,0.0,-0.5,0.1807,0.00978,0.00151,-0.0463
b707e,500000,0.0,0.0,0.2287,0.00918,0.00098,-0.0444
b707e,500000,0.0,0.5,0.2779,0.00877,0.00055,-0.0428
b707e,500000,0.0,1.5,0.3606,0.00694,1e-05,-0.0372
b707e,500000,0.0,2.0,0.4435,0.00685,0.00013,-0.0426
b707e,500000,0.0,2.5,0.5348,0.0088,0.00052,-0.0519
b707e,500000,0.0,3.0,0.5667,0.00989,0.00086,-0.0478
b707e,500000,0.0,3.5,0.6062,0.01053,0.00114,-0.0448
b707e,500000,0.0,4.0,0.6493,0.01096,0.00139,-0.0423
b707e,500000,0.0,4.5,0.6899,0.01166,0.00181,-0.0396
b707e,500000,0.0,5.0,0.7316,0.01232,0.00218,-0.0371
b707e,500000,0.0,5.5,0.7784,0.01254,0.00229,-0.0357
b707e,500000,0.0,6.0,0.8239,0.01292,0.00233,-0.0339
b707e,500000,0.0,6.5,0.8663,0.01361,0.00252,-0.0315
b707e,500000,0.0,7.0,0.9095,0.01424,0.0025,-0.0293
b707e,500000,0.0,7.5,0.9446,0.0156,0.00315,-0.0256
b707e,500000,0.0,8.0,0.9745,0.0174,0.00412,-0.0212
b707e,500000,0.0,8.5,1.0025,0.01946,0.00529,-0.0167
b707e,500000,0.0,9.0,1.0264,0.02268,0.00726,-0.0118
b707e,500000,0.0,9.5,1.0514,0.02788,0.0108,-0.0077
b707e,500000,0.0,10.0,1.0608,0.03462,0.01572,-0.0018
b707e,500000,0.0,10.5,1.0662,0.03858,0.01886,0.0046
drgnfly,50000,0.0,-5.0,-0.5351,0.13468,0.12089,-0.0045
drgnfly,50000,0.0,-4.5,-0.5321,0.12984,0.11576,-0.0031
drgnfly,50000,0.0,-4.0,-0.5355,0.12615,0.11059,-0.0014
drgnfly,50000,0.0,-3.5,-0.5137,0.12147,0.10678,0.0045
drgnfly,50000,0.0,-3.0,-0.4884,0.11802,0.10345,0.012
drgnfly,50000,0.0,-2.0,-0.423,0.08293,0.06342,-0.0421
drgnfly,50000,0.0,-1.5,-0.3606,0.08038,0.05875,-0.0445
drgnfly,50000,0.0,-1.0,-0.3257,0.07685,0.05541,-0.0419
drgnfly,50000,0.0,-0.5,-0.2878,0.07538,0.05341,-0.0399
drgnfly,50000,0.0,0.0,-0.2275,0.07731,0.05374,-0.0415
drgnfly,50000,0.0,0.5,-0.1884,0.07644,0.05333,-0.0399
drgnfly,50000,0.0,1.0,-0.1473,0.07663,0.05396,-0.0394
drgnfly,50000,0.0,1.5,-0.0748,0.08004,0.05654,-0.0436
drgnfly,50000,0.0,2.0,0.0083,0.07966,0.06022,-0.0527
drgnfly,50000,0.0,2.5,0.0425,0.08254,0.06216,-0.0518
drgnfly,50000,0.0,3.0,0.0883,0.08631,0.06488,-0.0526
drgnfly,50000,0.0,3.5,0.1079,0.08776,0.06636,-0.0501
drgnfly,50000,0.0,4.0,0.1664,0.09417,0.07022,-0.053
drgnfly,50000,0.0,4.5,0.177,0.09413,0.0714,-0.0494
drgnfly,50000,0.0,5.0,0.2012,0.09682,0.07365,-0.0481
drgnfly,50000,0.0,5.5,0.2448,0.10117,0.07692,-0.0491
drgnfly,50000,0.0,6.0,0.2594,0.103,0.07896,-0.0469
drgnfly,50000,0.0,6.5,0.3092,0.10862,0.08278,-0.0488
drgnfly,50000,0.0,7.0,0.3163,0.10966,0.08476,-0.0461
drgnfly,50000,0.0,7.5,0.368,0.11606,0.08889,-0.0484
drgnfly,50000,0.0,8.0,0.3706,0.11667,0.09102,-0.0456
drgnfly,50000,0.0,8.5,0.4219,0.12348,0.09534,-0.048
drgnfly,50000,0.0,9.0,0.4224,0.12396,0.09779,-0.0454
drgnfly,50000,0.0,9.5,0.4726,0.13108,0.10227,-0.0478
drgnfly,50000,0.0,10.0,0.472,0.13156,0.10517,-0.0455
drgnfly,50000,0.0,11.0,0.5199,0.13944,0.11324,-0.0461
drgnfly,50000,0.0,11.5,0.5715,0.14806,0.11822,-0.0488
drgnfly,50000,0.0,12.0,0.5666,0.14766,0.1221,-0.0471
drgnfly,50000,0.0,12.5,0.6027,0.15461,0.12716,-0.0488
drgnfly,50000,0.0,13.0,0.6142,0.15647,0.13185,-0.0487
drgnfly,50000,0.0,13.5,0.6302,0.16055,0.13736,-0.0494
drgnfly,50000,0.0,14.0,0.6668,0.16702,0.14255,-0.0512
drgnfly,50000,0.0,14.5,0.6717,0.16904,0.14873,-0.0516
drgnfly,50000,0.0,15.0,0.6941,0.17439,0.15505,-0.0531
drgnfly,100000,0.0,-5.0,-0.3884,0.10461,0.09026,-0.0636
drgnfly,100000,0.0,-4.5,-0.4136,0.09909,0.08298,-0.0612
drgnfly,100000,0.0,-4.0,-0.3828,0.09444,0.07833,-0.0616
drgnfly,100000,0.0,-3.5,-0.3849,0.09118,0.07631,-0.0552
drgnfly,100000,0.0,-2.0,-0.3004,0.06671,0.04537,-0.0483
drgnfly,100000,0.0,-1.5,-0.2504,0.06306,0.0412,-0.0467
drgnfly,100000,0.0,-1.0,-0.1838,0.06302,0.03993,-0.0485
drgnfly,100000,0.0,-0.5,-0.1568,0.06957,0.04824,-0.0449
drgnfly,100000,0.0,0.0,-0.1476,0.06898,0.04816,-0.0402
drgnfly,100000,0.0,0.5,-0.0973,0.07009,0.0488,-0.04
drgnfly,100000,0.0,1.0,-0.0346,0.07283,0.04994,-0.0411
drgnfly,100000,0.0,1.5,-0.0434,0.07163,0.0502,-0.0345
drgnfly,100000,0.0,2.0,0.1143,0.07521,0.05725,-0.0585
drgnfly,100000,0.0,2.5,0.1801,0.0808,0.05962,-0.0611
drgnfly,100000,0.0,3.0,0.1625,0.07948,0.0607,-0.0544
drgnfly,100000,0.0,3.5,0.2257,0.08444,0.06308,-0.0566
drgnfly,100000,0.0,4.0,0.2105,0.08442,0.06478,-0.0511
drgnfly,100000,0.0,4.5,0.2671,0.08855,0.06701,-0.0526
drgnfly,100000,0.0,5.0,0.2617,0.0901,0.06939,-0.0488
drgnfly,100000,0.0,5.5,0.3095,0.09348,0.07153,-0.0494
drgnfly,100000,0.0,6.0,0.3746,0.09961,0.07426,-0.0521
drgnfly,100000,0.0,7.5,0.3996,0.10565,0.08225,-0.0456
drgnfly,100000,0.0,8.0,0.4532,0.11019,0.08458,-0.047
drgnfly,200000,0.0,-5.0,0.0183,0.04149,0.0269,-0.1058
drgnfly,200000,0.0,-4.0,0.0364,0.04198,0.02961,-0.0972
drgnfly,200000,0.0,-3.5,0.0773,0.0351,0.02139,-0.0908
drgnfly,200000,0.0,-3.0,0.1295,0.03392,0.0199,-0.0899
drgnfly,200000,0.0,-2.5,0.1849,0.03262,0.01842,-0.0895
drgnfly,200000,0.0,-1.5,-0.075,0.05487,0.0359,-0.0533
drgnfly,200000,0.0,-1.0,-0.0502,0.05354,0.03473,-0.0487
drgnfly,200000,0.0,-0.5,-0.0253,0.05517,0.03586,-0.0461
drgnfly,500000,0.0,-5.0,0.0603,0.01971,0.00845,-0.1058
drgnfly,500000,0.0,-4.5,0.1098,0.01847,0.00724,-0.1048
drgnfly,500000,0.0,-4.0,0.159,0.01679,0.00612,-0.104
drgnfly,500000,0.0,-3.5,0.2083,0.01597,0.00549,-0.1031
drgnfly,500000,0.0,-3.0,0.2578,0.01542,0.00499,-0.1022
drgnfly,500000,0.0,-2.5,0.3068,0.01531,0.00472,-0.1013
drgnfly,500000,0.0,-2.0,0.3523,0.0147,0.00444,-0.0996
drgnfly,500000,0.0,-1.5,0.401,0.0145,0.00436,-0.0986
drgnfly,500000,0.0,-1.0,0.4489,0.01422,0.00429,-0.0975
drgnfly,500000,0.0,-0.5,0.4773,0.01269,0.00426,-0.0932
drgnfly,500000,0.0,0.0,0.5155,0.01222,0.00434,-0.0899
drgnfly,500000,0.0,0.5,0.6067,0.01187,0.00458,-0.0974
drgnfly,500000,0.0,1.0,0.7365,0.01252,0.00495,-0.1127
drgnfly,500000,0.0,1.5,0.8163,0.01313,0.00523,-0.1186
drgnfly,500000,0.0,2.0,0.8974,0.01337,0.00546,-0.1248
drgnfly,500000,0.0,2.5,0.9767,0.01356,0.00564,-0.1309
drgnfly,500000,0.0,3.0,1.0367,0.01379,0.00582,-0.133
drgnfly,500000,0.0,3.5,1.0774,0.01402,0.00594,-0.131
drgnfly,500000,0.0,4.0,1.1218,0.01417,0.00593,-0.1295
drgnfly,500000,0.0,4.5,1.1684,0.0144,0.00594,-0.1285
drgnfly,500000,0.0,5.0,1.2149,0.01494,0.00603,-0.1277
drgnfly,500000,0.0,5.5,1.2493,0.01541,0.00636,-0.1246
drgnfly,500000,0.0,6.0,1.2823,0.01595,0.00669,-0.1212
drgnfly,500000,0.0,6.5,1.3184,0.01634,0.0068,-0.1184
drgnfly,500000,0.0,7.0,1.3597,0.01664,0.0068,-0.1166
drgnfly,500000,0.0,7.5,1.408,0.01678,0.00662,-0.116
drgnfly,500000,0.0,8.0,1.4608,0.01704,0.00647,-0.1164
drgnfly,500000,0.0,8.5,1.4826,0.01788,0.00672,-0.1113
drgnfly,500000,0.0,9.0,1.4898,0.01874,0.00682,-0.1036
drgnfly,500000,0.0,9.5,1.5085,0.01918,0.00652,-0.0978
drgnfly,500000,0.0,10.0,1.5581,0.01918,0.00611,-0.0976
drgnfly,500000,0.0,10.5,1.6252,0.01922,0.00581,-0.1007
drgnfly,500000,0.0,11.0,1.5467,0.02268,0.00636,-0.0822
drgnfly,500000,0.0,11.5,1.5894,0.02294,0.00591,-0.0815
drgnfly,500000,0.0,12.0,1.6209,0.02339,0.0051,-0.0797
drgnfly,500000,0.0,12.5,1.6079,0.02642,0.00518,-0.0746
drgnfly,500000,0.0,13.0,1.5642,0.03297,0.00785,-0.0683
drgnfly,500000,0.0,13.5,1.5453,0.0383,0.01023,-0.0642
drgnfly,500000,0.0,14.0,1.5412,0.04273,0.01225,-0.0614
drgnfly,500000,0.0,14.5,1.5429,0.04674,0.01399,-0.059
drgnfly,500000,0.0,15.0,1.5276,0.05254,0.01725,-0.056
drgnfly,1000000,0.0,-5.0,0.0572,0.01348,0.00416,-0.1042
drgnfly,1000000,0.0,-4.5,0.108,0.01297,0.00369,-0.1035
drgnfly,1000000,0.0,-4.0,0.1582,0.01246,0.0032,-0.1027
drgnfly,1000000,0.0,-3.5,0.2095,0.01221,0.00287,-0.1021
drgnfly,1000000,0.0,-3.0,0.2557,0.01138,0.00237,-0.1006
drgnfly,1000000,0.0,-2.5,0.3067,0.01102,0.00212,-0.0999
drgnfly,1000000,0.0,-2.0,0.3591,0.01076,0.00192,-0.0995
drgnfly,1000000,0.0,-1.5,0.4109,0.01048,0.00171,-0.099
drgnfly,1000000,0.0,-1.0,0.4638,0.0103,0.00158,-0.0987
drgnfly,1000000,0.0,-0.5,0.5111,0.00974,0.00144,-0.0976
drgnfly,1000000,0.0,0.0,0.5487,0.00872,0.00137,-0.0948
drgnfly,1000000,0.0,0.5,0.5931,0.00853,0.00146,-0.093
drgnfly,1000000,0.0,1.0,0.6348,0.00819,0.00148,-0.0903
drgnfly,1000000,0.0,1.5,0.7643,0.00821,0.00194,-0.1064
drgnfly,1000000,0.0,2.0,0.847,0.00851,0.00209,-0.1126
drgnfly,1000000,0.0,2.5,0.9205,0.00867,0.00215,-0.1171
drgnfly,1000000,0.0,3.0,0.9966,0.00881,0.00218,-0.1222
drgnfly,1000000,0.0,3.5,1.066,0.00899,0.0022,-0.1259
drgnfly,1000000,0.0,4.0,1.1423,0.00912,0.0022,-0.1312
drgnfly,1000000,0.0,4.5,1.2155,0.00939,0.00229,-0.136
drgnfly,1000000,0.0,5.0,1.2656,0.00948,0.00234,-0.1358
drgnfly,1000000,0.0,5.5,1.3098,0.00963,0.0024,-0.1343
drgnfly,1000000,0.0,6.0,1.354,0.00978,0.00242,-0.1328
drgnfly,1000000,0.0,6.5,1.3984,0.00995,0.00242,-0.1314
drgnfly,1000000,0.0,7.0,1.4421,0.01012,0.00239,-0.1298
drgnfly,1000000,0.0,7.5,1.486,0.01039,0.00237,-0.1284
drgnfly,1000000,0.0,8.0,1.529,0.01074,0.00241,-0.1269
drgnfly,1000000,0.0,8.5,1.5665,0.01097,0.0024,-0.1243
drgnfly,1000000,0.0,9.0,1.6035,0.01122,0.00234,-0.1216
drgnfly,1000000,0.0,9.5,1.6394,0.01146,0.00221,-0.1187
drgnfly,1000000,0.0,10.0,1.6675,0.0117,0.00189,-0.1142
drgnfly,1000000,0.0,10.5,1.6803,0.01201,0.00144,-0.1069
drgnfly,1000000,0.0,11.0,1.6874,0.01261,0.00078,-0.0994
drgnfly,1000000,0.0,11.5,1.6907,0.0142,0.00063,-0.093
drgnfly,1000000,0.0,12.0,1.6897,0.01708,0.00119,-0.088
drgnfly,1000000,0.0,12.5,1.6747,0.02158,0.00264,-0.0829
drgnfly,1000000,0.0,13.0,1.6377,0.02772,0.00509,-0.0762
drgnfly,1000000,0.0,13.5,1.6026,0.03405,0.00801,-0.0702
drgnfly,1000000,0.0,14.0,1.5639,0.04119,0.01178,-0.0648
drgnfly,1000000,0.0,14.5,1.528,0.04856,0.01607,-0.0601
drgnfly,1000000,0.0,15.0,1.491,0.05637,0.02103,-0.0559
s3021,50000,0.0,-4.5,-0.3841,0.06664,0.05163,0.0026
s3021,50000,0.0,-4.0,-0.397,0.06248,0.04836,0.01
s3021,50000,0.0,-3.5,-0.3012,0.04054,0.02026,-0.0334
s3021,50000,0.0,-3.0,-0.2617,0.03515,0.01565,-0.0327
s3021,50000,0.0,-2.5,-0.2145,0.0307,0.0114,-0.0321
s3021,50000,0.0,-2.0,-0.1681,0.02792,0.00873,-0.0308
s3021,50000,0.0,-1.5,-0.123,0.02626,0.00727,-0.0292
s3021,50000,0.0,-1.0,-0.0745,0.02485,0.00638,-0.0286
s3021,50000,0.0,-0.5,0.0081,0.02242,0.00695,-0.0339
s3021,50000,0.0,0.0,0.0885,0.0241,0.00839,-0.0411
s3021,50000,0.0,0.5,0.1686,0.02576,0.00993,-0.0479
s3021,50000,0.0,1.0,0.243,0.02732,0.01142,-0.0533
s3021,50000,0.0,1.5,0.3114,0.02893,0.01289,-0.0573
s3021,50000,0.0,2.0,0.389,0.03039,0.01424,-0.0622
s3021,50000,0.0,2.5,0.4721,0.03156,0.01539,-0.0672
s3021,50000,0.0,3.0,0.516,0.03302,0.01685,-0.0661
s3021,50000,0.0,3.5,0.5658,0.03472,0.01837,-0.0659
s3021,50000,0.0,4.0,0.6476,0.0351,0.01853,-0.0677
s3021,50000,0.0,4.5,0.7058,0.03567,0.01914,-0.0666
s3021,50000,0.0,5.0,0.7444,0.03715,0.02038,-0.0636
s3021,50000,0.0,5.5,0.7954,0.03811,0.02097,-0.0612
s3021,50000,0.0,6.0,0.8779,0.03608,0.0184,-0.0586
s3021,50000,0.0,6.5,0.929,0.0358,0.01796,-0.0549
s3021,50000,0.0,7.0,0.9751,0.03604,0.01776,-0.051
s3021,50000,0.0,7.5,1.0372,0.03126,0.0115,-0.0443
s3021,50000,0.0,8.0,1.0783,0.03151,0.01053,-0.04
s3021,50000,0.0,8.5,1.1107,0.03165,0.00858,-0.035
s3021,50000,0.0,9.0,1.1093,0.03296,0.00811,-0.0279
s3021,50000,0.0,9.5,1.0839,0.03744,0.01005,-0.0205
s3021,50000,0.0,10.0,1.0592,0.04491,0.01472,-0.0152
s3021,50000,0.0,10.5,1.0672,0.05122,0.01818,-0.0113
s3021,50000,0.0,11.0,1.0966,0.05753,0.02221,-0.008
s3021,50000,0.0,11.5,1.098,0.06559,0.02891,-0.0065
s3021,50000,0.0,12.0,1.076,0.07531,0.03817,-0.0073
s3021,50000,0.0,12.5,1.0371,0.0876,0.05098,-0.012
s3021,50000,0.0,13.0,0.9877,0.1037,0.06884,-0.0212
s3021,50000,0.0,13.5,0.939,0.12346,0.09171,-0.0331
s3021,50000,0.0,14.0,0.9096,0.14203,0.11344,-0.0428
s3021,50000,0.0,14.5,0.8975,0.15723,0.13104,-0.0492
s3021,50000,0.0,15.0,0.896,0.17094,0.14857,-0.0552
s3021,100000,0.0,-5.0,-0.4042,0.06021,0.04558,-0.0268
s3021,100000,0.0,-4.5,-0.3779,0.05587,0.04058,-0.028
s3021,100000,0.0,-4.0,-0.3087,0.0476,0.03363,-0.0378
s3021,100000,0.0,-3.5,-0.0054,0.0,-0.00026,-0.0076
s3021,100000,0.0,-3.0,0.0063,0.0,-0.0032,-0.0075
s3021,100000,0.0,-2.5,-0.0044,0.0,-0.00254,-0.0071
s3021,100000,0.0,-2.0,-0.0169,0.0,-0.00208,-0.0068
s3021,100000,0.0,-1.5,-0.0045,0.0,-0.00393,-0.0061
s3021,100000,0.0,-1.0,-0.0157,0.0,-0.00359,-0.006
s3021,100000,0.0,-0.5,-0.0228,0.0,-0.00369,-0.0058
s3021,100000,0.0,0.0,-0.0172,0.0,-0.00483,-0.0054
s3021,100000,0.0,0.5,-0.0231,0.0,-0.00427,-0.0048
s3021,100000,0.0,2.0,-0.0189,0.0,-0.00333,-0.0007
s3021,100000,0.0,2.5,-0.0187,0.0,-0.0035,-0.0003
s3021,100000,0.0,3.0,-0.0159,0.0,-0.00348,-0.0002
s3021,100000,0.0,3.5,-0.0203,0.0,-0.00322,-0.0003
s3021,100000,0.0,4.0,-0.0112,0.0,-0.00262,0.0
s3021,100000,0.0,4.5,-0.0044,0.0,-0.00272,0.0004
s3021,100000,0.0,5.0,-0.0088,0.0,-0.00227,0.0003
s3021,100000,0.0,5.5,-0.0063,0.0,-0.00207,0.0004
s3021,100000,0.0,6.0,-0.0047,0.0,-0.0018,0.0003
s3021,100000,0.0,7.0,-0.0025,0.0,-0.00075,0.0
s3021,200000,0.0,-5.0,-0.2734,0.04231,0.02871,-0.0587
s3021,200000,0.0,-4.5,-0.1932,0.04074,0.02284,-0.0642
s3021,200000,0.0,-4.0,-0.14,0.03071,0.01775,-0.0695
s3021,200000,0.0,-3.5,-0.0781,0.02601,0.01351,-0.0719
s3021,200000,0.0,-3.0,-0.0042,0.01617,0.00239,-0.0685
s3021,200000,0.0,-2.5,0.0487,0.01388,0.00062,-0.0664
s3021,200000,0.0,-2.0,0.1012,0.01284,-0.0001,-0.0647
s3021,200000,0.0,-1.5,0.1549,0.0123,-0.00043,-0.0633
s3021,200000,0.0,-1.0,0.2036,0.01121,-0.00038,-0.062
s3021,200000,0.0,-0.5,0.2472,0.00931,2e-05,-0.0585
s3021,200000,0.0,0.0,0.3553,0.00921,0.00014,-0.069
s3021,200000,0.0,0.5,0.4045,0.00952,0.00018,-0.0674
s3021,200000,0.0,1.0,0.4529,0.00963,0.00032,-0.0658
s3021,200000,0.0,1.5,0.5026,0.00994,0.00037,-0.0643
s3021,200000,0.0,2.0,0.5515,0.01011,0.0005,-0.0629
s3021,200000,0.0,2.5,0.6014,0.01037,0.00051,-0.0615
s3021,200000,0.0,3.0,0.651,0.0106,0.00061,-0.0601
s3021,200000,0.0,3.5,0.7009,0.01085,0.00054,-0.0587
s3021,200000,0.0,4.0,0.7499,0.01094,0.00035,-0.0571
s3021,200000,0.0,4.5,0.7905,0.01112,-0.00054,-0.0536
s3021,200000,0.0,5.0,0.8358,0.01174,-0.00064,-0.0518
s3021,200000,0.0,5.5,0.8802,0.01252,-0.00066,-0.05
s3021,200000,0.0,6.0,0.9211,0.01368,-0.0006,-0.0479
s3021,200000,0.0,6.5,0.9578,0.01537,-0.0004,-0.0455
s3021,200000,0.0,7.0,0.983,0.01834,0.00061,-0.0417
s3021,200000,0.0,7.5,1.0243,0.01965,0.00064,-0.0393
s3021,200000,0.0,8.0,1.0646,0.02095,0.0009,-0.037
s3021,200000,0.0,8.5,1.0966,0.02291,0.00148,-0.0335
s3021,200000,0.0,9.0,1.1174,0.02546,0.00249,-0.0288
s3021,200000,0.0,9.5,1.1291,0.02838,0.00382,-0.0232
s3021,200000,0.0,10.0,1.1429,0.03195,0.00559,-0.0185
s3021,200000,0.0,10.5,1.1646,0.03699,0.00826,-0.0145
s3021,200000,0.0,11.0,1.1763,0.04421,0.01302,-0.0106
s3021,200000,0.0,11.5,1.1632,0.05225,0.01926,-0.0071
s3021,200000,0.0,12.0,1.1344,0.06129,0.02706,-0.0059
s3021,200000,0.0,12.5,1.0976,0.07188,0.03697,-0.008
s3021,200000,0.0,13.0,1.0579,0.08419,0.04931,-0.0133
s3021,200000,0.0,13.5,1.0186,0.0983,0.06448,-0.0215
s3021,200000,0.0,14.0,0.9806,0.11509,0.08368,-0.0325
s3021,200000,0.0,14.5,0.9417,0.13605,0.10915,-0.0457
s3021,500000,0.0,-5.0,-0.2084,0.02993,0.01758,-0.0698
s3021,500000,0.0,-4.5,-0.153,0.03024,0.01449,-0.0682
s3021,500000,0.0,-4.0,-0.1209,0.02177,0.00948,-0.0671
s3021,500000,0.0,-3.5,-0.0698,0.02107,0.00772,-0.0656
s3021,500000,0.0,-2.0,0.0879,0.01003,-0.00134,-0.0588
s3021,500000,0.0,-1.5,0.1415,0.00926,-0.00176,-0.0577
s3021,500000,0.0,-1.0,0.1966,0.00902,-0.00179,-0.057
s3021,500000,0.0,-0.5,0.2511,0.00901,-0.00169,-0.0565
s3021,500000,0.0,0.0,0.3026,0.00801,-0.00159,-0.0561
s3021,500000,0.0,0.5,0.4007,0.00625,-0.0013,-0.065
s3021,500000,0.0,1.0,0.4516,0.00634,-0.00123,-0.064
s3021,500000,0.0,1.5,0.5022,0.00647,-0.00119,-0.0629
s3021,500000,0.0,2.0,0.5522,0.00669,-0.00114,-0.0617
s3021,500000,0.0,2.5,0.6034,0.0068,-0.00112,-0.0607
s3021,500000,0.0,3.0,0.6527,0.00709,-0.0011,-0.0595
s3021,500000,0.0,3.5,0.7038,0.00724,-0.0011,-0.0585
s3021,500000,0.0,4.0,0.7391,0.00854,-0.00121,-0.055
s3021,500000,0.0,4.5,0.7807,0.00973,-0.00093,-0.053
s3021,500000,0.0,5.0,0.821,0.01116,-0.00048,-0.0508
s3021,500000,0.0,5.5,0.8597,0.01284,0.00013,-0.0484
s3021,500000,0.0,6.0,0.9088,0.01339,6e-05,-0.0474
s3021,500000,0.0,6.5,0.957,0.01403,-3e-05,-0.0462
s3021,500000,0.0,7.0,1.0043,0.01477,-0.00012,-0.0448
s3021,500000,0.0,7.5,1.0491,0.01579,-0.00019,-0.043
s3021,500000,0.0,8.0,1.0897,0.01716,-0.0,-0.0405
s3021,500000,0.0,8.5,1.1181,0.01954,0.00063,-0.0361
s3021,500000,0.0,9.0,1.1239,0.02475,0.00264,-0.0287
s3021,1000000,0.0,-5.0,-0.2228,0.0202,0.00801,-0.0643
s3021,1000000,0.0,-4.5,-0.1762,0.01807,0.00615,-0.0633
s3021,1000000,0.0,-4.0,-0.1268,0.01633,0.00446,-0.0623
s3021,1000000,0.0,-3.5,-0.0752,0.01397,0.00224,-0.0612
s3021,1000000,0.0,-3.0,-0.0237,0.01225,0.00101,-0.0605
s3021,1000000,0.0,-2.5,0.0283,0.01168,0.00086,-0.0606
s3021,1000000,0.0,-2.0,0.0805,0.01116,0.00066,-0.0604
s3021,1000000,0.0,-1.5,0.138,0.00789,-0.00213,-0.0566
s3021,1000000,0.0,-1.0,0.1929,0.00766,-0.00219,-0.056
s3021,1000000,0.0,-0.5,0.2488,0.00754,-0.00209,-0.0558
s3021,1000000,0.0,0.0,0.3046,0.00747,-0.00195,-0.0556
s3021,1000000,0.0,0.5,0.3514,0.00597,-0.00185,-0.0547
s3021,1000000,0.0,1.0,0.4365,0.00499,-0.00161,-0.0606
s3021,1000000,0.0,1.5,0.5069,0.00513,-0.00159,-0.0639
s3021,1000000,0.0,2.0,0.5577,0.00527,-0.00154,-0.0629
s3021,1000000,0.0,2.5,0.6085,0.00544,-0.00152,-0.0619
s3021,1000000,0.0,3.0,0.6587,0.00566,-0.00149,-0.0609
s3021,1000000,0.0,3.5,0.7085,0.00593,-0.00147,-0.0597
s3021,1000000,0.0,4.0,0.7334,0.00854,-0.00082,-0.055
s3021,1000000,0.0,4.5,0.7712,0.01014,-0.00018,-0.0521
s3021,1000000,0.0,5.0,0.8217,0.01047,-0.00017,-0.0513
s3021,1000000,0.0,5.5,0.8718,0.01091,-0.00027,-0.0503
s3021,1000000,0.0,6.0,0.9218,0.01138,-0.0004,-0.0494
s3021,1000000,0.0,6.5,0.9713,0.01195,-0.00055,-0.0483
s3021,1000000,0.0,7.0,1.019,0.01269,-0.00064,-0.047
s3021,1000000,0.0,7.5,1.0635,0.01389,-0.00092,-0.0446
